firm_name,discovery_source,firm_type,type_evidence,category,proof_exists,proof_function_source,proof_function_quote,proof_type_quote,entity_coherent,counts_toward_500,is_commercial,website,hq_location,corporate_linkedin,signal_date,signal_type,reachability_score,record_status,rejection_reason,aum,aum__source,aum__method,aum__confidence,aum__epistemic,aum__asof,aum__status,aum__route,aum__quarantined_value,aum__quarantined_reason,investing_thesis,investing_thesis__source,investing_thesis__method,investing_thesis__confidence,investing_thesis__epistemic,investing_thesis__asof,investing_thesis__status,investing_thesis__route,investing_thesis__quarantined_value,investing_thesis__quarantined_reason,mandate,mandate__source,mandate__method,mandate__confidence,mandate__epistemic,mandate__asof,mandate__status,mandate__route,mandate__quarantined_value,mandate__quarantined_reason,background,background__source,background__method,background__confidence,background__epistemic,background__asof,background__status,background__route,background__quarantined_value,background__quarantined_reason,principal_name,principal_name__source,principal_name__method,principal_name__confidence,principal_name__epistemic,principal_name__asof,principal_name__status,principal_name__route,principal_name__quarantined_value,principal_name__quarantined_reason,principal_title,principal_title__source,principal_title__method,principal_title__confidence,principal_title__epistemic,principal_title__asof,principal_title__status,principal_title__route,principal_title__quarantined_value,principal_title__quarantined_reason,principal_linkedin,principal_linkedin__source,principal_linkedin__method,principal_linkedin__confidence,principal_linkedin__epistemic,principal_linkedin__asof,principal_linkedin__status,principal_linkedin__route,principal_linkedin__quarantined_value,principal_linkedin__quarantined_reason,principal_email,principal_email__source,principal_email__method,principal_email__confidence,principal_email__epistemic,principal_email__asof,principal_email__status,principal_email__route,principal_email__quarantined_value,principal_email__quarantined_reason,principal_phone,principal_phone__source,principal_phone__method,principal_phone__confidence,principal_phone__epistemic,principal_phone__asof,principal_phone__status,principal_phone__route,principal_phone__quarantined_value,principal_phone__quarantined_reason,recent_signal,recent_signal__source,recent_signal__method,recent_signal__confidence,recent_signal__epistemic,recent_signal__asof,recent_signal__status,recent_signal__route,recent_signal__quarantined_value,recent_signal__quarantined_reason
"EMFO, LLC",SEC EDGAR full-text search,Unconfirmed,FO-function not proven from the firm's own site/filing/exemption (name / 13F / press / registry do not prove function),Unresolved-Quarantine,,,,,True,,,,"2700 S COMMERCE PARKWAY, SUITE 100, WESTON, FL, 33331",,,,25,Rejected,Unresolved-Quarantine: does not count (FO-function not proven from the firm's own site/filing/exemption (name / 13F / press / registry do not prove function)),$111.71B (13F portfolio value),https://www.sec.gov/Archives/edgar/data/1859434/000185943424000006/primary_doc.xml,"13F tableValueTotal — US-listed equities only, not full AUM",High,fact,2024-07-26,inferred,,,,,,,,,,unresolved,,,,,,,,,,unresolved,,,,,,,,,,unresolved,,,,,,,,,,unresolved,,,,Managing Partner/CCO,https://www.sec.gov/Archives/edgar/data/1859434/000185943424000006/primary_doc.xml,13F signature block,High,fact,2024-07-26,verified,,,,,,,,,,unresolved,,,,,,,,,,unresolved,,,,9543859624,SEC EDGAR submissions CIK 0001859434,official SEC filing (business phone),High,fact,2024-08-05,verified,firm-level,,,,,,,,,unresolved,,,
CHEVRON CORP,SEC EDGAR full-text search,Unconfirmed,FO-function not proven from the firm's own site/filing/exemption (name / 13F / press / registry do not prove function),Unresolved-Quarantine,,,,,True,,,https://www.chevron.com,"1400 SMITH STREET, HOUSTON, TX, 77002",,"Wed, 22 Jul 2026",news,50,Rejected,Unresolved-Quarantine: does not count (FO-function not proven from the firm's own site/filing/exemption (name / 13F / press / registry do not prove function)),,,,,,,unresolved,,,,,,,,,,unresolved,,,,,,,,,,unresolved,,,,SEC-registered filer; industry: Petroleum Refining.,SEC EDGAR submissions CIK 0000093410,SEC entity record,High,fact,2026-06-24,verified,,,,,,,,,,unresolved,,,,Assistant Secretary,https://www.sec.gov/Archives/edgar/data/93410/000095014226001418/primary_doc.xml,13F signature block,High,fact,2026-05-15,verified,,,,,,,,,,unresolved,,,,,,,,,,unresolved,,,,832-854-1000,SEC EDGAR submissions CIK 0000093410,official SEC filing (business phone),High,fact,2026-06-24,verified,firm-level,,,Chevron Seeks $224 Million From Ecuador in Amazon Pollution Fight - Bloomberg.com,https://news.google.com/rss/articles/CBMivwFBVV95cUxNcDY4eWFNUm8zbGhnMGRuNFBMQ0hHVTZld2l0eWp6ODIzVm93dXo4RGJzTGNWU2o1YU9HOEQyMGQyOVZJVWE1UGdHX0tYNlhSaDJaczVHZWZCOC1OVkN3QlVMbWd4Y0RYUTVyalhndzUyeHIzVWUwSzZ1QjMwNENCM2FfcFFGZXlZU0Rqd0ZhR0hoaUNEMmR4MDV2WmZqNXluWGZfM1VHd0E4ZjdJQ0h6RHV6eG9Dc2J2QmpQbTF4QQ?oc=5,targeted news query,Low,inference,"Wed, 22 Jul 2026",inferred,,,
Jeffrey Management Co,SEC EDGAR full-text search,Unconfirmed,FO-function not proven from the firm's own site/filing/exemption (name / 13F / press / registry do not prove function),Unresolved-Quarantine,,,,,True,,,,"140 EAST TOWN STREET, SUITE 1400, COLUMBUS, OH, 43215",,,,25,Rejected,Unresolved-Quarantine: does not count (FO-function not proven from the firm's own site/filing/exemption (name / 13F / press / registry do not prove function)),,,,,,,unresolved,,,,,,,,,,unresolved,,,,,,,,,,unresolved,,,,,,,,,,unresolved,,,,,,,,,,unresolved,,,,,,,,,,unresolved,,,,,,,,,,unresolved,,,,,,,,,,unresolved,,,,614 221-6115,SEC EDGAR submissions CIK 0001994532,official SEC filing (business phone),High,fact,2024-06-26,verified,firm-level,,,,,,,,,unresolved,,,
Benjamin Partners LLC,SEC EDGAR full-text search,Unconfirmed,FO-function not proven from the firm's own site/filing/exemption (name / 13F / press / registry do not prove function),Unresolved-Quarantine,,,,,True,,,,"589 BROADWAY, NEW YORK, NY, 10012",,,,25,Rejected,Unresolved-Quarantine: does not count (FO-function not proven from the firm's own site/filing/exemption (name / 13F / press / registry do not prove function)),,,,,,,unresolved,,,,,,,,,,unresolved,,,,,,,,,,unresolved,,,,,,,,,,unresolved,,,,,,,,,,unresolved,,,,,,,,,,unresolved,,,,,,,,,,unresolved,,,,,,,,,,unresolved,,,,212-334-8700,SEC EDGAR submissions CIK 0002010331,official SEC filing (business phone),High,fact,2026-07-14,verified,firm-level,,,,,,,,,unresolved,,,
EUROPEAN FAMILY OFFICE INSTITUTE LLC.,SEC EDGAR full-text search,Unconfirmed,FO-function not proven from the firm's own site/filing/exemption (name / 13F / press / registry do not prove function),Unresolved-Quarantine,,,,,True,,,,"2299 NW 4TH AVE, BOCA RATON, FL, 33431",,,,25,Rejected,Unresolved-Quarantine: does not count (FO-function not proven from the firm's own site/filing/exemption (name / 13F / press / registry do not prove function)),,,,,,,unresolved,,,,,,,,,,unresolved,,,,,,,,,,unresolved,,,,,,,,,,unresolved,,,,,,,,,,unresolved,,,,,,,,,,unresolved,,,,,,,,,,unresolved,,,,,,,,,,unresolved,,,,561-715-1231,SEC EDGAR submissions CIK 0001690834,official SEC filing (business phone),High,fact,2026-04-01,verified,firm-level,,,,,,,,,unresolved,,,
Immunome Inc.,SEC EDGAR full-text search,Unconfirmed,FO-function not proven from the firm's own site/filing/exemption (name / 13F / press / registry do not prove function),Unresolved-Quarantine,,,,,True,,,,"18702 N. CREEK PARKWAY, SUITE 100, BOTHELL, WA, 98011",,"Tue, 21 Jul 2026",news,50,Rejected,Unresolved-Quarantine: does not count (FO-function not proven from the firm's own site/filing/exemption (name / 13F / press / registry do not prove function)),,,,,,,unresolved,,,,,,,,,,unresolved,,,,,,,,,,unresolved,,,,SEC-registered filer; industry: Pharmaceutical Preparations.,SEC EDGAR submissions CIK 0001472012,SEC entity record,High,fact,2026-07-09,verified,,,,,,,,,,unresolved,,,,,,,,,,unresolved,,,,,,,,,,unresolved,,,,,,,,,,unresolved,,,,610-321-3700,SEC EDGAR submissions CIK 0001472012,official SEC filing (business phone),High,fact,2026-07-09,verified,firm-level,,,"Immunome, Inc. (IMNM) stock price, news, quote and history - Yahoo Finance Australia",https://news.google.com/rss/articles/CBMiUkFVX3lxTE9mSkFUNTBBN0NRMTNNMGZfYXd6TjUwTWo3bElJNXA0OU1YWGV5amZ4OHRoMllMek1GTnlydHNLdTl4V0tETm9UcjdDWVJoX25xdVE?oc=5,targeted news query,Low,inference,"Tue, 21 Jul 2026",inferred,,,
Longboat Family Office LP,SEC EDGAR full-text search,Unconfirmed,FO-function not proven from the firm's own site/filing/exemption (name / 13F / press / registry do not prove function),Unresolved-Quarantine,,,,,True,,,https://longboatfamilyoffice.com,"500 MAMARONECK AVENUE, SUITE 213, HARRISON, NY, 10528",,,,25,Rejected,Unresolved-Quarantine: does not count (FO-function not proven from the firm's own site/filing/exemption (name / 13F / press / registry do not prove function)),,,,,,,unresolved,,,,,,,,,,unresolved,,,,,,,,,,unresolved,,,,,,,,,,unresolved,,,,,,,,,,unresolved,,,,,,,,,,unresolved,,,,,,,,,,unresolved,,,,,,,,,,unresolved,,,,212-798-1362,SEC EDGAR submissions CIK 0001878856,official SEC filing (business phone),High,fact,2021-08-23,verified,firm-level,,,,,,,,,unresolved,,,
"Apollo Global Management, Inc.",SEC EDGAR full-text search,Unconfirmed,FO-function not proven from the firm's own site/filing/exemption (name / 13F / press / registry do not prove function),Unresolved-Quarantine,,,,,True,,,,"9 WEST 57TH STREET, 42ND FLOOR, new York, NY, 10019",,"Mon, 27 Jul 2026",investment,50,Rejected,Unresolved-Quarantine: does not count (FO-function not proven from the firm's own site/filing/exemption (name / 13F / press / registry do not prove function)),,,,,,,unresolved,,,,,,,,,,unresolved,,,,,,,,,,unresolved,,,,SEC-registered filer; industry: Investment Advice.,SEC EDGAR submissions CIK 0001411494,SEC entity record,High,fact,2026-04-10,verified,,,,,,,,,,unresolved,,,,,,,,,,unresolved,,,,,,,,,,unresolved,,,,,,,,,,unresolved,,,,212-515-3200,SEC EDGAR submissions CIK 0001411494,official SEC filing (business phone),High,fact,2026-04-10,verified,firm-level,,,Apollo Global Management Inc. $APO Stake Lessened by PNC Financial Services Group Inc. - MarketBeat,https://news.google.com/rss/articles/CBMi3AFBVV95cUxNM1dLUmJuWTZ0cVdoTDg1dk5rMnpRUjF3MTRWckQtR0lyZVJRMWt1VDhxaFBLbkp2NFl2TWFpYUF6NkNKRHBwOVdjR29VNXZReU5ZNFAxMS1NYi1EY3BfZ3BmaG9sWXdSaWtZZnZPYnd5TG9ZZGwzZlNEcUdobGgtdHI4bnJXdElvcVhqRzRKOGpOcjYybkNTOHNGcDV3dkI5R1hNTFJWNF8yS0lFWlJsb2pZREpiTGdNblBNZXRHajg2WF9QTjNNTjZTdktmQ1VjWlZoRXhUbWRKSE1x?oc=5,targeted news query,Low,inference,"Mon, 27 Jul 2026",inferred,,,
SEI INVESTMENTS CO,SEC EDGAR full-text search,Unconfirmed,FO-function not proven from the firm's own site/filing/exemption (name / 13F / press / registry do not prove function),Unresolved-Quarantine,,,,,True,,,http://www.seic.com,"1 FREEDOM VALLEY DRIVE, OAKS, PA, 19456-1100",https://www.linkedin.com/company/sei,"Mon, 27 Jul 2026",investment,60,Rejected,Unresolved-Quarantine: does not count (FO-function not proven from the firm's own site/filing/exemption (name / 13F / press / registry do not prove function)),$108.45B (13F portfolio value),https://www.sec.gov/Archives/edgar/data/350894/000204825126003739/primary_doc.xml,"13F tableValueTotal — US-listed equities only, not full AUM",High,fact,2026-05-13,inferred,,,,,,,,,,unresolved,,,,,,,,,,unresolved,,,,We deliver technology and investment solutions that connect the financial services industry.,http://www.seic.com,site homepage / meta description,Medium,fact,,verified,,,,,,,,,,unresolved,,,,Executive Vice President,https://www.sec.gov/Archives/edgar/data/350894/000204825126003739/primary_doc.xml,13F signature block,High,fact,2026-05-13,verified,,,,,,,,,,unresolved,,,,,,,,,,unresolved,,,,6106761000,SEC EDGAR submissions CIK 0000350894,official SEC filing (business phone),High,fact,2026-07-27,verified,firm-level,,,"Sei Investments Co. Acquires 164,517 Shares of Fortinet, Inc. $FTNT - MarketBeat",https://news.google.com/rss/articles/CBMiwAFBVV95cUxPNjRhRExRamN6WFhlY2pteUhfekRET0dZSmhfRTV4dFpFbXhrSUZROS1pR2ZiOXAwUTJybUw3X2xXbm9MQXBFQVc2NG43RlRZMGliS2JJc3Itd0l3OE5YTzh6MFU0cnMyMWhkdE9BeU5salpOSTZTcTk0RmJEQnk0X05FNXBYTlVZZU5ZTFFHakVJTExDSGFxcVppWlluNTBneVBwblRoOG5HQnVhRFZqZ1BZb3F4SFo4UUJNS0RvYXg?oc=5,targeted news query,Low,inference,"Mon, 27 Jul 2026",inferred,,,
James Alpha Funds Trust,SEC EDGAR full-text search,Unconfirmed,FO-function not proven from the firm's own site/filing/exemption (name / 13F / press / registry do not prove function),Unresolved-Quarantine,,,,,True,,,,"515 MADISON AVENUE, NEW YORK, NY, 10022",,,,25,Rejected,Unresolved-Quarantine: does not count (FO-function not proven from the firm's own site/filing/exemption (name / 13F / press / registry do not prove function)),,,,,,,unresolved,,,,,,,,,,unresolved,,,,,,,,,,unresolved,,,,,,,,,,unresolved,,,,,,,,,,unresolved,,,,,,,,,,unresolved,,,,,,,,,,unresolved,,,,,,,,,,unresolved,,,,888-814-8180,SEC EDGAR submissions CIK 0001829774,official SEC filing (business phone),High,fact,2026-07-20,verified,firm-level,,,,,,,,,unresolved,,,
DAKTRONICS INC /SD/,SEC EDGAR full-text search,Unconfirmed,FO-function not proven from the firm's own site/filing/exemption (name / 13F / press / registry do not prove function),Unresolved-Quarantine,,,,,True,,,,"PO BOX 5128, 201 DAKTRONICS DRIVE, BROOKINGS, SD, 57006",,"Fri, 17 Jul 2026",news,50,Rejected,Unresolved-Quarantine: does not count (FO-function not proven from the firm's own site/filing/exemption (name / 13F / press / registry do not prove function)),,,,,,,unresolved,,,,,,,,,,unresolved,,,,,,,,,,unresolved,,,,SEC-registered filer; industry: Miscellaneous Manufacturing Industries.,SEC EDGAR submissions CIK 0000915779,SEC entity record,High,fact,2026-07-21,verified,,,,,,,,,,unresolved,,,,,,,,,,unresolved,,,,,,,,,,unresolved,,,,,,,,,,unresolved,,,,6056974000,SEC EDGAR submissions CIK 0000915779,official SEC filing (business phone),High,fact,2026-07-21,verified,firm-level,,,"DAKTRONICS INC /SD/ SEC Filing (Jul 17, 2026) - Stock Titan",https://news.google.com/rss/articles/CBMimgFBVV95cUxNNm16NzZiZy16bmpuV0o3bEdMcjA0RWVKS2xQVGU2RmlKbWl0VWJCNnZBVmtBRllXLXU4bEhWeFRvQnpCcU9aSGx1Z2F1a3BuaXZyaC1uWksydWEta2NoNlVCc2VZd3pvcXRKLU5NRzlvTEZoTlVCX092UHpZU1pfT0V0R2M3Y3JLVDM4VXlrLUprZE16VGFQdWF3?oc=5,targeted news query,Low,inference,"Fri, 17 Jul 2026",inferred,,,
Duquesne Family Office LLC,SEC EDGAR full-text search,Unconfirmed,FO-function not proven from the firm's own site/filing/exemption (name / 13F / press / registry do not prove function),Unresolved-Quarantine,,,,,True,,,,"40 WEST 57TH STREET, 25TH FLOOR, NEW YORK, NY, 10019",,"Fri, 29 May 2026",investment,50,Rejected,Unresolved-Quarantine: does not count (FO-function not proven from the firm's own site/filing/exemption (name / 13F / press / registry do not prove function)),$3.38B (13F portfolio value),https://www.sec.gov/Archives/edgar/data/1536411/000153641126000004/primary_doc.xml,"13F tableValueTotal — US-listed equities only, not full AUM",High,fact,2026-05-15,inferred,,,,,,,,,,unresolved,,,,,,,,,,unresolved,,,,,,,,,,unresolved,,,,,,,,,,unresolved,,,,General Counsel,https://www.sec.gov/Archives/edgar/data/1536411/000153641126000004/primary_doc.xml,13F signature block,High,fact,2026-05-15,verified,,,,,,,,,,unresolved,,,,,,,,,,unresolved,,,,(212) 830-6500,SEC EDGAR submissions CIK 0001536411,official SEC filing (business phone),High,fact,2026-05-15,verified,firm-level,,,"Duquesne Family Office Ups Micron Technology Stake by 23,400 Shares - The Globe and Mail",https://news.google.com/rss/articles/CBMi4gFBVV95cUxNWlU5Z3dHWl9KNkFKSHhKdW1US0dmalZVNWdsb2lkV25kMjdYN2FKaFFyZlp5SzZGR3FWZmtCc1pGbUdwV3NMb201aFlTa29LcGdkUE5NZ3NtTk5mRXlDMXhXVUQ1Vm51R1hBMmxlcXN0eFJYWkVIbDR2ekppZi1nekNMNXlOTVBYQkhIRHcyNmh3a0FKRWpfNnVrN2QtUGVSc0FmSDctM0lVSkQ2MEVHN2NMNlItMWdsMWEyTzJqVlBLdU9jX1BDckFrQVpZY3lWb3V0ald1eG1MdmFGNTRCbVV3?oc=5,targeted news query,Low,inference,"Fri, 29 May 2026",inferred,,,
"MOBIX LABS, INC",SEC EDGAR full-text search,Unconfirmed,FO-function not proven from the firm's own site/filing/exemption (name / 13F / press / registry do not prove function),Unresolved-Quarantine,,,,,True,,,,"15420 LAGUNA CANYON RD, STE 100, IRVINE, CA, 92618",,"Mon, 27 Jul 2026",news,50,Rejected,Unresolved-Quarantine: does not count (FO-function not proven from the firm's own site/filing/exemption (name / 13F / press / registry do not prove function)),,,,,,,unresolved,,,,,,,,,,unresolved,,,,,,,,,,unresolved,,,,SEC-registered filer; industry: Semiconductors & Related Devices.,SEC EDGAR submissions CIK 0001855467,SEC entity record,High,fact,2026-07-20,verified,,,,,,,,,,unresolved,,,,,,,,,,unresolved,,,,,,,,,,unresolved,,,,,,,,,,unresolved,,,,(949) 808-8888,SEC EDGAR submissions CIK 0001855467,official SEC filing (business phone),High,fact,2026-07-20,verified,firm-level,,,"Mobix Labs to Become NSM Labs, Advancing a National Security Platform for America and Its Allies - Carroll County Mirror-Democrat",https://news.google.com/rss/articles/CBMitwFBVV95cUxNYXFpTHFUZkFsN0FNVWduQ2wtdHdFeGFjc1YyNjh5c1BRc0lHOVRDaXlaRC1YR2ZtNy1UTmc0aVFlbzI3TmlIVy1ZQllLSXBiRXZ3VDBRZ1lGamp1eTVoMjZTYVlMekFfMDRvRE10TnBiTlloRzFSTHR6cVFlYW1GbzdRMUlhS0xaSER1LTUxQ1RJdi02R0J4czVtQXZtT2pQamk1ZlVzajM5cTE3R1JhNTFZMkVBZE0?oc=5,targeted news query,Low,inference,"Mon, 27 Jul 2026",inferred,,,
Ma Jiong,SEC EDGAR full-text search,Unconfirmed,FO-function not proven from the firm's own site/filing/exemption (name / 13F / press / registry do not prove function),Unresolved-Quarantine,,,,,True,,,,,,,,25,Rejected,Unresolved-Quarantine: does not count (FO-function not proven from the firm's own site/filing/exemption (name / 13F / press / registry do not prove function)),,,,,,,unresolved,,,,,,,,,,unresolved,,,,,,,,,,unresolved,,,,,,,,,,unresolved,,,,,,,,,,unresolved,,,,,,,,,,unresolved,,,,,,,,,,unresolved,,,,,,,,,,unresolved,,,,212-745-1086,SEC EDGAR submissions CIK 0001854872,official SEC filing (business phone),High,fact,2026-05-20,verified,firm-level,,,,,,,,,unresolved,,,
New Fortress Energy LLC,SEC EDGAR full-text search,Unconfirmed,FO-function not proven from the firm's own site/filing/exemption (name / 13F / press / registry do not prove function),Unresolved-Quarantine,,,,,True,,,,"111 W. 19TH STREET, 8TH FLOOR, NEW YORK, NY, 10011",,"Wed, 25 Mar 2026",news,50,Rejected,Unresolved-Quarantine: does not count (FO-function not proven from the firm's own site/filing/exemption (name / 13F / press / registry do not prove function)),,,,,,,unresolved,,,,,,,,,,unresolved,,,,,,,,,,unresolved,,,,SEC-registered filer; industry: Natural Gas Distribution.,SEC EDGAR submissions CIK 0001749723,SEC entity record,High,fact,2026-07-09,verified,,,,,,,,,,unresolved,,,,,,,,,,unresolved,,,,,,,,,,unresolved,,,,,,,,,,unresolved,,,,(516) 268-7400,SEC EDGAR submissions CIK 0001749723,official SEC filing (business phone),High,fact,2026-07-09,verified,firm-level,,,"New Fortress Energy LLC (NASDAQ:NFE) Receives Consensus Rating of ""Hold"" from Brokerages - MarketBeat",https://news.google.com/rss/articles/CBMi0wFBVV95cUxPZGJTTWlGcXgtaEEzbDRaU2pEQ204dDNkVVJqd0xlY01JRmM5RkR4TlJrTS1ZUUU1U2Z5UUMxSHVLanhhVmM2SXZVbHVudE9pQ3VIcXJzbHFvQlhQelQtV3h2bmVvZlhOb0ItUUM3N3Vhd0p3cWkydVF0RkRMNGVNSUM1TGNOQTIyaEF5ellHbS1BQWZhc2NKUm1Jd0tzVUlQaWxLWEZMY1daMEZkUU16MVQxOGFuWW14a0JnRFR3dUZ6bjBXMXBTY3dsdGp0dExFTUhF?oc=5,targeted news query,Low,inference,"Wed, 25 Mar 2026",inferred,,,
"OCLARO, INC.",SEC EDGAR full-text search,Unconfirmed,FO-function not proven from the firm's own site/filing/exemption (name / 13F / press / registry do not prove function),Unresolved-Quarantine,,,,,True,,,,"225 CHARCOT AVENUE, SAN JOSE, CA, 95131",,,,25,Rejected,Unresolved-Quarantine: does not count (FO-function not proven from the firm's own site/filing/exemption (name / 13F / press / registry do not prove function)),,,,,,,unresolved,,,,,,,,,,unresolved,,,,,,,,,,unresolved,,,,SEC-registered filer; industry: Semiconductors & Related Devices.,SEC EDGAR submissions CIK 0001110647,SEC entity record,High,fact,2019-01-04,verified,,,,,,,,,,unresolved,,,,,,,,,,unresolved,,,,,,,,,,unresolved,,,,,,,,,,unresolved,,,,(408) 383-1400,SEC EDGAR submissions CIK 0001110647,official SEC filing (business phone),High,fact,2019-01-04,verified,firm-level,,,,,,,,,unresolved,,,
"Kopp Family Office, LLC",SEC EDGAR full-text search,Unconfirmed,FO-function not proven from the firm's own site/filing/exemption (name / 13F / press / registry do not prove function),Unresolved-Quarantine,,,,,True,,,,"701 CARLSON PARKWAY, SUITE 1030, MINNETONKA, MN, 55305",,,,25,Rejected,Unresolved-Quarantine: does not count (FO-function not proven from the firm's own site/filing/exemption (name / 13F / press / registry do not prove function)),$163.2M (13F portfolio value),https://www.sec.gov/Archives/edgar/data/1683689/000089271226000313/primary_doc.xml,"13F tableValueTotal — US-listed equities only, not full AUM",High,fact,2026-07-09,inferred,,,,,,,,,,unresolved,,,,,,,,,,unresolved,,,,,,,,,,unresolved,,,,,,,,,,unresolved,,,,Chief Financial Officer,https://www.sec.gov/Archives/edgar/data/1683689/000089271226000313/primary_doc.xml,13F signature block,High,fact,2026-07-09,verified,,,,,,,,,,unresolved,,,,,,,,,,unresolved,,,,952-841-0400,SEC EDGAR submissions CIK 0001683689,official SEC filing (business phone),High,fact,2026-07-09,verified,firm-level,,,,,,,,,unresolved,,,
DOLAN CHARLES F,SEC EDGAR full-text search,Unconfirmed,FO-function not proven from the firm's own site/filing/exemption (name / 13F / press / registry do not prove function),Unresolved-Quarantine,,,,,True,,,,,,"Mon, 14 Jan 2019",news,25,Rejected,Unresolved-Quarantine: does not count (FO-function not proven from the firm's own site/filing/exemption (name / 13F / press / registry do not prove function)),,,,,,,unresolved,,,,,,,,,,unresolved,,,,,,,,,,unresolved,,,,,,,,,,unresolved,,,,,,,,,,unresolved,,,,,,,,,,unresolved,,,,,,,,,,unresolved,,,,,,,,,,unresolved,,,,,,,,,,unresolved,firm-level,,,"Charles Dolan Obituary (1942 - 2019) - Fort Myers, FL - The Providence Journal - Legacy | Obituary Search",https://news.google.com/rss/articles/CBMijwFBVV95cUxNYjQySDdhUV9VQ3RZbzNmZzBwU1NHMHhScVdMQmVnQjR1NW13Nmd2YnVmTFlVZ3lwZGJGT3oxbkZZZFNTWWJCTG5QczFiNzJTV3FES1RobF9iZ3FxeFNhSnNUYTltODZjdG13dVhpUUdqeDdtMjJxTnpONHRHUW5KZFRWV2JVajhHQzVVYlV1OA?oc=5,targeted news query,Low,inference,"Mon, 14 Jan 2019",inferred,,,
CABLEVISION SYSTEMS CORP /NY,SEC EDGAR full-text search,Unconfirmed,FO-function not proven from the firm's own site/filing/exemption (name / 13F / press / registry do not prove function),Unresolved-Quarantine,,,,,True,,,,"1111 STEWART AVENUE, BETHPAGE, NY, 11714",,,,25,Rejected,Unresolved-Quarantine: does not count (FO-function not proven from the firm's own site/filing/exemption (name / 13F / press / registry do not prove function)),,,,,,,unresolved,,,,,,,,,,unresolved,,,,,,,,,,unresolved,,,,SEC-registered filer; industry: Cable & Other Pay Television Services.,SEC EDGAR submissions CIK 0001053112,SEC entity record,High,fact,2016-07-06,verified,,,,,,,,,,unresolved,,,,,,,,,,unresolved,,,,,,,,,,unresolved,,,,,,,,,,unresolved,,,,5163806230,SEC EDGAR submissions CIK 0001053112,official SEC filing (business phone),High,fact,2016-07-06,verified,firm-level,,,,,,,,,unresolved,,,
SUPERCONDUCTOR TECHNOLOGIES INC,SEC EDGAR full-text search,Unconfirmed,FO-function not proven from the firm's own site/filing/exemption (name / 13F / press / registry do not prove function),Unresolved-Quarantine,,,,,True,,,,"15511 W. STATE HWY 71, SUITE 110-105, AUSTIN, TX, 78738",,"Tue, 07 Sep 2021",news,50,Rejected,Unresolved-Quarantine: does not count (FO-function not proven from the firm's own site/filing/exemption (name / 13F / press / registry do not prove function)),,,,,,,unresolved,,,,,,,,,,unresolved,,,,,,,,,,unresolved,,,,SEC-registered filer; industry: Services-Nursing & Personal Care Facilities.,SEC EDGAR submissions CIK 0000895665,SEC entity record,High,fact,2024-05-15,verified,,,,,,,,,,unresolved,,,,,,,,,,unresolved,,,,,,,,,,unresolved,,,,,,,,,,unresolved,,,,512-650-7775,SEC EDGAR submissions CIK 0000895665,official SEC filing (business phone),High,fact,2024-05-15,verified,firm-level,,,"Superconductor Technologies Inc. Finalizes Pending Merger With Allied Integral United, Inc. - Business Wire",https://news.google.com/rss/articles/CBMi4AFBVV95cUxPUm9PZlRGR0FMdk52bXdSUUZwTWJUUHJhQUNkdDl0eDN4N09ra2JUYkhBbE40czNnX3VRdC12cVQtUzNSOXBhaVlFZDNrUXIzM1Aya3dJeXJXdWd5dzNNc3hZVUQ3WEllY0NaeEJkaHg5VXUwVWRWWDNPa1FRQ1VtYXFwTTRNbXhLSVk2NjdXLXY0eldLUGJuQTRhVUUyMHRVU0tKZlhrUmVVdE4tS1dLOEhwRXlBSVdVdmF6bkR4b2FXRHZHUFgzYXQ2ejVBdmRhMkNpQm1adnlaV1MwU09EbQ?oc=5,targeted news query,Low,inference,"Tue, 07 Sep 2021",inferred,,,
"NKGen Biotech, Inc.",SEC EDGAR full-text search,Unconfirmed,FO-function not proven from the firm's own site/filing/exemption (name / 13F / press / registry do not prove function),Unresolved-Quarantine,,,,,True,,,,"3001 DAIMLER ST,, SANTA ANA, CA, 92705",,"Sat, 25 Jul 2026",news,50,Rejected,Unresolved-Quarantine: does not count (FO-function not proven from the firm's own site/filing/exemption (name / 13F / press / registry do not prove function)),,,,,,,unresolved,,,,,,,,,,unresolved,,,,,,,,,,unresolved,,,,"SEC-registered filer; industry: Biological Products, (No Diagnostic Substances).",SEC EDGAR submissions CIK 0001845459,SEC entity record,High,fact,2026-07-17,verified,,,,,,,,,,unresolved,,,,,,,,,,unresolved,,,,,,,,,,unresolved,,,,,,,,,,unresolved,,,,(949) 396-6830,SEC EDGAR submissions CIK 0001845459,official SEC filing (business phone),High,fact,2026-07-17,verified,firm-level,,,Price to earnings forward of NKGen Biotech Inc. – OTC:NKGN - TradingView,https://news.google.com/rss/articles/CBMingFBVV95cUxOWjVKQnlwYTlIelZrVzJyYUNhYkhsQ25xYkJMNl9VeTZ2QnpiQmtFM2dhZXpCOURvWmEtMGRIMS1wXzBJek1ZY1VpNEFybWF0NTVEdWt5TnhualBLcjBTZTRpbFdXZFM0M0xlZUFHUnZaVW95bzhwWk53RHhmWkg2amRndFR2M0Q2dlc4NXM0c285Z09ueHpDUGVJM3RlUQ?oc=5,targeted news query,Low,inference,"Sat, 25 Jul 2026",inferred,,,
"PATHSTONE FAMILY OFFICE, LLC",SEC EDGAR full-text search,Unconfirmed,FO-function not proven from the firm's own site/filing/exemption (name / 13F / press / registry do not prove function),Unresolved-Quarantine,,,,,True,,,https://pathstone.com,"10 STERLING BLVD, SUITE 402, ENGLEWOOD, NJ, 07631",,"Fri, 27 Feb 2026",news,50,Rejected,Unresolved-Quarantine: does not count (FO-function not proven from the firm's own site/filing/exemption (name / 13F / press / registry do not prove function)),$7.03B (13F portfolio value),https://www.sec.gov/Archives/edgar/data/1511137/000108514624000248/primary_doc.xml,"13F tableValueTotal — US-listed equities only, not full AUM",High,fact,2024-01-16,inferred,,,,,,,,,,unresolved,,,,,,,,,,unresolved,,,,,,,,,,unresolved,,,,,,,,,,unresolved,,,,General Counsel &amp; CCO,https://www.sec.gov/Archives/edgar/data/1511137/000108514624000248/primary_doc.xml,13F signature block,High,fact,2024-01-16,verified,,,,,,,,,,unresolved,,,,,,,,,,unresolved,,,,201-731-7112,SEC EDGAR submissions CIK 0001511137,official SEC filing (business phone),High,fact,2026-05-11,verified,firm-level,,,ShinyHunters Strikes Pathstone Family Office in Major Ransomware Attack - DeXpose,https://news.google.com/rss/articles/CBMimwFBVV95cUxPMG5VZTRWY1VHdkxNOVY3OHR5LW0yQnNYN2VPSDREUWhXNXJVTHJNSUhfUng0bEhNcEgwcGtLeGsyZWNFdzJlaDFBX18wUzhlSGVkbnE2WWlHdWFQSXJCS2tQMkNRUGI1OU5nOWxVTUtONkZKaUtKT3RnRC1zUUY3ay1NcG00YmgyczJ2RmlhbVB2UFRTMGZnWDR0cw?oc=5,targeted news query,Low,inference,"Fri, 27 Feb 2026",inferred,,,
COGNITION THERAPEUTICS INC,SEC EDGAR full-text search,Unconfirmed,FO-function not proven from the firm's own site/filing/exemption (name / 13F / press / registry do not prove function),Unresolved-Quarantine,,,,,True,,,,"2500 WESTCHESTER AVE, PURCHASE, NY, 10577",,"Mon, 27 Jul 2026",news,50,Rejected,Unresolved-Quarantine: does not count (FO-function not proven from the firm's own site/filing/exemption (name / 13F / press / registry do not prove function)),,,,,,,unresolved,,,,,,,,,,unresolved,,,,,,,,,,unresolved,,,,"SEC-registered filer; industry: Biological Products, (No Diagnostic Substances).",SEC EDGAR submissions CIK 0001455365,SEC entity record,High,fact,2026-06-24,verified,,,,,,,,,,unresolved,,,,,,,,,,unresolved,,,,,,,,,,unresolved,,,,,,,,,,unresolved,,,,412-481-2210,SEC EDGAR submissions CIK 0001455365,official SEC filing (business phone),High,fact,2026-06-24,verified,firm-level,,,Cognition Therapeutics Inc (CGTX) Cash Flow - TradingKey,https://news.google.com/rss/articles/CBMiZ0FVX3lxTE1DdXdiVzZfOWJJaGRvMy1ZSldSMVllTzFmX1F3VmVjb0VNU1FaUG1JZXlHUjNFUkRfMmsxZE03bmYwbnpGQVpsalNVX2wtUUxvWHlURmRodnZtZUJ1S1pIVEZyQ2I1dGs?oc=5,targeted news query,Low,inference,"Mon, 27 Jul 2026",inferred,,,
"Wilshire Private Markets Family Office Fund II, L.P.",SEC EDGAR full-text search,Unconfirmed,FO-function not proven from the firm's own site/filing/exemption (name / 13F / press / registry do not prove function),Unresolved-Quarantine,,,,,True,,,,"C/O WILSHIRE ASSOCIATES INCORPORATED LLC, 1299 OCEAN AVENUE, SUITE 700, SANTA MONICA, CA, 90401-1085",,,,25,Rejected,Unresolved-Quarantine: does not count (FO-function not proven from the firm's own site/filing/exemption (name / 13F / press / registry do not prove function)),,,,,,,unresolved,,,,,,,,,,unresolved,,,,,,,,,,unresolved,,,,,,,,,,unresolved,,,,,,,,,,unresolved,,,,,,,,,,unresolved,,,,,,,,,,unresolved,,,,,,,,,,unresolved,,,,310-451-3051,SEC EDGAR submissions CIK 0001634667,official SEC filing (business phone),High,fact,2026-02-12,verified,firm-level,,,,,,,,,unresolved,,,
Biopower Operations Corp,SEC EDGAR full-text search,Unconfirmed,FO-function not proven from the firm's own site/filing/exemption (name / 13F / press / registry do not prove function),Unresolved-Quarantine,,,,,True,,,,"5379 LYONS RD., SUITE 301, COCONUT CREEK, FL, 33073",,"Sun, 26 Jul 2026",news,50,Rejected,Unresolved-Quarantine: does not count (FO-function not proven from the firm's own site/filing/exemption (name / 13F / press / registry do not prove function)),,,,,,,unresolved,,,,,,,,,,unresolved,,,,,,,,,,unresolved,,,,SEC-registered filer; industry: Finance Services.,SEC EDGAR submissions CIK 0001510832,SEC entity record,High,fact,2025-08-15,verified,,,,,,,,,,unresolved,,,,,,,,,,unresolved,,,,,,,,,,unresolved,,,,,,,,,,unresolved,,,,954-509-9830,SEC EDGAR submissions CIK 0001510832,official SEC filing (business phone),High,fact,2025-08-15,verified,firm-level,,,BioPower Operations Corp Revenue Breakdown – OTC:BOPO - TradingView,https://news.google.com/rss/articles/CBMic0FVX3lxTE9FV3pYTHNSX1JCUHFUTGlMM0l6UmNEU042cDBnSzUtRnN2MXpYSTNlMERtNlZZb1A2VTdmYnUydWRzTXE1b2xRd0JGNHl6U3lLYVlwX0NZZE1pOUpRVmNxWTVnU3BPT1ZKZXZnQ0RRT3Bub1E?oc=5,targeted news query,Low,inference,"Sun, 26 Jul 2026",inferred,,,
Coffman Raymond Scott,SEC EDGAR full-text search,Unconfirmed,FO-function not proven from the firm's own site/filing/exemption (name / 13F / press / registry do not prove function),Unresolved-Quarantine,,,,,True,,,,,,,,0,Rejected,Unresolved-Quarantine: does not count (FO-function not proven from the firm's own site/filing/exemption (name / 13F / press / registry do not prove function)),,,,,,,unresolved,,,,,,,,,,unresolved,,,,,,,,,,unresolved,,,,,,,,,,unresolved,,,,,,,,,,unresolved,,,,,,,,,,unresolved,,,,,,,,,,unresolved,,,,,,,,,,unresolved,,,,,,,,,,unresolved,firm-level,,,,,,,,,unresolved,,,
"cbdMD, Inc.",SEC EDGAR full-text search,Unconfirmed,FO-function not proven from the firm's own site/filing/exemption (name / 13F / press / registry do not prove function),Unresolved-Quarantine,,,,,True,,,,"8845 RED OAK BOULEVARD, CHARLOTTE, NC, 28217",,"Sat, 25 Jul 2026",news,50,Rejected,Unresolved-Quarantine: does not count (FO-function not proven from the firm's own site/filing/exemption (name / 13F / press / registry do not prove function)),,,,,,,unresolved,,,,,,,,,,unresolved,,,,,,,,,,unresolved,,,,"SEC-registered filer; industry: Perfumes, Cosmetics & Other Toilet Preparations.",SEC EDGAR submissions CIK 0001644903,SEC entity record,High,fact,2026-05-20,verified,,,,,,,,,,unresolved,,,,,,,,,,unresolved,,,,,,,,,,unresolved,,,,,,,,,,unresolved,,,,704-445-3060,SEC EDGAR submissions CIK 0001644903,official SEC filing (business phone),High,fact,2026-05-20,verified,firm-level,,,"cbdMD, Inc. Revenue Breakdown – AMEX:YCBD - TradingView",https://news.google.com/rss/articles/CBMidEFVX3lxTE1Ic29zWndXV2pnRHZYTThiRXBESUdIbDhpZHNOOUtpMlcxcnNid2ctN0Zra3hNclNXRHRmNTVJeDFCMTlCN0NYbW9HS0xKQlBYX1hPRU5zbk83QlRHeXRHVWMxVjZYZVh2TXpubDZETExxeHla?oc=5,targeted news query,Low,inference,"Sat, 25 Jul 2026",inferred,,,
CPI Card Group Inc.,SEC EDGAR full-text search,Unconfirmed,FO-function not proven from the firm's own site/filing/exemption (name / 13F / press / registry do not prove function),Unresolved-Quarantine,,,,,True,,,,"10368 WEST CENTENNIAL RD, LITTLETON, CO, 80127",,"Mon, 27 Jul 2026",news,50,Rejected,Unresolved-Quarantine: does not count (FO-function not proven from the firm's own site/filing/exemption (name / 13F / press / registry do not prove function)),,,,,,,unresolved,,,,,,,,,,unresolved,,,,,,,,,,unresolved,,,,SEC-registered filer; industry: Commercial Printing.,SEC EDGAR submissions CIK 0001641614,SEC entity record,High,fact,2026-07-06,verified,,,,,,,,,,unresolved,,,,,,,,,,unresolved,,,,,,,,,,unresolved,,,,,,,,,,unresolved,,,,(303) 862-2065,SEC EDGAR submissions CIK 0001641614,official SEC filing (business phone),High,fact,2026-07-06,verified,firm-level,,,PMTS|CPI Card Group Inc|Price:19.520|Chg%:-0.070 - TradingKey,https://news.google.com/rss/articles/CBMiZEFVX3lxTE0wMmxjTXdmSFQ5TFB1QXBqbzdWcGdGeWZyY2N5Qi1YN1Rja0Q3cHhocmZreE10ZjE5QmVLTThuYmtHeU9PMjZPOGFPZlJCNWFRMEh6amdUYnRlZjVja29FNGo3TUY?oc=5,targeted news query,Low,inference,"Mon, 27 Jul 2026",inferred,,,
CI Financial Corp.,SEC EDGAR full-text search,Unconfirmed,FO-function not proven from the firm's own site/filing/exemption (name / 13F / press / registry do not prove function),Unresolved-Quarantine,,,,,True,,,,"15 YORK STREET, 2ND FLOOR, TORONTO, A6, M5J 0A3",,"Fri, 24 Jul 2026",news,50,Rejected,Unresolved-Quarantine: does not count (FO-function not proven from the firm's own site/filing/exemption (name / 13F / press / registry do not prove function)),,,,,,,unresolved,,,,,,,,,,unresolved,,,,,,,,,,unresolved,,,,SEC-registered filer; industry: Investment Advice.,SEC EDGAR submissions CIK 0001829948,SEC entity record,High,fact,2023-02-08,verified,,,,,,,,,,unresolved,,,,,,,,,,unresolved,,,,,,,,,,unresolved,,,,,,,,,,unresolved,,,,416-364-1145,SEC EDGAR submissions CIK 0001829948,official SEC filing (business phone),High,fact,2023-02-08,verified,firm-level,,,CI Financial makes fintech acquisition - Investment Executive,https://news.google.com/rss/articles/CBMikwFBVV95cUxNMkkwN2ZfeC03dzZjRF95WC1NZTNBV0E5QkxlS01CSDZQSTFsV3lhOVd6N1JpTFhJOWFtZGlQS3ZNV2F1djdvQXl0MnpSdnkwVnNmeWJIemcxZXV6emtKYjR5UlQwZEpydDNEMXdFbEpoRk45ZmxaMEtnUUpNMmJhSURRZTJrYzE4V2ZFQ084bTNaRVU?oc=5,targeted news query,Low,inference,"Fri, 24 Jul 2026",inferred,,,
"RTI Surgical Holdings, Inc.",SEC EDGAR full-text search,Unconfirmed,FO-function not proven from the firm's own site/filing/exemption (name / 13F / press / registry do not prove function),Unresolved-Quarantine,,,,,True,,,,"520 LAKE COOK ROAD, SUITE 315, DEERFIELD, IL, 60015",,"Wed, 22 Jan 2020",news,50,Rejected,Unresolved-Quarantine: does not count (FO-function not proven from the firm's own site/filing/exemption (name / 13F / press / registry do not prove function)),,,,,,,unresolved,,,,,,,,,,unresolved,,,,,,,,,,unresolved,,,,"SEC-registered filer; industry: Orthopedic, Prosthetic & Surgical Appliances & Supplies.",SEC EDGAR submissions CIK 0001760173,SEC entity record,High,fact,2024-02-14,verified,,,,,,,,,,unresolved,,,,,,,,,,unresolved,,,,,,,,,,unresolved,,,,,,,,,,unresolved,,,,3864188888,SEC EDGAR submissions CIK 0001760173,official SEC filing (business phone),High,fact,2024-02-14,verified,firm-level,,,EU Firm Pays $490 Million for 60% of RTI Surgical - Orthopedics This Week,https://news.google.com/rss/articles/CBMigAFBVV95cUxNN3JzcnlfOGVkc2Z2d20zdC1wM3F3YWhXak9yanF2d1djZkgwTDZDVmM4U1hpVDREbXJEOS0zUDlzaWs1S1ZuR1NiOG5RZk92OEx0YlhKcGNsbHkyS2htZWVqd2dUMEpKNzg0ZnEzZWx5b2VBd2xSVC04R2czOHFyXw?oc=5,targeted news query,Low,inference,"Wed, 22 Jan 2020",inferred,,,
NEOGENOMICS INC,SEC EDGAR full-text search,Unconfirmed,FO-function not proven from the firm's own site/filing/exemption (name / 13F / press / registry do not prove function),Unresolved-Quarantine,,,,,True,,,,"9490 NEOGENOMICS WAY, FORT MYERS, FL, 33912",,"Fri, 24 Jul 2026",news,50,Rejected,Unresolved-Quarantine: does not count (FO-function not proven from the firm's own site/filing/exemption (name / 13F / press / registry do not prove function)),,,,,,,unresolved,,,,,,,,,,unresolved,,,,,,,,,,unresolved,,,,SEC-registered filer; industry: Services-Testing Laboratories.,SEC EDGAR submissions CIK 0001077183,SEC entity record,High,fact,2026-07-22,verified,,,,,,,,,,unresolved,,,,,,,,,,unresolved,,,,,,,,,,unresolved,,,,,,,,,,unresolved,,,,2397680600,SEC EDGAR submissions CIK 0001077183,official SEC filing (business phone),High,fact,2026-07-22,verified,firm-level,,,"NeoGenomics, Inc. (NEO) stock price, news, quote and history - Yahoo Finance UK",https://news.google.com/rss/articles/CBMiUEFVX3lxTFAzUU9GeV9GMVkxOEtOZnlpdDNQNGxQM1lSNExGekFNaEZFS2xWYV8wR3pUenNKaTJNMnc0dUhZcHkxMUFDV2tELVJOSi0ySmUy?oc=5,targeted news query,Low,inference,"Fri, 24 Jul 2026",inferred,,,
"Synapse Ventures II, LP",SEC EDGAR full-text search,Unconfirmed,FO-function not proven from the firm's own site/filing/exemption (name / 13F / press / registry do not prove function),Unresolved-Quarantine,,,,,True,,,,"C/O TURIM FAMILY OFFICE, RUA MAJOR RUBENS VAZ, 236, GAVEA, RIO DE JANEIRO, D5, 22470-070",,,,25,Rejected,Unresolved-Quarantine: does not count (FO-function not proven from the firm's own site/filing/exemption (name / 13F / press / registry do not prove function)),,,,,,,unresolved,,,,,,,,,,unresolved,,,,,,,,,,unresolved,,,,,,,,,,unresolved,,,,,,,,,,unresolved,,,,,,,,,,unresolved,,,,,,,,,,unresolved,,,,,,,,,,unresolved,,,,552122598015,SEC EDGAR submissions CIK 0001807006,official SEC filing (business phone),High,fact,2021-05-13,verified,firm-level,,,,,,,,,unresolved,,,
Music Licensing Inc.,SEC EDGAR full-text search,Unconfirmed,FO-function not proven from the firm's own site/filing/exemption (name / 13F / press / registry do not prove function),Unresolved-Quarantine,,,,,True,,,,"3811 AIRPORT PULLING ROAD NORTH, SUITE 203, NAPLES, FL, 34105",,"Mon, 11 May 2026",news,50,Rejected,Unresolved-Quarantine: does not count (FO-function not proven from the firm's own site/filing/exemption (name / 13F / press / registry do not prove function)),,,,,,,unresolved,,,,,,,,,,unresolved,,,,,,,,,,unresolved,,,,SEC-registered filer; industry: Services-Amusement & Recreation Services.,SEC EDGAR submissions CIK 0001671132,SEC entity record,High,fact,2026-02-06,verified,,,,,,,,,,unresolved,,,,,,,,,,unresolved,,,,,,,,,,unresolved,,,,,,,,,,unresolved,,,,(833) 227-7683,SEC EDGAR submissions CIK 0001671132,official SEC filing (business phone),High,fact,2026-02-06,verified,firm-level,,,"Music Licensing, Inc. (SONG) / Pro Music Rights Announces Strategic Transformation: Formation of Special Purpose Vehicle to Securitize Licensee Agreements, Copyright Infringement Claims, and Litigation Portfolio - Targeting Listings on International Excha - TMX Newsfile",https://news.google.com/rss/articles/CBMilwNBVV95cUxPdG5MY2FsM3VYN2syMGljWWRNQkhQbWdlRjUzbVVFclZLQkptSTRNeHNrdURRQnluR3FFLXM1bW9zZ0p0OXV0RFkxa1JwSUN2VkpPUW9GY2RhTS0yNGNPSTVES2x3cXFlbkh6NTdySUowNkc0VVQyQTVTVlI3Ti1WNVRONm9TZ2xoMmtKTVJ4R2o5TjlkeTBEcWN5em42UG5jNkdGUS1kMzBsa0Z1RkxKS1BJSWZPUEROWV9OdWRoMlNWemdPUU1fc3RWNnZvNUpldk81YTVaRUo5WUdBal9pNkJYVGp0d3NCWmZvbUREeEFSY2g0ZnoyejRrY3RLaHRrektzcUY0Z0lMOWNXUllJQ191cWpVWUZrU3BPSEJ0Z3lyVnZ5TDlxaHo2RVRLeXJ6bHNBWkhqazhscHJXLTBCWHg2amJtaXJmQnZYVXRPSTlabGJ4VjFkU2FtOXY4YjFTRGZkSDA4V25CUHZIemxnNVBiOW9WYUh4NjNjcW1jZWdVbDg5QjFRbnVGNWt6elYzYm1VelB0OA?oc=5,targeted news query,Low,inference,"Mon, 11 May 2026",inferred,,,
"FAMILY OFFICE OF AMERICA, INC.",SEC EDGAR full-text search,Unconfirmed,FO-function not proven from the firm's own site/filing/exemption (name / 13F / press / registry do not prove function),Unresolved-Quarantine,,,,,True,,,,"6898 S. UNIVERSITY BLVD.,, SUITE 100, CENTENNIAL, CO, 80122",,"Sat, 25 Jul 2026",news,50,Rejected,Unresolved-Quarantine: does not count (FO-function not proven from the firm's own site/filing/exemption (name / 13F / press / registry do not prove function)),,,,,,,unresolved,,,,,,,,,,unresolved,,,,,,,,,,unresolved,,,,SEC-registered filer; industry: Surgical & Medical Instruments & Apparatus.,SEC EDGAR submissions CIK 0001871181,SEC entity record,High,fact,2026-05-15,verified,,,,,,,,,,unresolved,,,,,,,,,,unresolved,,,,,,,,,,unresolved,,,,,,,,,,unresolved,,,,303-874-7474,SEC EDGAR submissions CIK 0001871181,official SEC filing (business phone),High,fact,2026-05-15,verified,firm-level,,,Enterprise value to revenue forward of Family Office of America Inc. – OTC:FOFA - TradingView,https://news.google.com/rss/articles/CBMiqAFBVV95cUxQaklaZnEwRDJjU3ppT3VGZmU2cUlHZGpQa2xscGU0aWVCQkRZaWJDdGpJSHpJdGMzLUNZdTZLWmJyRXdxZ1ZPTTlGSmg2MS1BdHBIZDRuZGxvZUJSc1VTc2k1M09VRHRSWDdtMVROR1Vid05kRXNBeU1xaVJmRWptQmxlVlE3NXE5YWdvaHpCcEJkeE85eXY4MUJiRG1Ud1NjV29EUXVvajg?oc=5,targeted news query,Low,inference,"Sat, 25 Jul 2026",inferred,,,
STARZ ENTERTAINMENT CORP /CN/,SEC EDGAR full-text search,Unconfirmed,FO-function not proven from the firm's own site/filing/exemption (name / 13F / press / registry do not prove function),Unresolved-Quarantine,,,,,True,,,,"1647 STEWART ST., SANTA MONICA, CA, 90404",,"Mon, 06 Jul 2026",news,50,Rejected,Unresolved-Quarantine: does not count (FO-function not proven from the firm's own site/filing/exemption (name / 13F / press / registry do not prove function)),,,,,,,unresolved,,,,,,,,,,unresolved,,,,,,,,,,unresolved,,,,SEC-registered filer; industry: Services-Motion Picture & Video Tape Production.,SEC EDGAR submissions CIK 0000929351,SEC entity record,High,fact,2026-07-08,verified,,,,,,,,,,unresolved,,,,,,,,,,unresolved,,,,,,,,,,unresolved,,,,,,,,,,unresolved,,,,877-848-3866,SEC EDGAR submissions CIK 0000929351,official SEC filing (business phone),High,fact,2026-07-08,verified,firm-level,,,STARZ (STRZ) CEO Jeffrey Hirsch reports direct ownership of 136 shares - Stock Titan,https://news.google.com/rss/articles/CBMiywFBVV95cUxPcGNIcG1tRnJfcXc2WHdyUzFqLTdCNUt4QVIwdzNLLXAtWElSbkY4ZDg1NFR3VnJaR0g2c0dmUkpra244MGJPbXhWNHFYX3BBcmoyUE4zV0UyazBQS3BRWTRUYmJIM2p6VUNKYzdmc05ZZHJmX2RPTGRRdGU5bWhkWTd0UnRFU0QtanpYR3FkTGhDeTJfS1lsMVNRVldxRkQxSXBLdFJ5WFdSN3VRcWlEakMtaUlQak5BMmJES1pmcGszakRhTXJNUkhiZw?oc=5,targeted news query,Low,inference,"Mon, 06 Jul 2026",inferred,,,
BANK OF MONTREAL /CAN/,SEC EDGAR full-text search,Unconfirmed,FO-function not proven from the firm's own site/filing/exemption (name / 13F / press / registry do not prove function),Unresolved-Quarantine,,,,,True,,,,"1 FIRST CANADIAN PLACE, TORONTO, A6, M5X 1A1",,"Tue, 14 Jul 2026",news,50,Rejected,Unresolved-Quarantine: does not count (FO-function not proven from the firm's own site/filing/exemption (name / 13F / press / registry do not prove function)),$268.54B (13F portfolio value),https://www.sec.gov/Archives/edgar/data/927971/000092797126000078/primary_doc.xml,"13F tableValueTotal — US-listed equities only, not full AUM",High,fact,2026-05-13,inferred,,,,,,,,,,unresolved,,,,,,,,,,unresolved,,,,"SEC-registered filer; industry: Commercial Banks, NEC.",SEC EDGAR submissions CIK 0000927971,SEC entity record,High,fact,2026-07-27,verified,,,,,,,,,,unresolved,,,,"Managing Director, Regulatory Solution Group",https://www.sec.gov/Archives/edgar/data/927971/000092797126000078/primary_doc.xml,13F signature block,High,fact,2026-05-13,verified,,,,,,,,,,unresolved,,,,,,,,,,unresolved,,,,000-000-0000,SEC EDGAR submissions CIK 0000927971,official SEC filing (business phone),High,fact,2026-07-27,verified,firm-level,,,Bank of Montreal (TSX:BMO) Stock Looks Fully Priced On Its 156% Run - Yahoo Finance,https://news.google.com/rss/articles/CBMilwFBVV95cUxOOW1lS1VNSG9mNGFjeUl5M0ZUUUtiUVpmcG1xeW1kMDlZamtPZVRMeDM3RGd5WGgxdWtIa0pRa0NOWVFkUjU0UVZyUkFqOTV5R1VvMno5SjNBS2hfLVhBNXhIMUNDbGgwcG5zNEdFMS1aalJIblJWVWxsbl9NZHQtNk1BcTR6b1RMZkNzR2ROU0xHRm9DaGhR?oc=5,targeted news query,Low,inference,"Tue, 14 Jul 2026",inferred,,,
"BIOXYTRAN, INC",SEC EDGAR full-text search,Unconfirmed,FO-function not proven from the firm's own site/filing/exemption (name / 13F / press / registry do not prove function),Unresolved-Quarantine,,,,,True,,,,"C/O BIOXYTRAN, INC., 75 2ND AVE, SUITE 605 STE 605, NEEDHAM, MA, 02494",,"Sat, 25 Jul 2026",news,50,Rejected,Unresolved-Quarantine: does not count (FO-function not proven from the firm's own site/filing/exemption (name / 13F / press / registry do not prove function)),,,,,,,unresolved,,,,,,,,,,unresolved,,,,,,,,,,unresolved,,,,SEC-registered filer; industry: Pharmaceutical Preparations.,SEC EDGAR submissions CIK 0001445815,SEC entity record,High,fact,2026-05-15,verified,,,,,,,,,,unresolved,,,,,,,,,,unresolved,,,,,,,,,,unresolved,,,,,,,,,,unresolved,,,,617-494-1199,SEC EDGAR submissions CIK 0001445815,official SEC filing (business phone),High,fact,2026-05-15,verified,firm-level,,,"Bioxytran, Inc. Revenue Breakdown – OTC:BIXT - TradingView",https://news.google.com/rss/articles/CBMic0FVX3lxTE5NV01mS2NsU1NjdXYzaFczenFYam0xc3FUMUZSb014RVpleW9YRVpfaDJ4Yy1CdVN5NW53bzF6SHJTTWZTeVlwSFktNEdMWmFQcnFGTi1fdzFqQkpMbXNKR0pYQkJWcmFLT3d0LVFaUWVVd0E?oc=5,targeted news query,Low,inference,"Sat, 25 Jul 2026",inferred,,,
DYADIC INTERNATIONAL INC,SEC EDGAR full-text search,Unconfirmed,FO-function not proven from the firm's own site/filing/exemption (name / 13F / press / registry do not prove function),Unresolved-Quarantine,,,,,True,,,,"1044 NORTH U.S. HIGHWAY ONE, SUITE 201, JUPITER, FL, 33477",,"Fri, 24 Jul 2026",news,50,Rejected,Unresolved-Quarantine: does not count (FO-function not proven from the firm's own site/filing/exemption (name / 13F / press / registry do not prove function)),,,,,,,unresolved,,,,,,,,,,unresolved,,,,,,,,,,unresolved,,,,"SEC-registered filer; industry: Biological Products, (No Diagnostic Substances).",SEC EDGAR submissions CIK 0001213809,SEC entity record,High,fact,2026-07-24,verified,,,,,,,,,,unresolved,,,,,,,,,,unresolved,,,,,,,,,,unresolved,,,,,,,,,,unresolved,,,,561-743-8333,SEC EDGAR submissions CIK 0001213809,official SEC filing (business phone),High,fact,2026-07-24,verified,firm-level,,,"Dyadic International, Inc. (Nasdaq: DYAI) keeps Nasdaq Capital Market listing - Stock Titan",https://news.google.com/rss/articles/CBMiswFBVV95cUxPMTh3bEpJZ1dNU2pLVC1TX296Z2ZaZ2ZjSjQtRUFYMHVoZ2M4dkdfS3R6bkNhZXBaODk1R0N1Qi0xNjVDdm52ZG90WEZ0a1NUOXVRampQWFZRZ3VUaDIwUXlIWkFvZUMxNXpJSXM1cUJFVE1uU2JvaXRvQXd5elZtM3RSZ3gxaTZYQVhJYVhrekxMNl9BRjREV1o0R0U5TEw2S3hhMm56clY5dDJUX0hjekxfcw?oc=5,targeted news query,Low,inference,"Fri, 24 Jul 2026",inferred,,,
KITT BARRY M,SEC EDGAR full-text search,Unconfirmed,FO-function not proven from the firm's own site/filing/exemption (name / 13F / press / registry do not prove function),Unresolved-Quarantine,,,,,True,,,,,,,,0,Rejected,Unresolved-Quarantine: does not count (FO-function not proven from the firm's own site/filing/exemption (name / 13F / press / registry do not prove function)),,,,,,,unresolved,,,,,,,,,,unresolved,,,,,,,,,,unresolved,,,,,,,,,,unresolved,,,,,,,,,,unresolved,,,,,,,,,,unresolved,,,,,,,,,,unresolved,,,,,,,,,,unresolved,,,,,,,,,,unresolved,firm-level,,,,,,,,,unresolved,,,
Fathom Holdings Inc.,SEC EDGAR full-text search,Unconfirmed,FO-function not proven from the firm's own site/filing/exemption (name / 13F / press / registry do not prove function),Unresolved-Quarantine,,,,,True,,,,"2000 REGENCY PARKWAY DRIVE, SUITE 300, CARY, NC, 27518",,"Wed, 17 Jun 2026",investment,50,Rejected,Unresolved-Quarantine: does not count (FO-function not proven from the firm's own site/filing/exemption (name / 13F / press / registry do not prove function)),,,,,,,unresolved,,,,,,,,,,unresolved,,,,,,,,,,unresolved,,,,SEC-registered filer; industry: Real Estate Agents & Managers (For Others).,SEC EDGAR submissions CIK 0001753162,SEC entity record,High,fact,2026-07-20,verified,,,,,,,,,,unresolved,,,,,,,,,,unresolved,,,,,,,,,,unresolved,,,,,,,,,,unresolved,,,,8884556040,SEC EDGAR submissions CIK 0001753162,official SEC filing (business phone),High,fact,2026-07-20,verified,firm-level,,,"Fathom Holdings Inc. Signs Agreement to Be Acquired by Bed Bath & Beyond, Representing a Transformational Opportunity to Expand Fathom's Market Reach and Deliver Compelling Long-Term Value for Fathom Shareholders, Agents, and Stakeholders - PR Newswire",https://news.google.com/rss/articles/CBMikgNBVV95cUxNelZFS1JPSnpyeEhsajdhcW5nREdiUXp0dFF1UUlORFp4RVEtMDFmSDlVNjFvUlhhZkk4WnlzNE11MEhoWHZBeEwyVy1HaUJhMWJqU2pVQWVKTjdHZGRZVzVJekdINEwyMjNoZDE5ZFJPd0pZRXc5c0RreEc0ZmlfajN1UjM2OEw4ckI5TTRxMldmaUVkbjlZdXZMelItaGYyYTc5SWVrSWo0ajJtdnFKYW9WNldzOHp3bkdmc3lvWGpVZWVoaXVORERjU2xSd3I5V3dxeklzS042VWhzeEtXMWRUQzQ4STRjcXVBME90bTY1SGdfaDVNMzBmWXlaRjRYNldIb1hQMHlUeDI5ci1ldzVGbjJlYnh2Y08tMlNEWXBRUXhiNVJkX1NBcXFHTVlWT2VTUXFYNmE4NkhxUnF2b2hxem4yWENoTUdrUmZrNDNfUnhNQTBuTEd6U1NSQ2sxZl9FX0tOeFJuSVpCNnlTY2ZBZFZzRGhreFZwMklZTlhaQkhuNkZ6TS1kUDJRMUVPS1E?oc=5,targeted news query,Low,inference,"Wed, 17 Jun 2026",inferred,,,
Pinnacle Family Office Investments L.P.,SEC EDGAR full-text search,Unconfirmed,FO-function not proven from the firm's own site/filing/exemption (name / 13F / press / registry do not prove function),Unresolved-Quarantine,,,,,True,,,https://pinnacleinvestment.com,"5910 NORTH CENTRAL EXPRESSWAY, SUITE 1475, DALLAS, TX, 75206",,,,25,Rejected,Unresolved-Quarantine: does not count (FO-function not proven from the firm's own site/filing/exemption (name / 13F / press / registry do not prove function)),,,,,,,unresolved,,,,,,,,,,unresolved,,,,,,,,,,unresolved,,,,,,,,,,unresolved,,,,,,,,,,unresolved,,,,,,,,,,unresolved,,,,,,,,,,unresolved,,,,,,,,,,unresolved,,,,469-941-4146,SEC EDGAR submissions CIK 0001542604,official SEC filing (business phone),High,fact,2026-02-13,verified,firm-level,,,,,,,,,unresolved,,,
Quest Resource Holding Corp,SEC EDGAR full-text search,Unconfirmed,FO-function not proven from the firm's own site/filing/exemption (name / 13F / press / registry do not prove function),Unresolved-Quarantine,,,,,True,,,,"3481 PLANO PARKWAY, THE COLONY, TX, 75056",,"Thu, 23 Jul 2026",news,50,Rejected,Unresolved-Quarantine: does not count (FO-function not proven from the firm's own site/filing/exemption (name / 13F / press / registry do not prove function)),,,,,,,unresolved,,,,,,,,,,unresolved,,,,,,,,,,unresolved,,,,SEC-registered filer; industry: Refuse Systems.,SEC EDGAR submissions CIK 0001442236,SEC entity record,High,fact,2026-07-02,verified,,,,,,,,,,unresolved,,,,,,,,,,unresolved,,,,,,,,,,unresolved,,,,,,,,,,unresolved,,,,972-464-0004,SEC EDGAR submissions CIK 0001442236,official SEC filing (business phone),High,fact,2026-07-02,verified,firm-level,,,Quest to discuss waste and recycling services on Aug. 6 - Stock Titan,https://news.google.com/rss/articles/CBMiuwFBVV95cUxON0ZqOGo1UTRhTExFRmFIMVRrQjNjVXV3VlFsbFJSMHp1UG1RN2U0N0ZjcVRITUtFM0pDVV95Z0lWNV9lUnY4MVMxaGlPZmNJR0ZtRFMyaTNkVWVPSHh0d1FzZjd5QlpHUXVXdHdwYlFOZmNfVEpyUndlOTBBN0YtOUNNbXo5Yl9yajJkWVc3d1B5SGFSZ240MXMtSVVhdnhmWXdfRE9YRlcwNDcxTzVXRkJQWXpQTUpER1FZ?oc=5,targeted news query,Low,inference,"Thu, 23 Jul 2026",inferred,,,
CANADIAN IMPERIAL BANK OF COMMERCE /CAN/,SEC EDGAR full-text search,Unconfirmed,FO-function not proven from the firm's own site/filing/exemption (name / 13F / press / registry do not prove function),Unresolved-Quarantine,,,,,True,,,,"81 BAY STREET, CIBC SQUARE, TORONTO, A6, M5J 0E7",,"Mon, 13 Jul 2026",news,50,Rejected,Unresolved-Quarantine: does not count (FO-function not proven from the firm's own site/filing/exemption (name / 13F / press / registry do not prove function)),,,,,,,unresolved,,,,,,,,,,unresolved,,,,,,,,,,unresolved,,,,"SEC-registered filer; industry: Commercial Banks, NEC.",SEC EDGAR submissions CIK 0001045520,SEC entity record,High,fact,2026-07-27,verified,,,,,,,,,,unresolved,,,,,,,,,,unresolved,,,,,,,,,,unresolved,,,,,,,,,,unresolved,,,,4169803096,SEC EDGAR submissions CIK 0001045520,official SEC filing (business phone),High,fact,2026-07-27,verified,firm-level,,,Canadian Imperial Bank of Commerce (CM) files debt indenture and underwriting exhibits - Stock Titan,https://news.google.com/rss/articles/CBMiyAFBVV95cUxNRnBXaS1yOHFWWm1tZTlzXzMzWmVseU5zYmRJaGVSYlYza1RSQndkYl9RRkJBMVYtcWZja2hkdXBuVUozOTBiWFhMU2JoZzJBZGdVSWEzZUZWNldMNEFOcUlJbTJKSjJHdDk4V1JRbUJMd2h4ZVloYWFUdDl0Mi1aM2VqLUdjSlZXY0ZGbjUydWlvMDZhQ3BlMW5CaFJRUmt4ekJNTE1kaVExQWlOUnVyOUU3RWhFcGY0a2FxRnBYR0tsOHdhYVFDUQ?oc=5,targeted news query,Low,inference,"Mon, 13 Jul 2026",inferred,,,
"MABVAX THERAPEUTICS HOLDINGS, INC.",SEC EDGAR full-text search,Unconfirmed,FO-function not proven from the firm's own site/filing/exemption (name / 13F / press / registry do not prove function),Unresolved-Quarantine,,,,,True,,,,"11535 SORRENTO VALLEY ROAD, SUITE 400, SAN DIEGO, CA, 92121",,"Thu, 21 Mar 2019",news,50,Rejected,Unresolved-Quarantine: does not count (FO-function not proven from the firm's own site/filing/exemption (name / 13F / press / registry do not prove function)),,,,,,,unresolved,,,,,,,,,,unresolved,,,,,,,,,,unresolved,,,,SEC-registered filer; industry: Pharmaceutical Preparations.,SEC EDGAR submissions CIK 0001109196,SEC entity record,High,fact,2019-09-19,verified,,,,,,,,,,unresolved,,,,,,,,,,unresolved,,,,,,,,,,unresolved,,,,,,,,,,unresolved,,,,8582599405,SEC EDGAR submissions CIK 0001109196,official SEC filing (business phone),High,fact,2019-09-19,verified,firm-level,,,MabVax Therapeutics Blames Bankruptcy on Alleged Pump-and-Dump Scheme - WSJ,https://news.google.com/rss/articles/CBMirwFBVV95cUxOOUVvTEdNVVBycTYxZXNzZnJialpDZHhPamNPSmloUVBkMXJhckxzdDh1MlludURjSW5DOFdPYnBKV2tKVmFSaWNvdDY4NlloX2RkQWtibDNsQllNRHBRaE9iNFJiWHZ2WDlRTTBxVHRfWk96M0I5M2tXLVdmOVJ4LS1xd3BjbWVWQm5rZWdxeGxnNy1rNml1Mjk2Z1FSMVRydGZUejE1TzJlUzRTcXpr?oc=5,targeted news query,Low,inference,"Thu, 21 Mar 2019",inferred,,,
Apollo Global Management LLC,SEC EDGAR full-text search,Unconfirmed,FO-function not proven from the firm's own site/filing/exemption (name / 13F / press / registry do not prove function),Unresolved-Quarantine,,,,,True,,,,"9 WEST 57TH STREET, 42ND FLOOR, new York, NY, 10019",,"Mon, 27 Jul 2026",fund,50,Rejected,Unresolved-Quarantine: does not count (FO-function not proven from the firm's own site/filing/exemption (name / 13F / press / registry do not prove function)),,,,,,,unresolved,,,,,,,,,,unresolved,,,,,,,,,,unresolved,,,,SEC-registered filer; industry: Investment Advice.,SEC EDGAR submissions CIK 0001411494,SEC entity record,High,fact,2026-04-10,verified,,,,,,,,,,unresolved,,,,,,,,,,unresolved,,,,,,,,,,unresolved,,,,,,,,,,unresolved,,,,212-515-3200,SEC EDGAR submissions CIK 0001411494,official SEC filing (business phone),High,fact,2026-04-10,verified,firm-level,,,"Revolut offers Apollo, Ares funds to clients for €1 minimum - Bloomberg - Investing.com Nigeria",https://news.google.com/rss/articles/CBMiyAFBVV95cUxQcEVxUUZaLUR5MElfVTJyT3VZcFFPMmZub0R6bjZxLU9FV3l2TEJROUFGblFUQ3EwYWhPSjNSa3M4TWZCcFpJU3BuUGFsTlV2UGU3T1R3bTFYV19yQ2gzVTNmTElwTGJYTGRGMnc4d0VEb19rd2NtUFQydHlBM3dsRk1sUlhDQ01XR2ZZN0lVSDB5V2NtTUNsWUJCUUdqRXQ1S1FuODlqNl9mTWpXX19yUGtGRG15dXpmR0pteVlDX0lLeElCOTEzWQ?oc=5,targeted news query,Low,inference,"Mon, 27 Jul 2026",inferred,,,
MABVAX THERAPEUTICS INC,SEC EDGAR full-text search,Unconfirmed,FO-function not proven from the firm's own site/filing/exemption (name / 13F / press / registry do not prove function),Unresolved-Quarantine,,,,,True,,,,"11588 SORRENTO VALLEY ROAD, SUITE 20, SAN DIEGO, CA, 92121",,,,25,Rejected,Unresolved-Quarantine: does not count (FO-function not proven from the firm's own site/filing/exemption (name / 13F / press / registry do not prove function)),,,,,,,unresolved,,,,,,,,,,unresolved,,,,,,,,,,unresolved,,,,,,,,,,unresolved,,,,,,,,,,unresolved,,,,,,,,,,unresolved,,,,,,,,,,unresolved,,,,,,,,,,unresolved,,,,858-259-9405,SEC EDGAR submissions CIK 0001429968,official SEC filing (business phone),High,fact,2015-04-13,verified,firm-level,,,,,,,,,unresolved,,,
"CREATIVE REALITIES, INC.",SEC EDGAR full-text search,Unconfirmed,FO-function not proven from the firm's own site/filing/exemption (name / 13F / press / registry do not prove function),Unresolved-Quarantine,,,,,True,,,,"13100 MAGISTERIAL DRIVE, SUITE 201, LOUISVILLE, KY",,"Sun, 26 Jul 2026",news,50,Rejected,Unresolved-Quarantine: does not count (FO-function not proven from the firm's own site/filing/exemption (name / 13F / press / registry do not prove function)),,,,,,,unresolved,,,,,,,,,,unresolved,,,,,,,,,,unresolved,,,,SEC-registered filer; industry: Services-Computer Integrated Systems Design.,SEC EDGAR submissions CIK 0001356093,SEC entity record,High,fact,2026-07-02,verified,,,,,,,,,,unresolved,,,,,,,,,,unresolved,,,,,,,,,,unresolved,,,,,,,,,,unresolved,,,,502-791-8800,SEC EDGAR submissions CIK 0001356093,official SEC filing (business phone),High,fact,2026-07-02,verified,firm-level,,,"Creative Realities, Inc. Revenue Breakdown – NASDAQ:CREX - TradingView",https://news.google.com/rss/articles/CBMid0FVX3lxTE56SUVHdU9JYTNrYm5Da29NS2Y2bGlpdlBfVjJTZURFaG5WWW9TbFlGTHNwVDFpNU9yQlR6d3UwcDIzcE43OUdQMXowcTdtdFJJVVpYTEVNR0dqQ2xUdWFBRzh3MzdUclpydVRlcWMzcDVLUmhEaGNr?oc=5,targeted news query,Low,inference,"Sun, 26 Jul 2026",inferred,,,
"Geller Multi-Vintage I, LLC",SEC EDGAR full-text search,Unconfirmed,FO-function not proven from the firm's own site/filing/exemption (name / 13F / press / registry do not prove function),Unresolved-Quarantine,,,,,True,,,,"C/O GELLER ALTERNATIVE MANAGER LLC, 909 THIRD AVENUE, NEW YORK, NY, 10022",,"Sun, 08 Jan 2023",fund,50,Rejected,Unresolved-Quarantine: does not count (FO-function not proven from the firm's own site/filing/exemption (name / 13F / press / registry do not prove function)),,,,,,,unresolved,,,,,,,,,,unresolved,,,,,,,,,,unresolved,,,,,,,,,,unresolved,,,,,,,,,,unresolved,,,,,,,,,,unresolved,,,,,,,,,,unresolved,,,,,,,,,,unresolved,,,,(212) 583-6001,SEC EDGAR submissions CIK 0001592557,official SEC filing (business phone),High,fact,2015-01-14,verified,firm-level,,,Geller raises $65m for two PE funds - Citywire,https://news.google.com/rss/articles/CBMihgFBVV95cUxPTFVTdGpYR0w2c2hDZFQ3eDlqWGZhY3piUnBkcHB2M09SVU5sZFlHeS1SdzV4R3RUWlBVSjBMRlJrUFRfa3diTUtneDhZUncxZWpSanBLbGFyVXNHSUsxQ2F3YWphSTBrT1lvM1JSNmdqVjlzRXp0TXR3QXNXLThRV3dKU0ZaUQ?oc=5,targeted news query,Low,inference,"Sun, 08 Jan 2023",inferred,,,
DOLAN KATHLEEN MARGARET,SEC EDGAR full-text search,Unconfirmed,FO-function not proven from the firm's own site/filing/exemption (name / 13F / press / registry do not prove function),Unresolved-Quarantine,,,,,True,,,,,,,,0,Rejected,Unresolved-Quarantine: does not count (FO-function not proven from the firm's own site/filing/exemption (name / 13F / press / registry do not prove function)),,,,,,,unresolved,,,,,,,,,,unresolved,,,,,,,,,,unresolved,,,,,,,,,,unresolved,,,,,,,,,,unresolved,,,,,,,,,,unresolved,,,,,,,,,,unresolved,,,,,,,,,,unresolved,,,,,,,,,,unresolved,firm-level,,,,,,,,,unresolved,,,
AMC Networks Inc.,SEC EDGAR full-text search,Unconfirmed,FO-function not proven from the firm's own site/filing/exemption (name / 13F / press / registry do not prove function),Unresolved-Quarantine,,,,,True,,,https://www.amcglobalmedia.com,"11 PENN PLAZA, NEW YORK, NY, 10001",https://www.linkedin.com/company/amc-global-media,"Thu, 23 Jul 2026",fund,60,Rejected,Unresolved-Quarantine: does not count (FO-function not proven from the firm's own site/filing/exemption (name / 13F / press / registry do not prove function)),,,,,,,unresolved,,,,,,,,,,unresolved,,,,,,,,,,unresolved,,,,"AMC Global Media is the ultimate destination for premier storytelling, known for some of the most celebrated original content in television and film history.",https://www.amcglobalmedia.com,site homepage / meta description,Medium,fact,,verified,,,,,,,,,,unresolved,,,,,,,,,,unresolved,,,,,,,,,,unresolved,,,,,,,,,,unresolved,,,,(212) 324-8500,SEC EDGAR submissions CIK 0001514991,official SEC filing (business phone),High,fact,2026-06-22,verified,firm-level,,,Allspring Global Investments Holdings LLC Raises Holdings in AMC Networks Inc. $AMCX - MarketBeat,https://news.google.com/rss/articles/CBMi2wFBVV95cUxQck9oYUFDTmZPYTFhaTNJaXBlV0Z3MFVZM3hBdnZ3Ty1TZzNVdm11a3JJUmVlZDljRVJoRFN4U0RwSTZ3R3NZdGd5aDIwTVB0N2c1X1QxT1R4bFJ0by1xck56amhYZ2VsdzhVYmdKcnlhdmlQVlppbTZqVTExOFhUYmZVdURjX1RfVkxYcmtJZkV2al9aMmZFV1VIcVFwYXdpSzM5ZzB2RnA0VnBBNHV0Q2JTclAtd3pZbnVsemZPeUNiWW81WEo2czhFNnk1cTFqREs3T0JlbHNiU2c?oc=5,targeted news query,Low,inference,"Thu, 23 Jul 2026",inferred,,,
RYAN DOLAN 1989 TRUST,SEC EDGAR full-text search,Unconfirmed,FO-function not proven from the firm's own site/filing/exemption (name / 13F / press / registry do not prove function),Unresolved-Quarantine,,,,,True,,,,"BAKER BOTTS L.L.P., 30 ROCKEFELLER PLAZA, NEW YORK, NY, 10112",,,,25,Rejected,Unresolved-Quarantine: does not count (FO-function not proven from the firm's own site/filing/exemption (name / 13F / press / registry do not prove function)),,,,,,,unresolved,,,,,,,,,,unresolved,,,,,,,,,,unresolved,,,,,,,,,,unresolved,,,,,,,,,,unresolved,,,,,,,,,,unresolved,,,,,,,,,,unresolved,,,,,,,,,,unresolved,,,,512.322.2687,SEC EDGAR submissions CIK 0001505841,official SEC filing (business phone),High,fact,2023-04-21,verified,firm-level,,,,,,,,,unresolved,,,
TARA DOLAN 1989 TRUST,SEC EDGAR full-text search,Unconfirmed,FO-function not proven from the firm's own site/filing/exemption (name / 13F / press / registry do not prove function),Unresolved-Quarantine,,,,,True,,,,"BAKER BOTTS L.L.P., 30 ROCKEFELLER PLAZA, NEW YORK, NY, 10112",,,,25,Rejected,Unresolved-Quarantine: does not count (FO-function not proven from the firm's own site/filing/exemption (name / 13F / press / registry do not prove function)),,,,,,,unresolved,,,,,,,,,,unresolved,,,,,,,,,,unresolved,,,,,,,,,,unresolved,,,,,,,,,,unresolved,,,,,,,,,,unresolved,,,,,,,,,,unresolved,,,,,,,,,,unresolved,,,,512.322.2687,SEC EDGAR submissions CIK 0001505842,official SEC filing (business phone),High,fact,2023-04-21,verified,firm-level,,,,,,,,,unresolved,,,
CHARLES F. DOLAN CHILDREN TRUST FBO KATHLEEN M. DOLAN,SEC EDGAR full-text search,Unconfirmed,FO-function not proven from the firm's own site/filing/exemption (name / 13F / press / registry do not prove function),Unresolved-Quarantine,,,,,True,,,,"BAKER BOTTS L.L.P., 30 ROCKEFELLER PLAZA, NEW YORK, NY, 10112",,,,25,Rejected,Unresolved-Quarantine: does not count (FO-function not proven from the firm's own site/filing/exemption (name / 13F / press / registry do not prove function)),,,,,,,unresolved,,,,,,,,,,unresolved,,,,,,,,,,unresolved,,,,,,,,,,unresolved,,,,,,,,,,unresolved,,,,,,,,,,unresolved,,,,,,,,,,unresolved,,,,,,,,,,unresolved,,,,512.322.2687,SEC EDGAR submissions CIK 0001505843,official SEC filing (business phone),High,fact,2023-04-21,verified,firm-level,,,,,,,,,unresolved,,,
CHARLES F. DOLAN CHILDREN TRUST FBO DEBORAH DOLAN-SWEENEY,SEC EDGAR full-text search,Unconfirmed,FO-function not proven from the firm's own site/filing/exemption (name / 13F / press / registry do not prove function),Unresolved-Quarantine,,,,,True,,,,"BAKER BOTTS L.L.P., 30 ROCKEFELLER PLAZA, NEW YORK, NY, 10112",,,,25,Rejected,Unresolved-Quarantine: does not count (FO-function not proven from the firm's own site/filing/exemption (name / 13F / press / registry do not prove function)),,,,,,,unresolved,,,,,,,,,,unresolved,,,,,,,,,,unresolved,,,,,,,,,,unresolved,,,,,,,,,,unresolved,,,,,,,,,,unresolved,,,,,,,,,,unresolved,,,,,,,,,,unresolved,,,,512.322.2687,SEC EDGAR submissions CIK 0001505845,official SEC filing (business phone),High,fact,2026-02-24,verified,firm-level,,,,,,,,,unresolved,,,
CHARLES F. DOLAN CHILDREN TRUST FBO PATRICK F. DOLAN,SEC EDGAR full-text search,Unconfirmed,FO-function not proven from the firm's own site/filing/exemption (name / 13F / press / registry do not prove function),Unresolved-Quarantine,,,,,True,,,,"DOLAN FAMILY OFFICE, 340 CROSSWAYS PARK DRIVE, WOODBURY, NY, 11797",,,,25,Rejected,Unresolved-Quarantine: does not count (FO-function not proven from the firm's own site/filing/exemption (name / 13F / press / registry do not prove function)),,,,,,,unresolved,,,,,,,,,,unresolved,,,,,,,,,,unresolved,,,,,,,,,,unresolved,,,,,,,,,,unresolved,,,,,,,,,,unresolved,,,,,,,,,,unresolved,,,,,,,,,,unresolved,,,,5168039200,SEC EDGAR submissions CIK 0001505847,official SEC filing (business phone),High,fact,2016-09-13,verified,firm-level,,,,,,,,,unresolved,,,
CHARLES F. DOLAN CHILDREN TRUST FBO THOMAS C. DOLAN,SEC EDGAR full-text search,Unconfirmed,FO-function not proven from the firm's own site/filing/exemption (name / 13F / press / registry do not prove function),Unresolved-Quarantine,,,,,True,,,,"BAKER BOTTS L.L.P., 30 ROCKEFELLER PLAZA, NEW YORK, NY, 10112",,,,25,Rejected,Unresolved-Quarantine: does not count (FO-function not proven from the firm's own site/filing/exemption (name / 13F / press / registry do not prove function)),,,,,,,unresolved,,,,,,,,,,unresolved,,,,,,,,,,unresolved,,,,,,,,,,unresolved,,,,,,,,,,unresolved,,,,,,,,,,unresolved,,,,,,,,,,unresolved,,,,,,,,,,unresolved,,,,512.322.2687,SEC EDGAR submissions CIK 0001505848,official SEC filing (business phone),High,fact,2023-04-21,verified,firm-level,,,,,,,,,unresolved,,,
CHARLES F. DOLAN CHILDREN TRUST FBO MARIANNE DOLAN WEBER,SEC EDGAR full-text search,Unconfirmed,FO-function not proven from the firm's own site/filing/exemption (name / 13F / press / registry do not prove function),Unresolved-Quarantine,,,,,True,,,,"BAKER BOTTS L.L.P., 30 ROCKEFELLER PLAZA, NEW YORK, NY, 10112",,,,25,Rejected,Unresolved-Quarantine: does not count (FO-function not proven from the firm's own site/filing/exemption (name / 13F / press / registry do not prove function)),,,,,,,unresolved,,,,,,,,,,unresolved,,,,,,,,,,unresolved,,,,,,,,,,unresolved,,,,,,,,,,unresolved,,,,,,,,,,unresolved,,,,,,,,,,unresolved,,,,,,,,,,unresolved,,,,512.322.2687,SEC EDGAR submissions CIK 0001505849,official SEC filing (business phone),High,fact,2023-04-21,verified,firm-level,,,,,,,,,unresolved,,,
CHARLES F. DOLAN CHILDREN TRUST FBO JAMES L. DOLAN,SEC EDGAR full-text search,Unconfirmed,FO-function not proven from the firm's own site/filing/exemption (name / 13F / press / registry do not prove function),Unresolved-Quarantine,,,,,True,,,,"BAKER BOTTS L.L.P., 30 ROCKEFELLER PLAZA, NEW YORK, NY, 10112",,,,25,Rejected,Unresolved-Quarantine: does not count (FO-function not proven from the firm's own site/filing/exemption (name / 13F / press / registry do not prove function)),,,,,,,unresolved,,,,,,,,,,unresolved,,,,,,,,,,unresolved,,,,,,,,,,unresolved,,,,,,,,,,unresolved,,,,,,,,,,unresolved,,,,,,,,,,unresolved,,,,,,,,,,unresolved,,,,512.322.2687,SEC EDGAR submissions CIK 0001505850,official SEC filing (business phone),High,fact,2023-04-21,verified,firm-level,,,,,,,,,unresolved,,,
Hillman Solutions Corp.,SEC EDGAR full-text search,Unconfirmed,FO-function not proven from the firm's own site/filing/exemption (name / 13F / press / registry do not prove function),Unresolved-Quarantine,,,,,True,,,,"1280 KEMPER MEADOW DR., CINCINNATI, OH, 45240",,"Thu, 23 Jul 2026",news,50,Rejected,Unresolved-Quarantine: does not count (FO-function not proven from the firm's own site/filing/exemption (name / 13F / press / registry do not prove function)),,,,,,,unresolved,,,,,,,,,,unresolved,,,,,,,,,,unresolved,,,,"SEC-registered filer; industry: Cutlery, Handtools & General Hardware.",SEC EDGAR submissions CIK 0001822492,SEC entity record,High,fact,2026-07-22,verified,,,,,,,,,,unresolved,,,,,,,,,,unresolved,,,,,,,,,,unresolved,,,,,,,,,,unresolved,,,,513-851-4900,SEC EDGAR submissions CIK 0001822492,official SEC filing (business phone),High,fact,2026-07-22,verified,firm-level,,,"Hillman Solutions Corp. (HLMN) stock price, news, quote and history - Yahoo Finance UK",https://news.google.com/rss/articles/CBMiUkFVX3lxTFBCX0d2cFNiTnBCdDI5MzJIQ0Z1R1A1ZjRVaWtVS0EtYlN4Ni1oVVRTeUMzdHJoaGJkM3I5UXB6bml1bWJsNkQyeDdHN210RWtXMkE?oc=5,targeted news query,Low,inference,"Thu, 23 Jul 2026",inferred,,,
Fortis Inc.,SEC EDGAR full-text search,Unconfirmed,FO-function not proven from the firm's own site/filing/exemption (name / 13F / press / registry do not prove function),Unresolved-Quarantine,,,,,True,,,https://www.fortisinc.com,"5 SPRINGDALE STREET, FORTIS PLACE, SUITE 1100, ST. JOHN'S, A4, A1B 3T2",,"Fri, 24 Jul 2026",news,50,Rejected,Unresolved-Quarantine: does not count (FO-function not proven from the firm's own site/filing/exemption (name / 13F / press / registry do not prove function)),$77 billion,https://www.fortisinc.com,site copy near AUM/assets language (unverified),Low,inference,,inferred,,,,,,,,,,unresolved,,,,,,,,,,unresolved,,,,Ten utility operations: One strong company,https://www.fortisinc.com,site homepage / meta description,Medium,fact,,verified,,,,,,,,,,unresolved,,,,,,,,,,unresolved,,,,,,,,,,unresolved,,,,,https://www.fortisinc.com,quarantined — email domain differs from the firm's own domain — belongs to a different entity,,,,quarantined,,rootid@odata.type,email domain differs from the firm's own domain — belongs to a different entity,709 737-2800,SEC EDGAR submissions CIK 0001666175,official SEC filing (business phone),High,fact,2026-07-02,verified,firm-level,,,"Fortis Inc. stock rises Friday, outperforms market - MarketWatch",https://news.google.com/rss/articles/CBMirAFBVV95cUxNSDRRRk9UWDN3bldSeHNfVWhfc3dySEVBc3pMdWNYZzBDYjBXcWcxVml3VVNxcGNvN3lqckVGb01QRldEU2xvOHEwMHZHUm53MndJbmFzTTY4U0NremRDVlBGVWdRZTI5d0tCUEk2NDhHbkJmN05OX0kxbng5X2JHSWNNZzhYaEF3U1JNVnBjQmw2amVrcFlGRjB2MkdVR2U5ajhGVDB3YTI4UDlK?oc=5,targeted news query,Low,inference,"Fri, 24 Jul 2026",inferred,,,
BANK OF NOVA SCOTIA,SEC EDGAR full-text search,Unconfirmed,FO-function not proven from the firm's own site/filing/exemption (name / 13F / press / registry do not prove function),Unresolved-Quarantine,,,,,True,,,https://www.scotiabank.com,"40 TEMPERANCE STREET, TORONTO, A6, M5H 0B4",,"Mon, 27 Jul 2026",news,50,Rejected,Unresolved-Quarantine: does not count (FO-function not proven from the firm's own site/filing/exemption (name / 13F / press / registry do not prove function)),$57.22B (13F portfolio value),https://www.sec.gov/Archives/edgar/data/9631/000000963126000016/primary_doc.xml,"13F tableValueTotal — US-listed equities only, not full AUM",High,fact,2026-05-14,inferred,,,,"We offer personal, business, and commercial banking, wealth management and private banking, corporate and investment banking, and capital markets, through our global team of approximately 90,000 Scotiabankers.",https://www.scotiabank.com,site copy (investing language),Low,inference,,inferred,,,,,,,,,,unresolved,,,,"Scotiabank Global Site Skip to content Welcome to Scotiabank's global site We offer personal, business, and commercial banking, wealth management and private banking, corporate and investment banking, and capital markets, through our global team of approximately 90,000 Scotiabankers. Enter Scotiabank Canada Important Sites A-D Antigua & Barbuda See what Antigua & Barbuda has to offer Personal Bank",https://www.scotiabank.com,site homepage / meta description,Medium,fact,,verified,,,,,,,,,,unresolved,,,,"Vice President, Business Line Controller",https://www.sec.gov/Archives/edgar/data/9631/000000963126000016/primary_doc.xml,13F signature block,High,fact,2026-05-14,verified,,,,,,,,,,unresolved,,,,,,,,,,unresolved,,,,(416) 866-3672,SEC EDGAR submissions CIK 0000009631,official SEC filing (business phone),High,fact,2026-07-27,verified,firm-level,,,Chemed Corporation $CHE Shares Purchased by Bank of Nova Scotia - MarketBeat,https://news.google.com/rss/articles/CBMiwAFBVV95cUxQS0RGWm1aNFBNcEo0Q01JWFFHdXZxVU5lcFNpVE1mWjRfdkxYc1NpNFN4TnV0cjZOUFcwWjhPLVpoZ3dzaERfXzQ1aWl3LW82anZlRmRoV2tjQ2hLQlc1a3d3MmNEQ1hZVHRjTmhfamdVX05uX0R5bUF0eHcyLUNmX3ZGYTRNSW5Ebk9NVU9EZU1oc3d5UnU5RlBPTl9VQ3Y3SE04Qy1QdnhQTmlZRjRxbDJsWUFuWXM2c0JWb0xUQ3I?oc=5,targeted news query,Low,inference,"Mon, 27 Jul 2026",inferred,,,
TC ENERGY CORP,SEC EDGAR full-text search,Unconfirmed,FO-function not proven from the firm's own site/filing/exemption (name / 13F / press / registry do not prove function),Unresolved-Quarantine,,,,,True,,,,"450 - 1ST STREET S.W., CALGARY ALBERTA, A0, T2P 5H1",,"Mon, 27 Jul 2026",news,50,Rejected,Unresolved-Quarantine: does not count (FO-function not proven from the firm's own site/filing/exemption (name / 13F / press / registry do not prove function)),,,,,,,unresolved,,,,,,,,,,unresolved,,,,,,,,,,unresolved,,,,SEC-registered filer; industry: Natural Gas Transmission.,SEC EDGAR submissions CIK 0001232384,SEC entity record,High,fact,2026-07-10,verified,,,,,,,,,,unresolved,,,,,,,,,,unresolved,,,,,,,,,,unresolved,,,,,,,,,,unresolved,,,,4039202000,SEC EDGAR submissions CIK 0001232384,official SEC filing (business phone),High,fact,2026-07-10,verified,firm-level,,,TC Energy Could be Open to Return to B.C. LNG Pipeline Project as Global Gas Crunch Threatens - EnergyNow.com,https://news.google.com/rss/articles/CBMiwAFBVV95cUxNb3ZaVE5YekxXRjEyV3RCb0p5eGlzaVhSQXdFdl9NVGFTbkVvZTcybVZhbnhmWXpITHVtRjh3TE4wcXRsRXJIbUhZa2NYVFlYNERTdGpzbU9rcmlnbDd6d2gyc2lWTlpHbEoyNS1EZjFDSHVwb2NXbVB6OERUSjBZVXFxelU2U1pjZVFCdGRnWFRtcW4wWi1NZHBiTGxkQmM3aXR5aHRVWFAzVEY2Y05acVh1dmJwa1h5X3pJa1hEa0Y?oc=5,targeted news query,Low,inference,"Mon, 27 Jul 2026",inferred,,,
"TFO Purpose Fund, LP",SEC EDGAR full-text search,Unconfirmed,FO-function not proven from the firm's own site/filing/exemption (name / 13F / press / registry do not prove function),Unresolved-Quarantine,,,,,True,,,,"C/O TURIM FAMILY OFFICE, RUA MAJOR RUBENS VAZ, 236, GAVEA, RIO DE JANEIRO, D5, 22470-070",,,,25,Rejected,Unresolved-Quarantine: does not count (FO-function not proven from the firm's own site/filing/exemption (name / 13F / press / registry do not prove function)),,,,,,,unresolved,,,,,,,,,,unresolved,,,,,,,,,,unresolved,,,,,,,,,,unresolved,,,,,,,,,,unresolved,,,,,,,,,,unresolved,,,,,,,,,,unresolved,,,,,,,,,,unresolved,,,,552122598015,SEC EDGAR submissions CIK 0001807008,official SEC filing (business phone),High,fact,2021-05-13,verified,firm-level,,,,,,,,,unresolved,,,
"CBIZ, Inc.",SEC EDGAR full-text search,Unconfirmed,FO-function not proven from the firm's own site/filing/exemption (name / 13F / press / registry do not prove function),Unresolved-Quarantine,,,,,True,,,,"5959 ROCKSIDE WOODS BLVD N., SUITE 600, INDEPENDENCE, OH, 44131",,"Sat, 25 Jul 2026",investment,50,Rejected,Unresolved-Quarantine: does not count (FO-function not proven from the firm's own site/filing/exemption (name / 13F / press / registry do not prove function)),,,,,,,unresolved,,,,,,,,,,unresolved,,,,,,,,,,unresolved,,,,"SEC-registered filer; industry: Services-Business Services, NEC.",SEC EDGAR submissions CIK 0000944148,SEC entity record,High,fact,2026-05-19,verified,,,,,,,,,,unresolved,,,,,,,,,,unresolved,,,,,,,,,,unresolved,,,,,,,,,,unresolved,,,,2164479000,SEC EDGAR submissions CIK 0000944148,official SEC filing (business phone),High,fact,2026-05-19,verified,firm-level,,,"Allspring Global Investments Holdings LLC Decreases Stake in CBIZ, Inc. $CBZ - MarketBeat",https://news.google.com/rss/articles/CBMizwFBVV95cUxOcVREcHp1bzV6bkE5RE5WX1FHSklWMnBxWXF0OXAwQ0xNcld0OTVHcURPbzJnVG5UNXE4R0oxREl1aDJhYm1KeVBRQmxGblJTWU9fcnVIYUxsS05qMG1VaEluUGRZQUN3SGRtV045SUZqeU9nZDBXbXNQT2E4R3l1QmVBSV9ZaTN1WmJ3MG5SVnZYUGotMTFrX0R0U19hbHdlUFZvNTV4ZUZpdEhHZUlrbFFsZF9VNUppZ25EbUZDdDR4T0N6bnpNNzlWZHlOTEE?oc=5,targeted news query,Low,inference,"Sat, 25 Jul 2026",inferred,,,
"Electronic Cigarettes International Group, Ltd.",SEC EDGAR full-text search,Unconfirmed,FO-function not proven from the firm's own site/filing/exemption (name / 13F / press / registry do not prove function),Unresolved-Quarantine,,,,,True,,,,"14200 IRONWOOD DRIVE, GRAND RAPIDS, MI, 49534",,"Wed, 17 Aug 2016",fund,50,Rejected,Unresolved-Quarantine: does not count (FO-function not proven from the firm's own site/filing/exemption (name / 13F / press / registry do not prove function)),,,,,,,unresolved,,,,,,,,,,unresolved,,,,,,,,,,unresolved,,,,SEC-registered filer; industry: Cigarettes.,SEC EDGAR submissions CIK 0001398702,SEC entity record,High,fact,2020-08-05,verified,,,,,,,,,,unresolved,,,,,,,,,,unresolved,,,,,,,,,,unresolved,,,,,,,,,,unresolved,,,,616-384-3272,SEC EDGAR submissions CIK 0001398702,official SEC filing (business phone),High,fact,2020-08-05,verified,firm-level,,,Electronic Cigarettes International Group Launches VIP Kiosk In South Africa - PR Newswire,https://news.google.com/rss/articles/CBMizAFBVV95cUxOVUdtbmZDcDBUOWVPdWhURlREdG1NU21XSXJJaVI5SFk4Z1FjNV8zbEFjS1k5V1dVNWhuQ3NsQzd1WElLZTZETERqU2JMQ1UzblhwQ0taSFI3R2tMNU1pTjdmTGcxeC1aR2dqdFVrT0k0TGlWSGRwcUpRT3ZWYmwxaFhTVkJRQ21GdGdrMWhrUS1uYjYzai05akEtTlpvZEw4WHZkMWhVb0d4RzE0V3dSXzYtQ3JhRTZDWHljQWJjX1V4QlpNb29iY0JuMDk?oc=5,targeted news query,Low,inference,"Wed, 17 Aug 2016",inferred,,,
"Alarm.com Holdings, Inc.",SEC EDGAR full-text search,Unconfirmed,FO-function not proven from the firm's own site/filing/exemption (name / 13F / press / registry do not prove function),Unresolved-Quarantine,,,,,True,,,,"8281 GREENSBORO DRIVE, SUITE 100, TYSONS, VA, 22102",,"Thu, 23 Jul 2026",news,50,Rejected,Unresolved-Quarantine: does not count (FO-function not proven from the firm's own site/filing/exemption (name / 13F / press / registry do not prove function)),,,,,,,unresolved,,,,,,,,,,unresolved,,,,,,,,,,unresolved,,,,SEC-registered filer; industry: Services-Prepackaged Software.,SEC EDGAR submissions CIK 0001459200,SEC entity record,High,fact,2026-07-02,verified,,,,,,,,,,unresolved,,,,,,,,,,unresolved,,,,,,,,,,unresolved,,,,,,,,,,unresolved,,,,877-389-4033,SEC EDGAR submissions CIK 0001459200,official SEC filing (business phone),High,fact,2026-07-02,verified,firm-level,,,"Alarm.com to Announce 2026 Second Quarter Results on August 6, 2026 - Yahoo Finance",https://news.google.com/rss/articles/CBMimwFBVV95cUxQSWVOOGF4RTlzVzlXYnd3eEM0aXJhTklPMXd0LUpmeUZTdVZialVPTVFVYl9wcDJzQnN5MVVocEo4RDNoelFNajIxcHJkaXRnVUNZM2UzdjRkb05VUTlhYjVMN00xYXc4VHkta25qQ1FxUGtmbV84c2JWclAtbkh5SVREOFU1bXg0aW9seUlJTy13TE5LWmN2dkNhcw?oc=5,targeted news query,Low,inference,"Thu, 23 Jul 2026",inferred,,,
"Cable One, Inc.",SEC EDGAR full-text search,Unconfirmed,FO-function not proven from the firm's own site/filing/exemption (name / 13F / press / registry do not prove function),Unresolved-Quarantine,,,,,True,,,,"210 E. EARLL DRIVE, PHOENIX, AZ, 85012",,"Thu, 23 Jul 2026",news,50,Rejected,Unresolved-Quarantine: does not count (FO-function not proven from the firm's own site/filing/exemption (name / 13F / press / registry do not prove function)),,,,,,,unresolved,,,,,,,,,,unresolved,,,,,,,,,,unresolved,,,,SEC-registered filer; industry: Cable & Other Pay Television Services.,SEC EDGAR submissions CIK 0001632127,SEC entity record,High,fact,2026-07-24,verified,,,,,,,,,,unresolved,,,,,,,,,,unresolved,,,,,,,,,,unresolved,,,,,,,,,,unresolved,,,,602-364-6000,SEC EDGAR submissions CIK 0001632127,official SEC filing (business phone),High,fact,2026-07-24,verified,firm-level,,,Cable One to Host Conference Call to Discuss Second Quarter 2026 Results - Business Wire,https://news.google.com/rss/articles/CBMiyAFBVV95cUxPUkNPb3YyUGlZWGdacjlZZl84T2tFbG4zWmh0R3M0VUhiNkF4WFFJRnRjdzNUUW10SFpsRnRKejQxMjREUmpPMi1MTDFnX1M4a3BRSEZzaWh3RXpVb293blh6Rk1KcFN1Y3E1WWpDSnF1Mmp6XzU1dDJGTU16dGlHcXZuS0FsRTZkNU9uZGt6OGJPajQwaGptNGJzOE4xc3liTnlMdmRwb1YtOUkzUEVJMGdwNFdQT0tqOEpNbXdhb0p5YUFYV2tCTw?oc=5,targeted news query,Low,inference,"Thu, 23 Jul 2026",inferred,,,
Geller Select Alternatives LLC,SEC EDGAR full-text search,Unconfirmed,FO-function not proven from the firm's own site/filing/exemption (name / 13F / press / registry do not prove function),Unresolved-Quarantine,,,,,True,,,,"101 PARK AVENUE, SUITE 3100, NEW YORK, NY, 10178",,"Sun, 08 Jan 2023",fund,50,Rejected,Unresolved-Quarantine: does not count (FO-function not proven from the firm's own site/filing/exemption (name / 13F / press / registry do not prove function)),,,,,,,unresolved,,,,,,,,,,unresolved,,,,,,,,,,unresolved,,,,,,,,,,unresolved,,,,,,,,,,unresolved,,,,,,,,,,unresolved,,,,,,,,,,unresolved,,,,,,,,,,unresolved,,,,8884623033,SEC EDGAR submissions CIK 0001574527,official SEC filing (business phone),High,fact,2026-03-24,verified,firm-level,,,Geller raises $65m for two PE funds - Citywire,https://news.google.com/rss/articles/CBMihgFBVV95cUxPTFVTdGpYR0w2c2hDZFQ3eDlqWGZhY3piUnBkcHB2M09SVU5sZFlHeS1SdzV4R3RUWlBVSjBMRlJrUFRfa3diTUtneDhZUncxZWpSanBLbGFyVXNHSUsxQ2F3YWphSTBrT1lvM1JSNmdqVjlzRXp0TXR3QXNXLThRV3dKU0ZaUQ?oc=5,targeted news query,Low,inference,"Sun, 08 Jan 2023",inferred,,,
Wilshire Private Assets Master Fund,SEC EDGAR full-text search,Unconfirmed,FO-function not proven from the firm's own site/filing/exemption (name / 13F / press / registry do not prove function),Unresolved-Quarantine,,,,,True,,,,"ONE FREEDOM VALLEY DRIVE, OAKS, PA, 19456",,"Wed, 14 May 2025",fund,50,Rejected,Unresolved-Quarantine: does not count (FO-function not proven from the firm's own site/filing/exemption (name / 13F / press / registry do not prove function)),,,,,,,unresolved,,,,,,,,,,unresolved,,,,,,,,,,unresolved,,,,,,,,,,unresolved,,,,,,,,,,unresolved,,,,,,,,,,unresolved,,,,,,,,,,unresolved,,,,,,,,,,unresolved,,,,610-676-1000,SEC EDGAR submissions CIK 0001807333,official SEC filing (business phone),High,fact,2026-06-10,verified,firm-level,,,AAM Partners with Wilshire to Expand Distribution of the Wilshire Private Assets Fund - PR Newswire,https://news.google.com/rss/articles/CBMi2AFBVV95cUxOanV3bG9RcFJqdEhHTzljSndyemRMUHZ3NkRZYUdMMUdic2kxQWxnRWNoSDFoN0VCSDk4SEpSRWxyQlZIS203S3pZbkVLUFp1dTdpNXhWNXg1Nk5BVGR3bWRSRjJSa0ZJaWNtX0hqUEktckNMZEctaWxQdzN1ZW1kbGM5NlV6LVItLVN1MWxXT3l0V01BT0toUTR4Ulc2Q2IyNTh1bnYwQ1lXWVFpb1djZWo2MGk1MGMweWd3QXY5NTdBd0Z4NEZNb09tOWlhU0MtcnE3X01Ya1A?oc=5,targeted news query,Low,inference,"Wed, 14 May 2025",inferred,,,
Wilshire Offshore Alternative Yield Solutions Ltd.,SEC EDGAR full-text search,Unconfirmed,FO-function not proven from the firm's own site/filing/exemption (name / 13F / press / registry do not prove function),Unresolved-Quarantine,,,,,True,,,,"1299 OCEAN AVENUE, SUITE 600, SANTA MONICA, CA, 90401",,,,25,Rejected,Unresolved-Quarantine: does not count (FO-function not proven from the firm's own site/filing/exemption (name / 13F / press / registry do not prove function)),,,,,,,unresolved,,,,,,,,,,unresolved,,,,,,,,,,unresolved,,,,,,,,,,unresolved,,,,,,,,,,unresolved,,,,,,,,,,unresolved,,,,,,,,,,unresolved,,,,,,,,,,unresolved,,,,310-451-3051,SEC EDGAR submissions CIK 0002058496,official SEC filing (business phone),High,fact,2026-02-12,verified,firm-level,,,,,,,,,unresolved,,,
"Wilshire MNCPPC Employees' Retirement System Global, L.P.",SEC EDGAR full-text search,Unconfirmed,FO-function not proven from the firm's own site/filing/exemption (name / 13F / press / registry do not prove function),Unresolved-Quarantine,,,,,True,,,,"1299 OCEAN AVENUE, SUITE 700, SANTA MONICA, CA, 90401-1085",,,,25,Rejected,Unresolved-Quarantine: does not count (FO-function not proven from the firm's own site/filing/exemption (name / 13F / press / registry do not prove function)),,,,,,,unresolved,,,,,,,,,,unresolved,,,,,,,,,,unresolved,,,,,,,,,,unresolved,,,,,,,,,,unresolved,,,,,,,,,,unresolved,,,,,,,,,,unresolved,,,,,,,,,,unresolved,,,,(310) 451-3051,SEC EDGAR submissions CIK 0001566929,official SEC filing (business phone),High,fact,2026-02-12,verified,firm-level,,,,,,,,,unresolved,,,
"Wilshire Private Markets Real Estate Family Office Fund I, L.P.",SEC EDGAR full-text search,Unconfirmed,FO-function not proven from the firm's own site/filing/exemption (name / 13F / press / registry do not prove function),Unresolved-Quarantine,,,,,True,,,,"1299 OCEAN AVENUE, SUITE 700, SANTA MONICA, CA, 90401-1085",,,,25,Rejected,Unresolved-Quarantine: does not count (FO-function not proven from the firm's own site/filing/exemption (name / 13F / press / registry do not prove function)),,,,,,,unresolved,,,,,,,,,,unresolved,,,,,,,,,,unresolved,,,,,,,,,,unresolved,,,,,,,,,,unresolved,,,,,,,,,,unresolved,,,,,,,,,,unresolved,,,,,,,,,,unresolved,,,,(310) 451-3051,SEC EDGAR submissions CIK 0001581864,official SEC filing (business phone),High,fact,2026-02-12,verified,firm-level,,,,,,,,,unresolved,,,
"Wilshire Global Private Markets Fund IX, L.P.",SEC EDGAR full-text search,Unconfirmed,FO-function not proven from the firm's own site/filing/exemption (name / 13F / press / registry do not prove function),Unresolved-Quarantine,,,,,True,,,,"1299 OCEAN AVENUE, SUITE 700, SANTA MONICA, CA, 90401",,,,25,Rejected,Unresolved-Quarantine: does not count (FO-function not proven from the firm's own site/filing/exemption (name / 13F / press / registry do not prove function)),,,,,,,unresolved,,,,,,,,,,unresolved,,,,,,,,,,unresolved,,,,,,,,,,unresolved,,,,,,,,,,unresolved,,,,,,,,,,unresolved,,,,,,,,,,unresolved,,,,,,,,,,unresolved,,,,310-451-3051,SEC EDGAR submissions CIK 0001601652,official SEC filing (business phone),High,fact,2026-02-12,verified,firm-level,,,,,,,,,unresolved,,,
Wilshire Advisors LLC,SEC EDGAR full-text search,Unconfirmed,FO-function not proven from the firm's own site/filing/exemption (name / 13F / press / registry do not prove function),Unresolved-Quarantine,,,,,True,,,,"1299 OCEAN AVENUE, SUITE 600, SANTA MONICA, CA, 90401",,"Mon, 16 Mar 2026",news,50,Rejected,Unresolved-Quarantine: does not count (FO-function not proven from the firm's own site/filing/exemption (name / 13F / press / registry do not prove function)),$10.3M (13F portfolio value),https://www.sec.gov/Archives/edgar/data/1616628/000117266126002805/primary_doc.xml,"13F tableValueTotal — US-listed equities only, not full AUM",High,fact,2026-07-27,inferred,,,,,,,,,,unresolved,,,,,,,,,,unresolved,,,,,,,,,,unresolved,,,,,,,,,,unresolved,,,,Chief Compliance Officer,https://www.sec.gov/Archives/edgar/data/1616628/000117266126002805/primary_doc.xml,13F signature block,High,fact,2026-07-27,verified,,,,,,,,,,unresolved,,,,,,,,,,unresolved,,,,310-451-3051,SEC EDGAR submissions CIK 0001616628,official SEC filing (business phone),High,fact,2026-07-27,verified,firm-level,,,Wilshire 5000 Index Sold After Provider Closes - planadviser,https://news.google.com/rss/articles/CBMigAFBVV95cUxPNDBjZHI5YkNDVjdib2hPZ01QTl9uc0h5LWxwTWxUdEZ4QW1zZkczRlNYRDE1dmRTRlpEOEIxNTBhSDI0c0pHVk0xMmpmWGhSa0s4bEFsRkFtZEN4Nm94cG0yUnZmekRKTWlEMHBZNzFVRzZIdGw5YUNHMXZRelR1VQ?oc=5,targeted news query,Low,inference,"Mon, 16 Mar 2026",inferred,,,
"BVK Europe Opportunities Fund I, L.P.",SEC EDGAR full-text search,Unconfirmed,FO-function not proven from the firm's own site/filing/exemption (name / 13F / press / registry do not prove function),Unresolved-Quarantine,,,,,True,,,,"C/O WILSHIRE ASSOCIATES INCORPORATED, 1299 OCEAN AVENUE, SUITE 700, SANTA MONICA, CA, 90401-1085",,,,25,Rejected,Unresolved-Quarantine: does not count (FO-function not proven from the firm's own site/filing/exemption (name / 13F / press / registry do not prove function)),,,,,,,unresolved,,,,,,,,,,unresolved,,,,,,,,,,unresolved,,,,,,,,,,unresolved,,,,,,,,,,unresolved,,,,,,,,,,unresolved,,,,,,,,,,unresolved,,,,,,,,,,unresolved,,,,310-451-3051,SEC EDGAR submissions CIK 0001631938,official SEC filing (business phone),High,fact,2026-02-12,verified,firm-level,,,,,,,,,unresolved,,,
"Summit Hill Real Assets Fund, L.P.",SEC EDGAR full-text search,Unconfirmed,FO-function not proven from the firm's own site/filing/exemption (name / 13F / press / registry do not prove function),Unresolved-Quarantine,,,,,True,,,,"1299 OCEAN AVENUE, SUITE 700, SANTA MONICA, CA, 90401",,,,25,Rejected,Unresolved-Quarantine: does not count (FO-function not proven from the firm's own site/filing/exemption (name / 13F / press / registry do not prove function)),,,,,,,unresolved,,,,,,,,,,unresolved,,,,,,,,,,unresolved,,,,,,,,,,unresolved,,,,,,,,,,unresolved,,,,,,,,,,unresolved,,,,,,,,,,unresolved,,,,,,,,,,unresolved,,,,3104513051,SEC EDGAR submissions CIK 0001772586,official SEC filing (business phone),High,fact,2026-02-12,verified,firm-level,,,,,,,,,unresolved,,,
"Summit Hill Credit Fund, L.P.",SEC EDGAR full-text search,Unconfirmed,FO-function not proven from the firm's own site/filing/exemption (name / 13F / press / registry do not prove function),Unresolved-Quarantine,,,,,True,,,,"1299 OCEAN AVENUE, SUITE 700, SANTA MONICA, CA, 90401",,,,25,Rejected,Unresolved-Quarantine: does not count (FO-function not proven from the firm's own site/filing/exemption (name / 13F / press / registry do not prove function)),,,,,,,unresolved,,,,,,,,,,unresolved,,,,,,,,,,unresolved,,,,,,,,,,unresolved,,,,,,,,,,unresolved,,,,,,,,,,unresolved,,,,,,,,,,unresolved,,,,,,,,,,unresolved,,,,3104513051,SEC EDGAR submissions CIK 0001772600,official SEC filing (business phone),High,fact,2026-02-12,verified,firm-level,,,,,,,,,unresolved,,,
"Wilshire Private Markets Family Office Fund IV, L.P.",SEC EDGAR full-text search,Unconfirmed,FO-function not proven from the firm's own site/filing/exemption (name / 13F / press / registry do not prove function),Unresolved-Quarantine,,,,,True,,,,"1299 OCEAN AVENUE, SUITE 700, SANTA MONICA, CA, 90401",,,,25,Rejected,Unresolved-Quarantine: does not count (FO-function not proven from the firm's own site/filing/exemption (name / 13F / press / registry do not prove function)),,,,,,,unresolved,,,,,,,,,,unresolved,,,,,,,,,,unresolved,,,,,,,,,,unresolved,,,,,,,,,,unresolved,,,,,,,,,,unresolved,,,,,,,,,,unresolved,,,,,,,,,,unresolved,,,,310-451-3051,SEC EDGAR submissions CIK 0001784999,official SEC filing (business phone),High,fact,2026-02-12,verified,firm-level,,,,,,,,,unresolved,,,
"Wilshire Private Equity Annual Fund Series, L.P.",SEC EDGAR full-text search,Unconfirmed,FO-function not proven from the firm's own site/filing/exemption (name / 13F / press / registry do not prove function),Unresolved-Quarantine,,,,,True,,,,"1299 OCEAN AVE, SUITE 700, SANTA MONICA, CA, 90401-1085",,,,25,Rejected,Unresolved-Quarantine: does not count (FO-function not proven from the firm's own site/filing/exemption (name / 13F / press / registry do not prove function)),,,,,,,unresolved,,,,,,,,,,unresolved,,,,,,,,,,unresolved,,,,,,,,,,unresolved,,,,,,,,,,unresolved,,,,,,,,,,unresolved,,,,,,,,,,unresolved,,,,,,,,,,unresolved,,,,3104513051,SEC EDGAR submissions CIK 0001806443,official SEC filing (business phone),High,fact,2026-02-12,verified,firm-level,,,,,,,,,unresolved,,,
"Wilshire Private Credit Annual Fund Series, L.P.",SEC EDGAR full-text search,Unconfirmed,FO-function not proven from the firm's own site/filing/exemption (name / 13F / press / registry do not prove function),Unresolved-Quarantine,,,,,True,,,,"1299 OCEAN AVE, SUITE 700, SANTA MONICA, CA, 90401-1085",,,,25,Rejected,Unresolved-Quarantine: does not count (FO-function not proven from the firm's own site/filing/exemption (name / 13F / press / registry do not prove function)),,,,,,,unresolved,,,,,,,,,,unresolved,,,,,,,,,,unresolved,,,,,,,,,,unresolved,,,,,,,,,,unresolved,,,,,,,,,,unresolved,,,,,,,,,,unresolved,,,,,,,,,,unresolved,,,,3104513051,SEC EDGAR submissions CIK 0001806466,official SEC filing (business phone),High,fact,2026-02-12,verified,firm-level,,,,,,,,,unresolved,,,
Vincentian Family Office,ProPublica Nonprofit Explorer (Form 990),Unconfirmed,FO-function not proven from the firm's own site/filing/exemption (name / 13F / press / registry do not prove function),Unresolved-Quarantine,,,,,True,,,,"Philadelphia, PA",,"Tue, 10 Jan 2017",news,25,Rejected,Unresolved-Quarantine: does not count (FO-function not proven from the firm's own site/filing/exemption (name / 13F / press / registry do not prove function)),,,,,,,unresolved,,,,,,,,,,unresolved,,,,,,,,,,unresolved,,,,,,,,,,unresolved,,,,,,,,,,unresolved,,,,,,,,,,unresolved,,,,,,,,,,unresolved,,,,,,,,,,unresolved,,,,,,,,,,unresolved,firm-level,,,"In Germantown, Vincentians worldwide plan global service to the poor - CatholicPhilly",https://news.google.com/rss/articles/CBMiuwFBVV95cUxOS0N6WmM0Q1ZWQURpeFdZa25pOGV4aDh0NlRuc2NGb2x6c2NoTHdNOTRPVF91M1RsWWpkcVYzeVlrQXV6NHNJN3JJUWd3dlh4b0xrLU9wWlBnLXpkYmZCSW56RkoySjhwU3RjUDdsRW16NXdTeHdFOWhqdm1scXk3Tm00eDlKY0pKWW1tUTh4X3NrR0syRHdfQWpvVTZFSFYweXRVSEJCd2N2ai10aXZXT29PdGE3aDJOeC1j?oc=5,targeted news query,Low,inference,"Tue, 10 Jan 2017",inferred,,,
Family Office Principles Inc,ProPublica Nonprofit Explorer (Form 990),Unconfirmed,FO-function not proven from the firm's own site/filing/exemption (name / 13F / press / registry do not prove function),Unresolved-Quarantine,,,,,True,,,,"Mamaroneck, NY",,,,0,Rejected,Unresolved-Quarantine: does not count (FO-function not proven from the firm's own site/filing/exemption (name / 13F / press / registry do not prove function)),,,,,,,unresolved,,,,,,,,,,unresolved,,,,,,,,,,unresolved,,,,,,,,,,unresolved,,,,,,,,,,unresolved,,,,,,,,,,unresolved,,,,,,,,,,unresolved,,,,,,,,,,unresolved,,,,,,,,,,unresolved,firm-level,,,,,,,,,unresolved,,,
Family Office University Network,ProPublica Nonprofit Explorer (Form 990),Unconfirmed,FO-function not proven from the firm's own site/filing/exemption (name / 13F / press / registry do not prove function),Unresolved-Quarantine,,,,,True,,,,"Seattle, WA",,,,0,Rejected,Unresolved-Quarantine: does not count (FO-function not proven from the firm's own site/filing/exemption (name / 13F / press / registry do not prove function)),,,,,,,unresolved,,,,,,,,,,unresolved,,,,,,,,,,unresolved,,,,,,,,,,unresolved,,,,,,,,,,unresolved,,,,,,,,,,unresolved,,,,,,,,,,unresolved,,,,,,,,,,unresolved,,,,,,,,,,unresolved,firm-level,,,,,,,,,unresolved,,,
Family Office Foundation Incorporated,ProPublica Nonprofit Explorer (Form 990),Unconfirmed,FO-function not proven from the firm's own site/filing/exemption (name / 13F / press / registry do not prove function),Unresolved-Quarantine,,,,,True,,,,"Newport Beach, CA",,,,0,Rejected,Unresolved-Quarantine: does not count (FO-function not proven from the firm's own site/filing/exemption (name / 13F / press / registry do not prove function)),,,,,,,unresolved,,,,,,,,,,unresolved,,,,,,,,,,unresolved,,,,,,,,,,unresolved,,,,,,,,,,unresolved,,,,,,,,,,unresolved,,,,,,,,,,unresolved,,,,,,,,,,unresolved,,,,,,,,,,unresolved,firm-level,,,,,,,,,unresolved,,,
Arington Family Office Foundation,ProPublica Nonprofit Explorer (Form 990),Unconfirmed,FO-function not proven from the firm's own site/filing/exemption (name / 13F / press / registry do not prove function),Unresolved-Quarantine,,,,,True,,,,"Mason, OH",,,,0,Rejected,Unresolved-Quarantine: does not count (FO-function not proven from the firm's own site/filing/exemption (name / 13F / press / registry do not prove function)),,,,,,,unresolved,,,,,,,,,,unresolved,,,,,,,,,,unresolved,,,,,,,,,,unresolved,,,,,,,,,,unresolved,,,,,,,,,,unresolved,,,,,,,,,,unresolved,,,,,,,,,,unresolved,,,,,,,,,,unresolved,firm-level,,,,,,,,,unresolved,,,
Family Business Office Center,ProPublica Nonprofit Explorer (Form 990),Unconfirmed,FO-function not proven from the firm's own site/filing/exemption (name / 13F / press / registry do not prove function),Unresolved-Quarantine,,,,,True,,,,"Knoxville, TN",,,,0,Rejected,Unresolved-Quarantine: does not count (FO-function not proven from the firm's own site/filing/exemption (name / 13F / press / registry do not prove function)),,,,,,,unresolved,,,,,,,,,,unresolved,,,,,,,,,,unresolved,,,,,,,,,,unresolved,,,,,,,,,,unresolved,,,,,,,,,,unresolved,,,,,,,,,,unresolved,,,,,,,,,,unresolved,,,,,,,,,,unresolved,firm-level,,,,,,,,,unresolved,,,
Family Office Bioforum Inc,ProPublica Nonprofit Explorer (Form 990),Unconfirmed,FO-function not proven from the firm's own site/filing/exemption (name / 13F / press / registry do not prove function),Unresolved-Quarantine,,,,,True,,,,"Boston, MA",,,,0,Rejected,Unresolved-Quarantine: does not count (FO-function not proven from the firm's own site/filing/exemption (name / 13F / press / registry do not prove function)),,,,,,,unresolved,,,,,,,,,,unresolved,,,,,,,,,,unresolved,,,,,,,,,,unresolved,,,,,,,,,,unresolved,,,,,,,,,,unresolved,,,,,,,,,,unresolved,,,,,,,,,,unresolved,,,,,,,,,,unresolved,firm-level,,,,,,,,,unresolved,,,
Midwest Family Office Forum,ProPublica Nonprofit Explorer (Form 990),Unconfirmed,FO-function not proven from the firm's own site/filing/exemption (name / 13F / press / registry do not prove function),Unresolved-Quarantine,,,,,True,,,,"Chicago, IL",,,,0,Rejected,Unresolved-Quarantine: does not count (FO-function not proven from the firm's own site/filing/exemption (name / 13F / press / registry do not prove function)),,,,,,,unresolved,,,,,,,,,,unresolved,,,,,,,,,,unresolved,,,,,,,,,,unresolved,,,,,,,,,,unresolved,,,,,,,,,,unresolved,,,,,,,,,,unresolved,,,,,,,,,,unresolved,,,,,,,,,,unresolved,firm-level,,,,,,,,,unresolved,,,
Family Office Legacy Inc,ProPublica Nonprofit Explorer (Form 990),Unconfirmed,FO-function not proven from the firm's own site/filing/exemption (name / 13F / press / registry do not prove function),Unresolved-Quarantine,,,,,True,,,,"Chandler, AZ",,,,0,Rejected,Unresolved-Quarantine: does not count (FO-function not proven from the firm's own site/filing/exemption (name / 13F / press / registry do not prove function)),,,,,,,unresolved,,,,,,,,,,unresolved,,,,,,,,,,unresolved,,,,,,,,,,unresolved,,,,,,,,,,unresolved,,,,,,,,,,unresolved,,,,,,,,,,unresolved,,,,,,,,,,unresolved,,,,,,,,,,unresolved,firm-level,,,,,,,,,unresolved,,,
Prestige Family Office University,ProPublica Nonprofit Explorer (Form 990),Unconfirmed,FO-function not proven from the firm's own site/filing/exemption (name / 13F / press / registry do not prove function),Unresolved-Quarantine,,,,,True,,,,"Chalfont, PA",,,,0,Rejected,Unresolved-Quarantine: does not count (FO-function not proven from the firm's own site/filing/exemption (name / 13F / press / registry do not prove function)),,,,,,,unresolved,,,,,,,,,,unresolved,,,,,,,,,,unresolved,,,,,,,,,,unresolved,,,,,,,,,,unresolved,,,,,,,,,,unresolved,,,,,,,,,,unresolved,,,,,,,,,,unresolved,,,,,,,,,,unresolved,firm-level,,,,,,,,,unresolved,,,
Creo Family Office Syndicate,ProPublica Nonprofit Explorer (Form 990),Unconfirmed,FO-function not proven from the firm's own site/filing/exemption (name / 13F / press / registry do not prove function),Unresolved-Quarantine,,,,,True,,,,"New York, NY",,"Fri, 12 Apr 2019",news,25,Rejected,Unresolved-Quarantine: does not count (FO-function not proven from the firm's own site/filing/exemption (name / 13F / press / registry do not prove function)),,,,,,,unresolved,,,,,,,,,,unresolved,,,,,,,,,,unresolved,,,,,,,,,,unresolved,,,,,,,,,,unresolved,,,,,,,,,,unresolved,,,,,,,,,,unresolved,,,,,,,,,,unresolved,,,,,,,,,,unresolved,firm-level,,,CREO Syndicate brings unique model to family office space - Buyouts,https://news.google.com/rss/articles/CBMikwFBVV95cUxObHBmX3B6cFV4bEwxOGhRZWdTbk9HYkRQLUhqNnJPZjF6V2ptN28xRFQ3M3ZndjNoNzN1YU1TeldMZjFZYzQ4SGdsa09kR1Bld2dPYzBWRkdyZ19VV1Y2dGNWX2h2MlA5X1ZrLTQ2MkJPS3Z1dl8xNVVYellFa3lldmxMWHJRSzV4UFFlOG9uejVfODA?oc=5,targeted news query,Low,inference,"Fri, 12 Apr 2019",inferred,,,
Carolinas Family Office Forum Inc,ProPublica Nonprofit Explorer (Form 990),Unconfirmed,FO-function not proven from the firm's own site/filing/exemption (name / 13F / press / registry do not prove function),Unresolved-Quarantine,,,,,True,,,,"Chapel Hill, NC",,,,0,Rejected,Unresolved-Quarantine: does not count (FO-function not proven from the firm's own site/filing/exemption (name / 13F / press / registry do not prove function)),,,,,,,unresolved,,,,,,,,,,unresolved,,,,,,,,,,unresolved,,,,,,,,,,unresolved,,,,,,,,,,unresolved,,,,,,,,,,unresolved,,,,,,,,,,unresolved,,,,,,,,,,unresolved,,,,,,,,,,unresolved,firm-level,,,,,,,,,unresolved,,,
Florida Family Office Forum Inc,ProPublica Nonprofit Explorer (Form 990),Unconfirmed,FO-function not proven from the firm's own site/filing/exemption (name / 13F / press / registry do not prove function),Unresolved-Quarantine,,,,,True,,,,"Palm Beach, FL",,,,0,Rejected,Unresolved-Quarantine: does not count (FO-function not proven from the firm's own site/filing/exemption (name / 13F / press / registry do not prove function)),,,,,,,unresolved,,,,,,,,,,unresolved,,,,,,,,,,unresolved,,,,,,,,,,unresolved,,,,,,,,,,unresolved,,,,,,,,,,unresolved,,,,,,,,,,unresolved,,,,,,,,,,unresolved,,,,,,,,,,unresolved,firm-level,,,,,,,,,unresolved,,,
Family Office Round Table - Denver,ProPublica Nonprofit Explorer (Form 990),Unconfirmed,FO-function not proven from the firm's own site/filing/exemption (name / 13F / press / registry do not prove function),Unresolved-Quarantine,,,,,True,,,,"Denver, CO",,,,0,Rejected,Unresolved-Quarantine: does not count (FO-function not proven from the firm's own site/filing/exemption (name / 13F / press / registry do not prove function)),,,,,,,unresolved,,,,,,,,,,unresolved,,,,,,,,,,unresolved,,,,,,,,,,unresolved,,,,,,,,,,unresolved,,,,,,,,,,unresolved,,,,,,,,,,unresolved,,,,,,,,,,unresolved,,,,,,,,,,unresolved,firm-level,,,,,,,,,unresolved,,,
Family Office Principals Group 2 Inc,ProPublica Nonprofit Explorer (Form 990),Unconfirmed,FO-function not proven from the firm's own site/filing/exemption (name / 13F / press / registry do not prove function),Unresolved-Quarantine,,,,,True,,,,"Fort Worth, TX",,,,0,Rejected,Unresolved-Quarantine: does not count (FO-function not proven from the firm's own site/filing/exemption (name / 13F / press / registry do not prove function)),,,,,,,unresolved,,,,,,,,,,unresolved,,,,,,,,,,unresolved,,,,,,,,,,unresolved,,,,,,,,,,unresolved,,,,,,,,,,unresolved,,,,,,,,,,unresolved,,,,,,,,,,unresolved,,,,,,,,,,unresolved,firm-level,,,,,,,,,unresolved,,,
Family Offices Consortia Fund Inc,ProPublica Nonprofit Explorer (Form 990),Unconfirmed,FO-function not proven from the firm's own site/filing/exemption (name / 13F / press / registry do not prove function),Unresolved-Quarantine,,,,,True,,,,"Cartersville, GA",,,,0,Rejected,Unresolved-Quarantine: does not count (FO-function not proven from the firm's own site/filing/exemption (name / 13F / press / registry do not prove function)),,,,,,,unresolved,,,,,,,,,,unresolved,,,,,,,,,,unresolved,,,,,,,,,,unresolved,,,,,,,,,,unresolved,,,,,,,,,,unresolved,,,,,,,,,,unresolved,,,,,,,,,,unresolved,,,,,,,,,,unresolved,firm-level,,,,,,,,,unresolved,,,
Summ Foundation C/o Pkfod Family Office,ProPublica Nonprofit Explorer (Form 990),Unconfirmed,FO-function not proven from the firm's own site/filing/exemption (name / 13F / press / registry do not prove function),Unresolved-Quarantine,,,,,True,,,,"Harrison, NY",,,,0,Rejected,Unresolved-Quarantine: does not count (FO-function not proven from the firm's own site/filing/exemption (name / 13F / press / registry do not prove function)),,,,,,,unresolved,,,,,,,,,,unresolved,,,,,,,,,,unresolved,,,,,,,,,,unresolved,,,,,,,,,,unresolved,,,,,,,,,,unresolved,,,,,,,,,,unresolved,,,,,,,,,,unresolved,,,,,,,,,,unresolved,firm-level,,,,,,,,,unresolved,,,
The David D'addario Family Foundation Inc C/o D'addario Family Office Llc,ProPublica Nonprofit Explorer (Form 990),Unconfirmed,FO-function not proven from the firm's own site/filing/exemption (name / 13F / press / registry do not prove function),Unresolved-Quarantine,,,,,True,,,,"Fort Lauderdale, FL",,,,0,Rejected,Unresolved-Quarantine: does not count (FO-function not proven from the firm's own site/filing/exemption (name / 13F / press / registry do not prove function)),,,,,,,unresolved,,,,,,,,,,unresolved,,,,,,,,,,unresolved,,,,,,,,,,unresolved,,,,,,,,,,unresolved,,,,,,,,,,unresolved,,,,,,,,,,unresolved,,,,,,,,,,unresolved,,,,,,,,,,unresolved,firm-level,,,,,,,,,unresolved,,,
Al-anon Family Groups Office Of Southern California Inc,ProPublica Nonprofit Explorer (Form 990),Unconfirmed,FO-function not proven from the firm's own site/filing/exemption (name / 13F / press / registry do not prove function),Unresolved-Quarantine,,,,,True,,,,"Glendale, CA",,,,0,Rejected,Unresolved-Quarantine: does not count (FO-function not proven from the firm's own site/filing/exemption (name / 13F / press / registry do not prove function)),,,,,,,unresolved,,,,,,,,,,unresolved,,,,,,,,,,unresolved,,,,,,,,,,unresolved,,,,,,,,,,unresolved,,,,,,,,,,unresolved,,,,,,,,,,unresolved,,,,,,,,,,unresolved,,,,,,,,,,unresolved,firm-level,,,,,,,,,unresolved,,,
Uniformed Fire Officers Family Protection Plan,ProPublica Nonprofit Explorer (Form 990),Unconfirmed,FO-function not proven from the firm's own site/filing/exemption (name / 13F / press / registry do not prove function),Unresolved-Quarantine,,,,,True,,,,"New York, NY",,,,0,Rejected,Unresolved-Quarantine: does not count (FO-function not proven from the firm's own site/filing/exemption (name / 13F / press / registry do not prove function)),,,,,,,unresolved,,,,,,,,,,unresolved,,,,,,,,,,unresolved,,,,,,,,,,unresolved,,,,,,,,,,unresolved,,,,,,,,,,unresolved,,,,,,,,,,unresolved,,,,,,,,,,unresolved,,,,,,,,,,unresolved,firm-level,,,,,,,,,unresolved,,,
Al-anon Family Groups Office Of San Diego County Inc,ProPublica Nonprofit Explorer (Form 990),Unconfirmed,FO-function not proven from the firm's own site/filing/exemption (name / 13F / press / registry do not prove function),Unresolved-Quarantine,,,,,True,,,,"San Diego, CA",,,,0,Rejected,Unresolved-Quarantine: does not count (FO-function not proven from the firm's own site/filing/exemption (name / 13F / press / registry do not prove function)),,,,,,,unresolved,,,,,,,,,,unresolved,,,,,,,,,,unresolved,,,,,,,,,,unresolved,,,,,,,,,,unresolved,,,,,,,,,,unresolved,,,,,,,,,,unresolved,,,,,,,,,,unresolved,,,,,,,,,,unresolved,firm-level,,,,,,,,,unresolved,,,
Mill Town Community Trust Inc C/o Pathstone Family Office,ProPublica Nonprofit Explorer (Form 990),Unconfirmed,FO-function not proven from the firm's own site/filing/exemption (name / 13F / press / registry do not prove function),Unresolved-Quarantine,,,,,True,,,,"Providence, RI",,,,0,Rejected,Unresolved-Quarantine: does not count (FO-function not proven from the firm's own site/filing/exemption (name / 13F / press / registry do not prove function)),,,,,,,unresolved,,,,,,,,,,unresolved,,,,,,,,,,unresolved,,,,,,,,,,unresolved,,,,,,,,,,unresolved,,,,,,,,,,unresolved,,,,,,,,,,unresolved,,,,,,,,,,unresolved,,,,,,,,,,unresolved,firm-level,,,,,,,,,unresolved,,,
Uniformed Fire Officers Assoc Family Protection Plan,ProPublica Nonprofit Explorer (Form 990),Unconfirmed,FO-function not proven from the firm's own site/filing/exemption (name / 13F / press / registry do not prove function),Unresolved-Quarantine,,,,,True,,,,"Yonkers, NY",,,,0,Rejected,Unresolved-Quarantine: does not count (FO-function not proven from the firm's own site/filing/exemption (name / 13F / press / registry do not prove function)),,,,,,,unresolved,,,,,,,,,,unresolved,,,,,,,,,,unresolved,,,,,,,,,,unresolved,,,,,,,,,,unresolved,,,,,,,,,,unresolved,,,,,,,,,,unresolved,,,,,,,,,,unresolved,,,,,,,,,,unresolved,firm-level,,,,,,,,,unresolved,,,
Bridge & Tunnel Officers Benevolent Assoc Family Protection Plan,ProPublica Nonprofit Explorer (Form 990),Unconfirmed,FO-function not proven from the firm's own site/filing/exemption (name / 13F / press / registry do not prove function),Unresolved-Quarantine,,,,,True,,,,"Massapequa, NY",,,,0,Rejected,Unresolved-Quarantine: does not count (FO-function not proven from the firm's own site/filing/exemption (name / 13F / press / registry do not prove function)),,,,,,,unresolved,,,,,,,,,,unresolved,,,,,,,,,,unresolved,,,,,,,,,,unresolved,,,,,,,,,,unresolved,,,,,,,,,,unresolved,,,,,,,,,,unresolved,,,,,,,,,,unresolved,,,,,,,,,,unresolved,firm-level,,,,,,,,,unresolved,,,
Uniformed Fire Officers Association Family Protection Plan Local 854 I,ProPublica Nonprofit Explorer (Form 990),Unconfirmed,FO-function not proven from the firm's own site/filing/exemption (name / 13F / press / registry do not prove function),Unresolved-Quarantine,,,,,True,,,,"New York, NY",,,,0,Rejected,Unresolved-Quarantine: does not count (FO-function not proven from the firm's own site/filing/exemption (name / 13F / press / registry do not prove function)),,,,,,,unresolved,,,,,,,,,,unresolved,,,,,,,,,,unresolved,,,,,,,,,,unresolved,,,,,,,,,,unresolved,,,,,,,,,,unresolved,,,,,,,,,,unresolved,,,,,,,,,,unresolved,,,,,,,,,,unresolved,firm-level,,,,,,,,,unresolved,,,
Wolstencroft Family Foundation,ProPublica Nonprofit Explorer (Form 990),Unconfirmed,FO-function not proven from the firm's own site/filing/exemption (name / 13F / press / registry do not prove function),Unresolved-Quarantine,,,,,True,,,,"Edison, NJ",,,,0,Rejected,Unresolved-Quarantine: does not count (FO-function not proven from the firm's own site/filing/exemption (name / 13F / press / registry do not prove function)),,,,,,,unresolved,,,,,,,,,,unresolved,,,,,,,,,,unresolved,,,,,,,,,,unresolved,,,,,,,,,,unresolved,,,,,,,,,,unresolved,,,,,,,,,,unresolved,,,,,,,,,,unresolved,,,,,,,,,,unresolved,firm-level,,,,,,,,,unresolved,,,
Schlessman Foundation Inc,ProPublica Nonprofit Explorer (Form 990),Unconfirmed,FO-function not proven from the firm's own site/filing/exemption (name / 13F / press / registry do not prove function),Unresolved-Quarantine,,,,,True,,,,"Denver, CO",,,,0,Rejected,Unresolved-Quarantine: does not count (FO-function not proven from the firm's own site/filing/exemption (name / 13F / press / registry do not prove function)),,,,,,,unresolved,,,,,,,,,,unresolved,,,,,,,,,,unresolved,,,,,,,,,,unresolved,,,,,,,,,,unresolved,,,,,,,,,,unresolved,,,,,,,,,,unresolved,,,,,,,,,,unresolved,,,,,,,,,,unresolved,firm-level,,,,,,,,,unresolved,,,
Child & Family Services Of Michigan,ProPublica Nonprofit Explorer (Form 990),Unconfirmed,FO-function not proven from the firm's own site/filing/exemption (name / 13F / press / registry do not prove function),Unresolved-Quarantine,,,,,True,,,,"Lansing, MI",,,,0,Rejected,Unresolved-Quarantine: does not count (FO-function not proven from the firm's own site/filing/exemption (name / 13F / press / registry do not prove function)),,,,,,,unresolved,,,,,,,,,,unresolved,,,,,,,,,,unresolved,,,,,,,,,,unresolved,,,,,,,,,,unresolved,,,,,,,,,,unresolved,,,,,,,,,,unresolved,,,,,,,,,,unresolved,,,,,,,,,,unresolved,firm-level,,,,,,,,,unresolved,,,
One Place Family Justice Center,ProPublica Nonprofit Explorer (Form 990),Unconfirmed,FO-function not proven from the firm's own site/filing/exemption (name / 13F / press / registry do not prove function),Unresolved-Quarantine,,,,,True,,,,"Montgomery, AL",,"Thu, 23 Jul 2026",news,25,Rejected,Unresolved-Quarantine: does not count (FO-function not proven from the firm's own site/filing/exemption (name / 13F / press / registry do not prove function)),,,,,,,unresolved,,,,,,,,,,unresolved,,,,,,,,,,unresolved,,,,,,,,,,unresolved,,,,,,,,,,unresolved,,,,,,,,,,unresolved,,,,,,,,,,unresolved,,,,,,,,,,unresolved,,,,,,,,,,unresolved,firm-level,,,One Place Family Justice expands services awareness - Luverne Journal,https://news.google.com/rss/articles/CBMiqgFBVV95cUxOTHlyVGtpaHJScmxNREVVLThFVGRGRU1FQzNYenVpSC0zYmE1a19oRDJnNXI1bGxEVVVlaGFlMmktLW45U3d4RE5ucElGSFNVcmc4U29YQjNWUldtX1J1c0IzQklOYVV6WV94T2NvTV9Xa2xvSnktSzJ3TmU3N3dIVjQtMTlyT3Bwd2JLa05zYW9wamZLQllBNTRiejczLXRrS2I1SC10YVVlUQ?oc=5,targeted news query,Low,inference,"Thu, 23 Jul 2026",inferred,,,
Milwaukee Archdiocesan Office For World Mission,ProPublica Nonprofit Explorer (Form 990),Unconfirmed,FO-function not proven from the firm's own site/filing/exemption (name / 13F / press / registry do not prove function),Unresolved-Quarantine,,,,,True,,,,"Elm Grove, WI",,,,0,Rejected,Unresolved-Quarantine: does not count (FO-function not proven from the firm's own site/filing/exemption (name / 13F / press / registry do not prove function)),,,,,,,unresolved,,,,,,,,,,unresolved,,,,,,,,,,unresolved,,,,,,,,,,unresolved,,,,,,,,,,unresolved,,,,,,,,,,unresolved,,,,,,,,,,unresolved,,,,,,,,,,unresolved,,,,,,,,,,unresolved,firm-level,,,,,,,,,unresolved,,,
Family Motor Coach Association,ProPublica Nonprofit Explorer (Form 990),Unconfirmed,FO-function not proven from the firm's own site/filing/exemption (name / 13F / press / registry do not prove function),Unresolved-Quarantine,,,,,True,,,,"Longwood, FL",,"Wed, 29 Oct 2025",news,25,Rejected,Unresolved-Quarantine: does not count (FO-function not proven from the firm's own site/filing/exemption (name / 13F / press / registry do not prove function)),,,,,,,unresolved,,,,,,,,,,unresolved,,,,,,,,,,unresolved,,,,,,,,,,unresolved,,,,,,,,,,unresolved,,,,,,,,,,unresolved,,,,,,,,,,unresolved,,,,,,,,,,unresolved,,,,,,,,,,unresolved,firm-level,,,Family RV Association Announces New Executive Director - RVBusiness,https://news.google.com/rss/articles/CBMihAFBVV95cUxPSlpSZElSdW9JSlphT0JFaTJjenlXMzA5Sk1oMmJJWlFjX2pCRFhrQl9rWjFGZXNzSUNnSXpEZXhEUjdRUThuWG5fVkdkTG1tV2phSDR5QUxXZnNzNEt0UExmdWpibGItd2VWN3RYTlFrZXNFQlhUMV9pVEhnYUFzY2FydGI?oc=5,targeted news query,Low,inference,"Wed, 29 Oct 2025",inferred,,,
Al Anon Family Groups Of Detroit Area,ProPublica Nonprofit Explorer (Form 990),Unconfirmed,FO-function not proven from the firm's own site/filing/exemption (name / 13F / press / registry do not prove function),Unresolved-Quarantine,,,,,True,,,,"Farmingtn Hls, MI",,,,0,Rejected,Unresolved-Quarantine: does not count (FO-function not proven from the firm's own site/filing/exemption (name / 13F / press / registry do not prove function)),,,,,,,unresolved,,,,,,,,,,unresolved,,,,,,,,,,unresolved,,,,,,,,,,unresolved,,,,,,,,,,unresolved,,,,,,,,,,unresolved,,,,,,,,,,unresolved,,,,,,,,,,unresolved,,,,,,,,,,unresolved,firm-level,,,,,,,,,unresolved,,,
Civil Service Employees Association,ProPublica Nonprofit Explorer (Form 990),Unconfirmed,FO-function not proven from the firm's own site/filing/exemption (name / 13F / press / registry do not prove function),Unresolved-Quarantine,,,,,True,,,,"Albany, NY",,"Mon, 06 Jul 2026",news,25,Rejected,Unresolved-Quarantine: does not count (FO-function not proven from the firm's own site/filing/exemption (name / 13F / press / registry do not prove function)),,,,,,,unresolved,,,,,,,,,,unresolved,,,,,,,,,,unresolved,,,,,,,,,,unresolved,,,,,,,,,,unresolved,,,,,,,,,,unresolved,,,,,,,,,,unresolved,,,,,,,,,,unresolved,,,,,,,,,,unresolved,firm-level,,,“This Agreement Delivers Meaningful Wage Increases And Helps Address Affordability Challenges Working People Are Facing” - The Civil Service Employees Association & New York State Reach A Five-Year Tentative Contract Agreement - WNY Labor Today,https://news.google.com/rss/articles/CBMiowNBVV95cUxPbWhOUmhiTXlzOV9CeEJXVkJsQ2ZHckE2QUFlOWNmeVlZbVRMVFlkMGUtaE1RcTBDeWZzN3NEVWdCMjIyUHR2X1NjSUpyZnB5RW9URG5xdkxMbERHOXpTLTJjdjB6emlLWmltaFYzaW4yak84VXJuQnFzMWszTGwzSWtyamFVUkRSai1EQVpqSHdKeUVfcVBVZk11SkNwOUJFcTZmekc1MTZBeUZseWNFVk1uMUR5ekM0T0hqZlJBc1d1NDFqRFc5Qkh4T2VCS3FoRXRQQ2U0VGJpUmJTUnVCbFNoWl9TTkNfNGVJNEpzdUQ2bmYxdUFVQ1N4QUszR1FiNk8zSTdaeWV5a3RTdE5XTW16YVpqSXF6WlFPZS1xbjFWWF9OekpaOEo1aVdBeHdRNnBOajJ1QXptWFY0SDJLbE9xSzhGZUo4eHhVVzl6Qm5hdkRRSXFfSW4tNHI4Y1lsbWpJUWNNZ2YxSXY5Y3lJU1F4UHNmdXZZdUF5UDhJWFJvZk5uRFJWZ2tEaE1ma3FpaFFKMUlmMXNWU3dGZ0lFVm5KSQ?oc=5,targeted news query,Low,inference,"Mon, 06 Jul 2026",inferred,,,
Family Foundation,ProPublica Nonprofit Explorer (Form 990),Unconfirmed,FO-function not proven from the firm's own site/filing/exemption (name / 13F / press / registry do not prove function),Unresolved-Quarantine,,,,,True,,,,"Richmond, VA",,"Mon, 27 Jul 2026",news,25,Rejected,Unresolved-Quarantine: does not count (FO-function not proven from the firm's own site/filing/exemption (name / 13F / press / registry do not prove function)),,,,,,,unresolved,,,,,,,,,,unresolved,,,,,,,,,,unresolved,,,,,,,,,,unresolved,,,,,,,,,,unresolved,,,,,,,,,,unresolved,,,,,,,,,,unresolved,,,,,,,,,,unresolved,,,,,,,,,,unresolved,firm-level,,,"The Monday Interview: Tony Ford on K3, the Ford Family Foundation and why he loves social enterprise - TheBusinessDesk.com",https://news.google.com/rss/articles/CBMi6AFBVV95cUxOUkhyVExVX1Q5T2I4N01GRVNJX3N6MTBiM1pTVW1SYmFnSmk3TGZRd2Itc3lGWndYMjNPcXZDUkVUdnUwWFVlREF3Z0tUOHN4ZWFWRWxLb3lXVEMwdkFFUkVPYzZ0bDd2RnltdVVhTXBXQ18wM1d5dmh3cjdydzlhcE9Nc0tDajdpUzV0cDdKbHpmcFY5LVZ2LTJzN05kRnFXWWU0RUEycXFRNTFvVVlLdjU4Qkg5LXkzSHphTXM1WVhPWElxTThMdi1lN0x4SUJ3dXJpRWMtRHFfZ2tGZlFKczBvNjBkblVu?oc=5,targeted news query,Low,inference,"Mon, 27 Jul 2026",inferred,,,
Family To Family Foundation,ProPublica Nonprofit Explorer (Form 990),Unconfirmed,FO-function not proven from the firm's own site/filing/exemption (name / 13F / press / registry do not prove function),Unresolved-Quarantine,,,,,True,,,,"Phoenix, AZ",,,,0,Rejected,Unresolved-Quarantine: does not count (FO-function not proven from the firm's own site/filing/exemption (name / 13F / press / registry do not prove function)),,,,,,,unresolved,,,,,,,,,,unresolved,,,,,,,,,,unresolved,,,,,,,,,,unresolved,,,,,,,,,,unresolved,,,,,,,,,,unresolved,,,,,,,,,,unresolved,,,,,,,,,,unresolved,,,,,,,,,,unresolved,firm-level,,,,,,,,,unresolved,,,
Family Foundations Cooperative,ProPublica Nonprofit Explorer (Form 990),Unconfirmed,FO-function not proven from the firm's own site/filing/exemption (name / 13F / press / registry do not prove function),Unresolved-Quarantine,,,,,True,,,,"Las Vegas, NV",,,,0,Rejected,Unresolved-Quarantine: does not count (FO-function not proven from the firm's own site/filing/exemption (name / 13F / press / registry do not prove function)),,,,,,,unresolved,,,,,,,,,,unresolved,,,,,,,,,,unresolved,,,,,,,,,,unresolved,,,,,,,,,,unresolved,,,,,,,,,,unresolved,,,,,,,,,,unresolved,,,,,,,,,,unresolved,,,,,,,,,,unresolved,firm-level,,,,,,,,,unresolved,,,
The Mcguire Family Family Foundation,ProPublica Nonprofit Explorer (Form 990),Unconfirmed,FO-function not proven from the firm's own site/filing/exemption (name / 13F / press / registry do not prove function),Unresolved-Quarantine,,,,,True,,,,"Weston, MA",,,,0,Rejected,Unresolved-Quarantine: does not count (FO-function not proven from the firm's own site/filing/exemption (name / 13F / press / registry do not prove function)),,,,,,,unresolved,,,,,,,,,,unresolved,,,,,,,,,,unresolved,,,,,,,,,,unresolved,,,,,,,,,,unresolved,,,,,,,,,,unresolved,,,,,,,,,,unresolved,,,,,,,,,,unresolved,,,,,,,,,,unresolved,firm-level,,,,,,,,,unresolved,,,
My Family The Family Foundation,ProPublica Nonprofit Explorer (Form 990),Unconfirmed,FO-function not proven from the firm's own site/filing/exemption (name / 13F / press / registry do not prove function),Unresolved-Quarantine,,,,,True,,,,"Orange, TX",,,,0,Rejected,Unresolved-Quarantine: does not count (FO-function not proven from the firm's own site/filing/exemption (name / 13F / press / registry do not prove function)),,,,,,,unresolved,,,,,,,,,,unresolved,,,,,,,,,,unresolved,,,,,,,,,,unresolved,,,,,,,,,,unresolved,,,,,,,,,,unresolved,,,,,,,,,,unresolved,,,,,,,,,,unresolved,,,,,,,,,,unresolved,firm-level,,,,,,,,,unresolved,,,
Rjs Family Foundation,ProPublica Nonprofit Explorer (Form 990),Unconfirmed,FO-function not proven from the firm's own site/filing/exemption (name / 13F / press / registry do not prove function),Unresolved-Quarantine,,,,,True,,,,"Prairie Vlg, KS",,,,0,Rejected,Unresolved-Quarantine: does not count (FO-function not proven from the firm's own site/filing/exemption (name / 13F / press / registry do not prove function)),,,,,,,unresolved,,,,,,,,,,unresolved,,,,,,,,,,unresolved,,,,,,,,,,unresolved,,,,,,,,,,unresolved,,,,,,,,,,unresolved,,,,,,,,,,unresolved,,,,,,,,,,unresolved,,,,,,,,,,unresolved,firm-level,,,,,,,,,unresolved,,,
Havner Family Foundation,ProPublica Nonprofit Explorer (Form 990),Unconfirmed,FO-function not proven from the firm's own site/filing/exemption (name / 13F / press / registry do not prove function),Unresolved-Quarantine,,,,,True,,,,"Park City, UT",,,,0,Rejected,Unresolved-Quarantine: does not count (FO-function not proven from the firm's own site/filing/exemption (name / 13F / press / registry do not prove function)),,,,,,,unresolved,,,,,,,,,,unresolved,,,,,,,,,,unresolved,,,,,,,,,,unresolved,,,,,,,,,,unresolved,,,,,,,,,,unresolved,,,,,,,,,,unresolved,,,,,,,,,,unresolved,,,,,,,,,,unresolved,firm-level,,,,,,,,,unresolved,,,
Family Gifting Foundation,ProPublica Nonprofit Explorer (Form 990),Unconfirmed,FO-function not proven from the firm's own site/filing/exemption (name / 13F / press / registry do not prove function),Unresolved-Quarantine,,,,,True,,,,"Grapevine, TX",,,,0,Rejected,Unresolved-Quarantine: does not count (FO-function not proven from the firm's own site/filing/exemption (name / 13F / press / registry do not prove function)),,,,,,,unresolved,,,,,,,,,,unresolved,,,,,,,,,,unresolved,,,,,,,,,,unresolved,,,,,,,,,,unresolved,,,,,,,,,,unresolved,,,,,,,,,,unresolved,,,,,,,,,,unresolved,,,,,,,,,,unresolved,firm-level,,,,,,,,,unresolved,,,
Footprints Family Foundation,ProPublica Nonprofit Explorer (Form 990),Unconfirmed,FO-function not proven from the firm's own site/filing/exemption (name / 13F / press / registry do not prove function),Unresolved-Quarantine,,,,,True,,,,"Windsor, MA",,,,0,Rejected,Unresolved-Quarantine: does not count (FO-function not proven from the firm's own site/filing/exemption (name / 13F / press / registry do not prove function)),,,,,,,unresolved,,,,,,,,,,unresolved,,,,,,,,,,unresolved,,,,,,,,,,unresolved,,,,,,,,,,unresolved,,,,,,,,,,unresolved,,,,,,,,,,unresolved,,,,,,,,,,unresolved,,,,,,,,,,unresolved,firm-level,,,,,,,,,unresolved,,,
Mock Family Foundation,ProPublica Nonprofit Explorer (Form 990),Unconfirmed,FO-function not proven from the firm's own site/filing/exemption (name / 13F / press / registry do not prove function),Unresolved-Quarantine,,,,,True,,,,"Collegeville, PA",,,,0,Rejected,Unresolved-Quarantine: does not count (FO-function not proven from the firm's own site/filing/exemption (name / 13F / press / registry do not prove function)),,,,,,,unresolved,,,,,,,,,,unresolved,,,,,,,,,,unresolved,,,,,,,,,,unresolved,,,,,,,,,,unresolved,,,,,,,,,,unresolved,,,,,,,,,,unresolved,,,,,,,,,,unresolved,,,,,,,,,,unresolved,firm-level,,,,,,,,,unresolved,,,
Wright Family Foundation,ProPublica Nonprofit Explorer (Form 990),Unconfirmed,FO-function not proven from the firm's own site/filing/exemption (name / 13F / press / registry do not prove function),Unresolved-Quarantine,,,,,True,,,,"Washington, DC",,"Wed, 15 Oct 2025",news,25,Rejected,Unresolved-Quarantine: does not count (FO-function not proven from the firm's own site/filing/exemption (name / 13F / press / registry do not prove function)),,,,,,,unresolved,,,,,,,,,,unresolved,,,,,,,,,,unresolved,,,,,,,,,,unresolved,,,,,,,,,,unresolved,,,,,,,,,,unresolved,,,,,,,,,,unresolved,,,,,,,,,,unresolved,,,,,,,,,,unresolved,firm-level,,,Wright Family Foundation renews partnership with WCF - Warriors,https://news.google.com/rss/articles/CBMilAFBVV95cUxPaG5UTkkzS3JFNVFpRDJva0lhcUNfYnhrT196TDBmTllVRmpOOXN5U0tpSFk0amFlUk1KVmVNR0ZtTXM1cklaZWhQcXVTU0JMTmlGeXg0T1c5ZDRBbjZPbmxzZjBzR2hTZ2twQXhXMFJQU09RYnlieWJmbUd6YkdrMERoZnFibU1iX0tJbHFueVhsWWh3?oc=5,targeted news query,Low,inference,"Wed, 15 Oct 2025",inferred,,,
Family Foundations Services,ProPublica Nonprofit Explorer (Form 990),Unconfirmed,FO-function not proven from the firm's own site/filing/exemption (name / 13F / press / registry do not prove function),Unresolved-Quarantine,,,,,True,,,,"Payette, ID",,,,0,Rejected,Unresolved-Quarantine: does not count (FO-function not proven from the firm's own site/filing/exemption (name / 13F / press / registry do not prove function)),,,,,,,unresolved,,,,,,,,,,unresolved,,,,,,,,,,unresolved,,,,,,,,,,unresolved,,,,,,,,,,unresolved,,,,,,,,,,unresolved,,,,,,,,,,unresolved,,,,,,,,,,unresolved,,,,,,,,,,unresolved,firm-level,,,,,,,,,unresolved,,,
Ted Family Foundation,ProPublica Nonprofit Explorer (Form 990),Unconfirmed,FO-function not proven from the firm's own site/filing/exemption (name / 13F / press / registry do not prove function),Unresolved-Quarantine,,,,,True,,,,"Chicago, IL",,,,0,Rejected,Unresolved-Quarantine: does not count (FO-function not proven from the firm's own site/filing/exemption (name / 13F / press / registry do not prove function)),,,,,,,unresolved,,,,,,,,,,unresolved,,,,,,,,,,unresolved,,,,,,,,,,unresolved,,,,,,,,,,unresolved,,,,,,,,,,unresolved,,,,,,,,,,unresolved,,,,,,,,,,unresolved,,,,,,,,,,unresolved,firm-level,,,,,,,,,unresolved,,,
Buuck Family Foundation,ProPublica Nonprofit Explorer (Form 990),Unconfirmed,FO-function not proven from the firm's own site/filing/exemption (name / 13F / press / registry do not prove function),Unresolved-Quarantine,,,,,True,,,,"Scottsdale, AZ",,"Sun, 12 Jan 2025",news,25,Rejected,Unresolved-Quarantine: does not count (FO-function not proven from the firm's own site/filing/exemption (name / 13F / press / registry do not prove function)),,,,,,,unresolved,,,,,,,,,,unresolved,,,,,,,,,,unresolved,,,,,,,,,,unresolved,,,,,,,,,,unresolved,,,,,,,,,,unresolved,,,,,,,,,,unresolved,,,,,,,,,,unresolved,,,,,,,,,,unresolved,firm-level,,,Robert Enno Buuck - Star Tribune,https://news.google.com/rss/articles/CBMidkFVX3lxTE44RWhZRGtKXzY3cHBCaDBReHpaU1dnY3Z4aDFpYUJLVlRoNFpVZ0EzeFRrQjktR19lT2tNeUltUTV2bWdOelE3cF9Qa3Q4NFRSSVZOdFRLcHNmWHU5RGJuYzNBNkZUM0dfb19obFFiWktlTmNJbEE?oc=5,targeted news query,Low,inference,"Sun, 12 Jan 2025",inferred,,,
Patterson Family Foundation,ProPublica Nonprofit Explorer (Form 990),Unconfirmed,FO-function not proven from the firm's own site/filing/exemption (name / 13F / press / registry do not prove function),Unresolved-Quarantine,,,,,True,,,,"Kansas City, MO",,"Tue, 21 Jul 2026",news,25,Rejected,Unresolved-Quarantine: does not count (FO-function not proven from the firm's own site/filing/exemption (name / 13F / press / registry do not prove function)),,,,,,,unresolved,,,,,,,,,,unresolved,,,,,,,,,,unresolved,,,,,,,,,,unresolved,,,,,,,,,,unresolved,,,,,,,,,,unresolved,,,,,,,,,,unresolved,,,,,,,,,,unresolved,,,,,,,,,,unresolved,firm-level,,,Adult Education receives Patterson Family Foundation Grant - The Sabetha Herald,https://news.google.com/rss/articles/CBMiogFBVV95cUxNRlpTTk5CMkhhbFBfZE9ZMTZXRnhUcDBBUUJSLXBiWlhwb1Nyc0ZEYmEyeTVsWFpFZGlYZ2JacUxBREhRN1Z3WkdZQ08zUUUxa2l2TlVWbVp4QlVXMTkzN1JfeDFxYkJhemZYaHFWQ3NzV2ZlMU9jbnBSbWpDTUpBOGpDVlZwUmEzRDJhVUZpcU9EVTRhNzlxU1RSM3dXNXVOVkE?oc=5,targeted news query,Low,inference,"Tue, 21 Jul 2026",inferred,,,
Bezos Family Foundation,ProPublica Nonprofit Explorer (Form 990),Unconfirmed,FO-function not proven from the firm's own site/filing/exemption (name / 13F / press / registry do not prove function),Unresolved-Quarantine,,,,,True,,,,"Seattle, WA",,"Mon, 13 Jul 2026",news,25,Rejected,Unresolved-Quarantine: does not count (FO-function not proven from the firm's own site/filing/exemption (name / 13F / press / registry do not prove function)),,,,,,,unresolved,,,,,,,,,,unresolved,,,,,,,,,,unresolved,,,,,,,,,,unresolved,,,,,,,,,,unresolved,,,,,,,,,,unresolved,,,,,,,,,,unresolved,,,,,,,,,,unresolved,,,,,,,,,,unresolved,firm-level,,,Learning Accelerates When Students Join the Feedback Loop - Bezos Family Foundation,https://news.google.com/rss/articles/CBMipAFBVV95cUxObFMwYWRhWEFYam9QaENsamJDQkNtSmtXRHVlMk1ZQXNlb1dqYlFTeDNua2RnQ3Rod0JvU0t0UEJDQUdDM2laWV9FZmN3SEltRmswQWpjUW5UQUxROVpPSlkxaS1XTFEzdnQxUUZJdTYyNEtVa3ZZUS1oWjFNV1ozSkRFLTB6QXdaTEV5bnZkd2V6ZlBEY0lzeHZIT2xfSG5vOHVNQQ?oc=5,targeted news query,Low,inference,"Mon, 13 Jul 2026",inferred,,,
Argyros Family Foundation,ProPublica Nonprofit Explorer (Form 990),Unconfirmed,FO-function not proven from the firm's own site/filing/exemption (name / 13F / press / registry do not prove function),Unresolved-Quarantine,,,,,True,,,,"Costa Mesa, CA",,"Mon, 27 Jul 2026",news,25,Rejected,Unresolved-Quarantine: does not count (FO-function not proven from the firm's own site/filing/exemption (name / 13F / press / registry do not prove function)),,,,,,,unresolved,,,,,,,,,,unresolved,,,,,,,,,,unresolved,,,,,,,,,,unresolved,,,,,,,,,,unresolved,,,,,,,,,,unresolved,,,,,,,,,,unresolved,,,,,,,,,,unresolved,,,,,,,,,,unresolved,firm-level,,,"George Argyros, Julianne Argyros, Stephanie Argyros & Lisa Argyros - Orange County Business Journal",https://news.google.com/rss/articles/CBMiuwFBVV95cUxPOXdmU041U2NFenBoZjNmQmp3b1Z1MVJsMWpqNE9lMFZHYlpYajZXbjNRTzJqZ19RNVVaM1lNUzVVQVlfU0hJMkhBZDJ2Q0hFN0dYNnhvRnZZdkdNVTdfak5Udi1DZ042d01uVDFyODFYR0tDYmRlVFZrTFZ2OV94OHpQQVZZNHBVQnFkQ21sRXBHY3phSDRIMl9NSmdXbEIwbVdvbmFkczNoU0NjS2x3VU9XWDZ5OHpBdWt3?oc=5,targeted news query,Low,inference,"Mon, 27 Jul 2026",inferred,,,
Cinelli Family Foundation,ProPublica Nonprofit Explorer (Form 990),Unconfirmed,FO-function not proven from the firm's own site/filing/exemption (name / 13F / press / registry do not prove function),Unresolved-Quarantine,,,,,True,,,,"Lawrence, KS",,"Sun, 05 Nov 2023",news,25,Rejected,Unresolved-Quarantine: does not count (FO-function not proven from the firm's own site/filing/exemption (name / 13F / press / registry do not prove function)),,,,,,,unresolved,,,,,,,,,,unresolved,,,,,,,,,,unresolved,,,,,,,,,,unresolved,,,,,,,,,,unresolved,,,,,,,,,,unresolved,,,,,,,,,,unresolved,,,,,,,,,,unresolved,,,,,,,,,,unresolved,firm-level,,,"Albert Cinelli Obituary - Kansas City, MO - Dignity Memorial",https://news.google.com/rss/articles/CBMiiAFBVV95cUxPS1NPWnNrUmtfbE1xVlZLM0llZ0pNMC1WYWUtNzlLSnUtQjFaS1ZvUGpiQngtN2FlRklIV2llT2F1UlFoTmI5cXpzQ3lIbWZkVUtoc3RQU1lFRndzUjdCbEs1aldKeFZ0ajNRRFZ4ZHJkYXhMRmFKYXNtQUVWVlNaVTBpMFhiQWth?oc=5,targeted news query,Low,inference,"Sun, 05 Nov 2023",inferred,,,
Hunter Family Foundation,ProPublica Nonprofit Explorer (Form 990),Unconfirmed,FO-function not proven from the firm's own site/filing/exemption (name / 13F / press / registry do not prove function),Unresolved-Quarantine,,,,,True,,,,"Chicago, IL",,"Thu, 09 Jul 2026",news,25,Rejected,Unresolved-Quarantine: does not count (FO-function not proven from the firm's own site/filing/exemption (name / 13F / press / registry do not prove function)),,,,,,,unresolved,,,,,,,,,,unresolved,,,,,,,,,,unresolved,,,,,,,,,,unresolved,,,,,,,,,,unresolved,,,,,,,,,,unresolved,,,,,,,,,,unresolved,,,,,,,,,,unresolved,,,,,,,,,,unresolved,firm-level,,,Ravinia Opens Transformed Hunter Pavilion As Campaign Reaches $75M - Patch,https://news.google.com/rss/articles/CBMipAFBVV95cUxOVDRMNC1QX1lMYjVzY0hWd0pqd0w5cGxna1haYk90dG5LU1RNTE9hUkJSQThTdHNnQzBOWG05a3d0c19WNExQVU53STdueHlJc3VGZl9ZVFRGOWxKemhzekxkRFJzbjB5MDY2NkdlMGNXSlZXemU2cldaeFJnMmRpZWFqOWtkM2tpU0pRR2JCNExZWmZvemZLVnJvM2xXcUp2N0ZCWA?oc=5,targeted news query,Low,inference,"Thu, 09 Jul 2026",inferred,,,
Farmer Family Foundation,ProPublica Nonprofit Explorer (Form 990),Unconfirmed,FO-function not proven from the firm's own site/filing/exemption (name / 13F / press / registry do not prove function),Unresolved-Quarantine,,,,,True,,,,"Cincinnati, OH",,"Mon, 04 Aug 2025",news,25,Rejected,Unresolved-Quarantine: does not count (FO-function not proven from the firm's own site/filing/exemption (name / 13F / press / registry do not prove function)),,,,,,,unresolved,,,,,,,,,,unresolved,,,,,,,,,,unresolved,,,,,,,,,,unresolved,,,,,,,,,,unresolved,,,,,,,,,,unresolved,,,,,,,,,,unresolved,,,,,,,,,,unresolved,,,,,,,,,,unresolved,firm-level,,,Farmer Family Foundation addresses nursing shortage with $2.35 million gift - University of Cincinnati,https://news.google.com/rss/articles/CBMiygFBVV95cUxPQVJBLWpxNk9JSjEzSk9ZNnlFdmItdkE2S1hkblhjX1pyd19iVFRnMERaX1dHR0szSkRPZ0c3SVdDR3A0NzJqVUpVRExEVlAtNVZGbzdnbUx4enVPRlhkSVJZYzc0UWZGcEJHbkdRVDJHSHU2ZWhWb1VfTnZuZGZ1UmN3RzlmbTR1Nm5xSGxERkVITUlvaTFXRnRfVHFnR2t5ZVFoaWJ2OTBKbTlqdloxVGZQQXdXeWZCaHA1SDlUdXYxa0MtRWFVUjl3?oc=5,targeted news query,Low,inference,"Mon, 04 Aug 2025",inferred,,,
Baustert Family Foundation,ProPublica Nonprofit Explorer (Form 990),Unconfirmed,FO-function not proven from the firm's own site/filing/exemption (name / 13F / press / registry do not prove function),Unresolved-Quarantine,,,,,True,,,,"St Paul, MN",,"Tue, 15 Oct 2024",news,25,Rejected,Unresolved-Quarantine: does not count (FO-function not proven from the firm's own site/filing/exemption (name / 13F / press / registry do not prove function)),,,,,,,unresolved,,,,,,,,,,unresolved,,,,,,,,,,unresolved,,,,,,,,,,unresolved,,,,,,,,,,unresolved,,,,,,,,,,unresolved,,,,,,,,,,unresolved,,,,,,,,,,unresolved,,,,,,,,,,unresolved,firm-level,,,Northern Illinois University Lands $40 Million From Bausterts - Chronicle of Philanthropy,https://news.google.com/rss/articles/CBMimwFBVV95cUxNV3YxRWRwUUR0WmZwNGlEOF84VndxYkNuQ1kyck1qVnZYNjNxWW44YjNvTDk2Ung3Tm0tRlZmNGU3clhid0xKc1pWeEhUUkwyMUdiOVl1MWRCZEhfM2twbE04T3k4VDFRTlZHdU9LR2hucHRpVzhOcmprQ2l1YnFPdldrVmRyZVhERm8wSGg5aWttY2ZfZjlyOVZmOA?oc=5,targeted news query,Low,inference,"Tue, 15 Oct 2024",inferred,,,
Davis Family Foundation,ProPublica Nonprofit Explorer (Form 990),Unconfirmed,FO-function not proven from the firm's own site/filing/exemption (name / 13F / press / registry do not prove function),Unresolved-Quarantine,,,,,True,,,,"Hanover, MD",,"Sun, 26 Apr 2026",news,25,Rejected,Unresolved-Quarantine: does not count (FO-function not proven from the firm's own site/filing/exemption (name / 13F / press / registry do not prove function)),,,,,,,unresolved,,,,,,,,,,unresolved,,,,,,,,,,unresolved,,,,,,,,,,unresolved,,,,,,,,,,unresolved,,,,,,,,,,unresolved,,,,,,,,,,unresolved,,,,,,,,,,unresolved,,,,,,,,,,unresolved,firm-level,,,Erroll B. Davis Jr. - Legacy | Obituary Search,https://news.google.com/rss/articles/CBMiWEFVX3lxTFBFLWRqT19zX216NU9JS2tJeGI2YjRuYlVCeVY5eWVodllvQkRYZ3B1UnJrUzVLM05pODlucXIycFBuSml6QTkwMzB1SlMtckpVSlI4MFQtQ1U?oc=5,targeted news query,Low,inference,"Sun, 26 Apr 2026",inferred,,,
Timashev Family Foundation,ProPublica Nonprofit Explorer (Form 990),Unconfirmed,FO-function not proven from the firm's own site/filing/exemption (name / 13F / press / registry do not prove function),Unresolved-Quarantine,,,,,True,,,,"New York, NY",,"Thu, 16 Feb 2023",news,25,Rejected,Unresolved-Quarantine: does not count (FO-function not proven from the firm's own site/filing/exemption (name / 13F / press / registry do not prove function)),,,,,,,unresolved,,,,,,,,,,unresolved,,,,,,,,,,unresolved,,,,,,,,,,unresolved,,,,,,,,,,unresolved,,,,,,,,,,unresolved,,,,,,,,,,unresolved,,,,,,,,,,unresolved,,,,,,,,,,unresolved,firm-level,,,"Timashev Family Foundation donates $110 million for software innovation center, marking largest university donation ever - The Lantern",https://news.google.com/rss/articles/CBMi6gFBVV95cUxOMVVvRGRDbm5yRjJvN0toOFd2OEtxbDUyWi12ZU1wcS1FelBsbXV2VW9VYXNTZGplRmIzdWpJU3k5aEdpeTQ3UG5xaWdhNk5fMkcySTFtcTFELWdlTHpfTVlKb29TbldzQ2N5TmdWam9jLU1VbWtycnViQ1FCZkJoSDFIczdXMGNEM0x1OFdGcGx0REhWb2ZRUnN4OUJuZ1FjOFFQMzZ3enNxU2xCVHYtQUNGQV81eXNXb0RlMDBZbmlsRHRPbl9NT0Z0RE5jWkpWY2hGcTcwYUZtVl9Vc1A0Qm5pWmdQLUxvMUE?oc=5,targeted news query,Low,inference,"Thu, 16 Feb 2023",inferred,,,
Overdeck Family Foundation,ProPublica Nonprofit Explorer (Form 990),Unconfirmed,FO-function not proven from the firm's own site/filing/exemption (name / 13F / press / registry do not prove function),Unresolved-Quarantine,,,,,True,,,,"New York, NY",,"Tue, 02 Jun 2026",news,25,Rejected,Unresolved-Quarantine: does not count (FO-function not proven from the firm's own site/filing/exemption (name / 13F / press / registry do not prove function)),,,,,,,unresolved,,,,,,,,,,unresolved,,,,,,,,,,unresolved,,,,,,,,,,unresolved,,,,,,,,,,unresolved,,,,,,,,,,unresolved,,,,,,,,,,unresolved,,,,,,,,,,unresolved,,,,,,,,,,unresolved,firm-level,,,The Overdeck Family Foundation: Still Full Steam Ahead on Education - Inside Philanthropy,https://news.google.com/rss/articles/CBMiqgFBVV95cUxPVWV2MVNkb1NvTTNEcU4teTFObEVSa2R6ZnhCd19ZTzhkZEE0ekVTSUQ4LW95UTE1THc4bF90S0ozdmVHY1NWU1hXcDAzN3Y0SlhKRjV3WTBJVzlYQjYzcHBjZjRLUzg1WlNza0FNZVkyMVNaVGdUR2ZzbmpRa21pcFRpTnlqTXIxTlFOUks1cnIxSHo0UlJFdHJLMTE1RmtqWkhJUlNUWllQdw?oc=5,targeted news query,Low,inference,"Tue, 02 Jun 2026",inferred,,,
Silver Family Foundation,ProPublica Nonprofit Explorer (Form 990),Unconfirmed,FO-function not proven from the firm's own site/filing/exemption (name / 13F / press / registry do not prove function),Unresolved-Quarantine,,,,,True,,,,"Portland, OR",,"Sun, 02 Nov 2025",news,25,Rejected,Unresolved-Quarantine: does not count (FO-function not proven from the firm's own site/filing/exemption (name / 13F / press / registry do not prove function)),,,,,,,unresolved,,,,,,,,,,unresolved,,,,,,,,,,unresolved,,,,,,,,,,unresolved,,,,,,,,,,unresolved,,,,,,,,,,unresolved,,,,,,,,,,unresolved,,,,,,,,,,unresolved,,,,,,,,,,unresolved,firm-level,,,The Bravitas Group & The Silver Family Foundation Launch Match to Support Toni’s Kitchen Amid SNAP Freeze - Montclair Local News,https://news.google.com/rss/articles/CBMi1gFBVV95cUxQNjZ2Mk11UVI1ZGgtYy1KTmhFd1cwcmRqbERFaWZUaDJ4SHloRm04djRpMm1NTHFUTUc2Y3NHNFhnVTJUNVJlUzdyNXVveW5kdENBOTRBTFdEeVI4NkhRTW5BQ1l0VzBqYkViTEtaV1Awc0c4OWhFdURGZ3VRXzlLLWdiaFhlbk1WbTNQRTctMUM5NnotdkplcDZRUXB2djJqa0dBRHctY01aazU1bkhEa0M4RXVwdDBTZkJLelJpdkZSUGVRVXJybmR2aDQ0cGhNeC03Y3VB?oc=5,targeted news query,Low,inference,"Sun, 02 Nov 2025",inferred,,,
Hall Family Foundation,ProPublica Nonprofit Explorer (Form 990),Unconfirmed,FO-function not proven from the firm's own site/filing/exemption (name / 13F / press / registry do not prove function),Unresolved-Quarantine,,,,,True,,,,"Kansas City, MO",,"Tue, 24 Feb 2026",news,25,Rejected,Unresolved-Quarantine: does not count (FO-function not proven from the firm's own site/filing/exemption (name / 13F / press / registry do not prove function)),,,,,,,unresolved,,,,,,,,,,unresolved,,,,,,,,,,unresolved,,,,,,,,,,unresolved,,,,,,,,,,unresolved,,,,,,,,,,unresolved,,,,,,,,,,unresolved,,,,,,,,,,unresolved,,,,,,,,,,unresolved,firm-level,,,Hall Family Foundation donates $10 million to Okanagan College - Vernon Matters,https://news.google.com/rss/articles/CBMinwFBVV95cUxOTVFEekdsZUVPWjB2d1ZaUjBqRVhUMEdNQXVZSW5fbzhHeHJMV1ZkaTQzcnBVV3FZOTk3M2p6a0R0Q0pfeTk3Ymo5SUJTcEJUUWhwYmJsQlluWm1mMlM1MTRHcVZCVnNaVTdkaWsxZ3h0T08tUURJTEUwOHRpc0d3YXo2d3NET2g0dVZYZzZHR1J2ZVVPT3hJaEExaE83SlE?oc=5,targeted news query,Low,inference,"Tue, 24 Feb 2026",inferred,,,
Hao Family Foundation,ProPublica Nonprofit Explorer (Form 990),Unconfirmed,FO-function not proven from the firm's own site/filing/exemption (name / 13F / press / registry do not prove function),Unresolved-Quarantine,,,,,True,,,,"Saratoga Spgs, NY",,,,0,Rejected,Unresolved-Quarantine: does not count (FO-function not proven from the firm's own site/filing/exemption (name / 13F / press / registry do not prove function)),,,,,,,unresolved,,,,,,,,,,unresolved,,,,,,,,,,unresolved,,,,,,,,,,unresolved,,,,,,,,,,unresolved,,,,,,,,,,unresolved,,,,,,,,,,unresolved,,,,,,,,,,unresolved,,,,,,,,,,unresolved,firm-level,,,,,,,,,unresolved,,,
Names Family Foundation,ProPublica Nonprofit Explorer (Form 990),Unconfirmed,FO-function not proven from the firm's own site/filing/exemption (name / 13F / press / registry do not prove function),Unresolved-Quarantine,,,,,True,,,,"Fircrest, WA",,"Tue, 17 Mar 2026",hire,25,Rejected,Unresolved-Quarantine: does not count (FO-function not proven from the firm's own site/filing/exemption (name / 13F / press / registry do not prove function)),,,,,,,unresolved,,,,,,,,,,unresolved,,,,,,,,,,unresolved,,,,,,,,,,unresolved,,,,,,,,,,unresolved,,,,,,,,,,unresolved,,,,,,,,,,unresolved,,,,,,,,,,unresolved,,,,,,,,,,unresolved,firm-level,,,"Empowering Coaches: PLU kinesiology receives $900,000 grant from Names Family Foundation - Pacific Lutheran University",https://news.google.com/rss/articles/CBMihAFBVV95cUxNckhWSFgzLVFYa2d0SjhPMHFTeUxWQmhZX29Va1JqdUlzbHJuOEZzZW0tQVVWSlJ3a3JwX1puNUVhODVpQ0RHbGxKaDZlM2pidzU0MFhYTWdMTGpBT1ZGbGx5RlctSzhsWFI2MWJRbUFyUGFTMVZFRFlnczhnaFZFbE5PbU0?oc=5,targeted news query,Low,inference,"Tue, 17 Mar 2026",inferred,,,
Ford Family Foundation,ProPublica Nonprofit Explorer (Form 990),Unconfirmed,FO-function not proven from the firm's own site/filing/exemption (name / 13F / press / registry do not prove function),Unresolved-Quarantine,,,,,True,,,,"Roseburg, OR",,"Mon, 27 Jul 2026",news,25,Rejected,Unresolved-Quarantine: does not count (FO-function not proven from the firm's own site/filing/exemption (name / 13F / press / registry do not prove function)),,,,,,,unresolved,,,,,,,,,,unresolved,,,,,,,,,,unresolved,,,,,,,,,,unresolved,,,,,,,,,,unresolved,,,,,,,,,,unresolved,,,,,,,,,,unresolved,,,,,,,,,,unresolved,,,,,,,,,,unresolved,firm-level,,,"The Monday Interview: Tony Ford on K3, the Ford Family Foundation and why he loves social enterprise - TheBusinessDesk.com",https://news.google.com/rss/articles/CBMi6AFBVV95cUxOUkhyVExVX1Q5T2I4N01GRVNJX3N6MTBiM1pTVW1SYmFnSmk3TGZRd2Itc3lGWndYMjNPcXZDUkVUdnUwWFVlREF3Z0tUOHN4ZWFWRWxLb3lXVEMwdkFFUkVPYzZ0bDd2RnltdVVhTXBXQ18wM1d5dmh3cjdydzlhcE9Nc0tDajdpUzV0cDdKbHpmcFY5LVZ2LTJzN05kRnFXWWU0RUEycXFRNTFvVVlLdjU4Qkg5LXkzSHphTXM1WVhPWElxTThMdi1lN0x4SUJ3dXJpRWMtRHFfZ2tGZlFKczBvNjBkblVu?oc=5,targeted news query,Low,inference,"Mon, 27 Jul 2026",inferred,,,
Crown Family Foundation,ProPublica Nonprofit Explorer (Form 990),Unconfirmed,FO-function not proven from the firm's own site/filing/exemption (name / 13F / press / registry do not prove function),Unresolved-Quarantine,,,,,True,,,,"Chicago, IL",,"Thu, 19 Mar 2026",news,25,Rejected,Unresolved-Quarantine: does not count (FO-function not proven from the firm's own site/filing/exemption (name / 13F / press / registry do not prove function)),,,,,,,unresolved,,,,,,,,,,unresolved,,,,,,,,,,unresolved,,,,,,,,,,unresolved,,,,,,,,,,unresolved,,,,,,,,,,unresolved,,,,,,,,,,unresolved,,,,,,,,,,unresolved,,,,,,,,,,unresolved,firm-level,,,Crown Family - Israel & Jewish News - JNS.org,https://news.google.com/rss/articles/CBMiUkFVX3lxTFBWREtaUEtRVHVoMDVuekIyeHhCcGJYX2YwRjVRSzhIcmk5ZVNZemEwdnVITWpQT3VRRkNVMHlrTG5XLU1MdUZMZ3RSTTlmYmZ1dmc?oc=5,targeted news query,Low,inference,"Thu, 19 Mar 2026",inferred,,,
Jamison Family Foundation,ProPublica Nonprofit Explorer (Form 990),Unconfirmed,FO-function not proven from the firm's own site/filing/exemption (name / 13F / press / registry do not prove function),Unresolved-Quarantine,,,,,True,,,,"New York, NY",,,,0,Rejected,Unresolved-Quarantine: does not count (FO-function not proven from the firm's own site/filing/exemption (name / 13F / press / registry do not prove function)),,,,,,,unresolved,,,,,,,,,,unresolved,,,,,,,,,,unresolved,,,,,,,,,,unresolved,,,,,,,,,,unresolved,,,,,,,,,,unresolved,,,,,,,,,,unresolved,,,,,,,,,,unresolved,,,,,,,,,,unresolved,firm-level,,,,,,,,,unresolved,,,
Crabill Family Foundation,ProPublica Nonprofit Explorer (Form 990),Unconfirmed,FO-function not proven from the firm's own site/filing/exemption (name / 13F / press / registry do not prove function),Unresolved-Quarantine,,,,,True,,,,"San Francisco, CA",,"Wed, 08 Apr 2026",news,25,Rejected,Unresolved-Quarantine: does not count (FO-function not proven from the firm's own site/filing/exemption (name / 13F / press / registry do not prove function)),,,,,,,unresolved,,,,,,,,,,unresolved,,,,,,,,,,unresolved,,,,,,,,,,unresolved,,,,,,,,,,unresolved,,,,,,,,,,unresolved,,,,,,,,,,unresolved,,,,,,,,,,unresolved,,,,,,,,,,unresolved,firm-level,,,Charlie Crabill honored with 2026 Kuss award - Springfield News-Sun,https://news.google.com/rss/articles/CBMizwFBVV95cUxNTUN4QnF5amYwZTZEbXJwelZVMDNMV1BqcVljRXJRemt5OERHUlZRdjZpSUt0ZUJWS3ladzJfUUJhNG9IU0hvQnlqSmw5SUJaRjVETmZxVHF1MEFMUzBJQkxXWF9jaE1ZTG0yNnFZV0Y2TGNzQWduNEFFelpaWW5Mc3c2WmpiZk53am5aYVhwQ2xPUGZTRmp2OFNMWXdjeWR4N18wa1FxU0VfLXBSQWVPVG5temNZMXNoRjctSmdOOFlQRV9fRXR0Q3lTTGF1N0E?oc=5,targeted news query,Low,inference,"Wed, 08 Apr 2026",inferred,,,
Goldring Family Foundation,ProPublica Nonprofit Explorer (Form 990),Unconfirmed,FO-function not proven from the firm's own site/filing/exemption (name / 13F / press / registry do not prove function),Unresolved-Quarantine,,,,,True,,,,"Metairie, LA",,"Tue, 01 May 2012",news,25,Rejected,Unresolved-Quarantine: does not count (FO-function not proven from the firm's own site/filing/exemption (name / 13F / press / registry do not prove function)),,,,,,,unresolved,,,,,,,,,,unresolved,,,,,,,,,,unresolved,,,,,,,,,,unresolved,,,,,,,,,,unresolved,,,,,,,,,,unresolved,,,,,,,,,,unresolved,,,,,,,,,,unresolved,,,,,,,,,,unresolved,firm-level,,,LIFTING A GLASS Bill Goldring - New Orleans Magazine,https://news.google.com/rss/articles/CBMia0FVX3lxTE9nMk91alNYa1FpbkFmbDlCYklKSXVid2ZmWVAzVUFDb1VmQTZMek9uZHM2ZWlnQkJkUEJxcFU2TTVISE5FU2phTWFERTkwTFVLX191MUlEcnd4YWZsT0pWOUZ6R1pQb2pBbDlz?oc=5,targeted news query,Low,inference,"Tue, 01 May 2012",inferred,,,
Sobrato Family Foundation,ProPublica Nonprofit Explorer (Form 990),Unconfirmed,FO-function not proven from the firm's own site/filing/exemption (name / 13F / press / registry do not prove function),Unresolved-Quarantine,,,,,True,,,,"Mountain View, CA",,"Thu, 17 Mar 2022",news,25,Rejected,Unresolved-Quarantine: does not count (FO-function not proven from the firm's own site/filing/exemption (name / 13F / press / registry do not prove function)),,,,,,,unresolved,,,,,,,,,,unresolved,,,,,,,,,,unresolved,,,,,,,,,,unresolved,,,,,,,,,,unresolved,,,,,,,,,,unresolved,,,,,,,,,,unresolved,,,,,,,,,,unresolved,,,,,,,,,,unresolved,firm-level,,,The Personal and the Collective: How Three Generations of the Billionaire Sobrato Family Give - Inside Philanthropy,https://news.google.com/rss/articles/CBMi2gFBVV95cUxQUVJ3UE5vWGhFd3FFR3NiWjhZOTBjeXFPeUtiQUxIXy0tbE5Kcnh4WXd3NEVtX192OUdZT1NLaU5zRkw1UzRoWlhwSThyRzNDTnAxX0RsVTIwTk82X19sS2tEMHpselJ1RWI0dGl6eGthVFBSTnZCdTdTblRSN3Fnd0s3YVJVWmxQYWF1M0ZvaU9qVEQwaVMyWFIxWGpFQ2JtVUdfb1JyQVlyRmhVVFo0c19tWmt5MzJPMUk0S24wMzhlQVBTN1B3bXJ1N1lqTFNib05aYVIxUVlnUQ?oc=5,targeted news query,Low,inference,"Thu, 17 Mar 2022",inferred,,,
Spaht Family Foundation,ProPublica Nonprofit Explorer (Form 990),Unconfirmed,FO-function not proven from the firm's own site/filing/exemption (name / 13F / press / registry do not prove function),Unresolved-Quarantine,,,,,True,,,,"San Francisco, CA",,"Wed, 18 Feb 2026",news,25,Rejected,Unresolved-Quarantine: does not count (FO-function not proven from the firm's own site/filing/exemption (name / 13F / press / registry do not prove function)),,,,,,,unresolved,,,,,,,,,,unresolved,,,,,,,,,,unresolved,,,,,,,,,,unresolved,,,,,,,,,,unresolved,,,,,,,,,,unresolved,,,,,,,,,,unresolved,,,,,,,,,,unresolved,,,,,,,,,,unresolved,firm-level,,,Spaht Family Foundation Endows Dartmouth Peak Performance (DP2) Leadership Role to Advance Student-Athlete Well-Being - Dartmouth College Athletics,https://news.google.com/rss/articles/CBMi_AFBVV95cUxQVmxSVm5wR0xDb3RObVpuMHQ2OEFaeDhTLUwxYWpsLVctRDF0RV8yekl4X2dxT2ZQYVFDajNXTmtBWnpoWUFJY2xnRVVnRnJfc1c5NS1aMERJT1hYMW5LNUVLV0dzS3hKUjF5bG0xeGUzUmxzRUVtbk1aa3FZZFNKNHJYN05kZklDbXNiczJCdzBPYlZKV2RJdXlKRXExY1hpOTQ0bG9WVFMyaFR6bDNYTVlfVXdpMHRFd2xtTEprc3U2VUpJU2RSZVdvazM4NlJURV9BNEx4cjZRbHZ6bHNQLWpNdkJYUGNKcHE4UnpaUUR3QXFPcGJNTTUzM3Y?oc=5,targeted news query,Low,inference,"Wed, 18 Feb 2026",inferred,,,
Wyatt Family Foundation,ProPublica Nonprofit Explorer (Form 990),Unconfirmed,FO-function not proven from the firm's own site/filing/exemption (name / 13F / press / registry do not prove function),Unresolved-Quarantine,,,,,True,,,,"Santa Barbara, CA",,,,0,Rejected,Unresolved-Quarantine: does not count (FO-function not proven from the firm's own site/filing/exemption (name / 13F / press / registry do not prove function)),,,,,,,unresolved,,,,,,,,,,unresolved,,,,,,,,,,unresolved,,,,,,,,,,unresolved,,,,,,,,,,unresolved,,,,,,,,,,unresolved,,,,,,,,,,unresolved,,,,,,,,,,unresolved,,,,,,,,,,unresolved,firm-level,,,,,,,,,unresolved,,,
Dunlap Family Foundation,ProPublica Nonprofit Explorer (Form 990),Unconfirmed,FO-function not proven from the firm's own site/filing/exemption (name / 13F / press / registry do not prove function),Unresolved-Quarantine,,,,,True,,,,"Canonsburg, PA",,"Mon, 29 Jul 2024",news,25,Rejected,Unresolved-Quarantine: does not count (FO-function not proven from the firm's own site/filing/exemption (name / 13F / press / registry do not prove function)),,,,,,,unresolved,,,,,,,,,,unresolved,,,,,,,,,,unresolved,,,,,,,,,,unresolved,,,,,,,,,,unresolved,,,,,,,,,,unresolved,,,,,,,,,,unresolved,,,,,,,,,,unresolved,,,,,,,,,,unresolved,firm-level,,,Tim Dunlap is leading a major company with a small family business feel (Personalities of Pittsburgh) - The Business Journals,https://news.google.com/rss/articles/CBMirAFBVV95cUxOWlJDaXFycGxVTkpuWUhrdlBnbVVSTG0zdzdJcWxUdlNQZE95LS1qeUs3dWZDQVJaNDBfNEdETUZleDRFYVBZNHpBSDQxMmxWTUpoMlBESFNRX2xjSVBoOWxhYWxlU0E1NHZMeGxrQ3A1RUlmWHdTeFdoRV94bzVvamdWRUZ4bkJhaWdrOU5kMzFTV2tVUDJHUzFhYUZHeFl4U0lMbXRubGsyWXFw?oc=5,targeted news query,Low,inference,"Mon, 29 Jul 2024",inferred,,,
Koum Family Foundation,ProPublica Nonprofit Explorer (Form 990),Unconfirmed,FO-function not proven from the firm's own site/filing/exemption (name / 13F / press / registry do not prove function),Unresolved-Quarantine,,,,,True,,,,"Palo Alto, CA",,"Fri, 19 Jun 2026",news,25,Rejected,Unresolved-Quarantine: does not count (FO-function not proven from the firm's own site/filing/exemption (name / 13F / press / registry do not prove function)),,,,,,,unresolved,,,,,,,,,,unresolved,,,,,,,,,,unresolved,,,,,,,,,,unresolved,,,,,,,,,,unresolved,,,,,,,,,,unresolved,,,,,,,,,,unresolved,,,,,,,,,,unresolved,,,,,,,,,,unresolved,firm-level,,,Koum Family Foundation gifts $36 million to L.A.'s Milken Community School for campus expansion - eJewishPhilanthropy,https://news.google.com/rss/articles/CBMixAFBVV95cUxOb3lXUmxSTHFKSy1hNXdudzE1SXpycFJnZ1JNcHZwNzljaV9Tbl9XVHlPNkR4ZVQ2VUQ2QUhSN2x2S0MtQllSNHFVN0dLenRjOEUydkNEU0x1bDNoX3B3Y3kzNnJhdWxZcEFtU0VTS2ZZZGt5a0RSLWU2TEp0aG9ZOFlkRnl1ZW9sYXVXd3lNUVgwajlTS3ZwaUJSeWk0V2xfNFJNSWlUb081M293QUlWdU1SYnQtbVMyLXZTUVBhRlliV1FN?oc=5,targeted news query,Low,inference,"Fri, 19 Jun 2026",inferred,,,
Steans Family Foundation,ProPublica Nonprofit Explorer (Form 990),Unconfirmed,FO-function not proven from the firm's own site/filing/exemption (name / 13F / press / registry do not prove function),Unresolved-Quarantine,,,,,True,,,,"Chicago, IL",,"Thu, 07 May 2026",news,25,Rejected,Unresolved-Quarantine: does not count (FO-function not proven from the firm's own site/filing/exemption (name / 13F / press / registry do not prove function)),,,,,,,unresolved,,,,,,,,,,unresolved,,,,,,,,,,unresolved,,,,,,,,,,unresolved,,,,,,,,,,unresolved,,,,,,,,,,unresolved,,,,,,,,,,unresolved,,,,,,,,,,unresolved,,,,,,,,,,unresolved,firm-level,,,Carol Lavin Bernick & Heather Steans - Crain's Chicago Business,https://news.google.com/rss/articles/CBMilAFBVV95cUxQMndPM1FHT2VWbWJsS0hmYmFuRTBnYUhDV0NUOHdiOV9IeVVjclFid3Z6bkVVNHRENG9xb3B3d2NEWkRxSXB4ekxrbFo1X2Y3QmZiRjVtcmxjNDhZcU5HbGs3amhQOEVtNXNPUGhfSnZzTzhXN284T3c0Y2kwQXpZX1NpTjdZT2lCYUNhNURUY0c3Mkc1?oc=5,targeted news query,Low,inference,"Thu, 07 May 2026",inferred,,,
Mulva Family Foundation,ProPublica Nonprofit Explorer (Form 990),Unconfirmed,FO-function not proven from the firm's own site/filing/exemption (name / 13F / press / registry do not prove function),Unresolved-Quarantine,,,,,True,,,,"Austin, TX",,"Wed, 14 Dec 2016",news,25,Rejected,Unresolved-Quarantine: does not count (FO-function not proven from the firm's own site/filing/exemption (name / 13F / press / registry do not prove function)),,,,,,,unresolved,,,,,,,,,,unresolved,,,,,,,,,,unresolved,,,,,,,,,,unresolved,,,,,,,,,,unresolved,,,,,,,,,,unresolved,,,,,,,,,,unresolved,,,,,,,,,,unresolved,,,,,,,,,,unresolved,firm-level,,,"Mulva Family Foundation Gives $75 Million for Patient Care, Research - Dell Medical School",https://news.google.com/rss/articles/CBMinwFBVV95cUxNVmZ0WTlhQzFKOWVVVWJTeWlOUWpQRUVHNm1weUZfemRNdVFUTUliVXRVSVJRT3VOWWxVWTBPbXRkakg4UkcwWktycC1rZXRIRUY4OXE5RGdKVnNsNDNWT1BTYkNVVEVpSWt0czBUM0J6dHpjZ0NhZHRybElaUV95LWNoc1VNTnVGbjhtOEM4ZzZScU0wR0lJcGZILTR6Z0k?oc=5,targeted news query,Low,inference,"Wed, 14 Dec 2016",inferred,,,
Kallir Family Foundation,ProPublica Nonprofit Explorer (Form 990),Unconfirmed,FO-function not proven from the firm's own site/filing/exemption (name / 13F / press / registry do not prove function),Unresolved-Quarantine,,,,,True,,,,"New York, NY",,,,0,Rejected,Unresolved-Quarantine: does not count (FO-function not proven from the firm's own site/filing/exemption (name / 13F / press / registry do not prove function)),,,,,,,unresolved,,,,,,,,,,unresolved,,,,,,,,,,unresolved,,,,,,,,,,unresolved,,,,,,,,,,unresolved,,,,,,,,,,unresolved,,,,,,,,,,unresolved,,,,,,,,,,unresolved,,,,,,,,,,unresolved,firm-level,,,,,,,,,unresolved,,,
Siemer Family Foundation,ProPublica Nonprofit Explorer (Form 990),Unconfirmed,FO-function not proven from the firm's own site/filing/exemption (name / 13F / press / registry do not prove function),Unresolved-Quarantine,,,,,True,,,,"Columbus, OH",,,,0,Rejected,Unresolved-Quarantine: does not count (FO-function not proven from the firm's own site/filing/exemption (name / 13F / press / registry do not prove function)),,,,,,,unresolved,,,,,,,,,,unresolved,,,,,,,,,,unresolved,,,,,,,,,,unresolved,,,,,,,,,,unresolved,,,,,,,,,,unresolved,,,,,,,,,,unresolved,,,,,,,,,,unresolved,,,,,,,,,,unresolved,firm-level,,,,,,,,,unresolved,,,
Zorich Family Foundation,ProPublica Nonprofit Explorer (Form 990),Unconfirmed,FO-function not proven from the firm's own site/filing/exemption (name / 13F / press / registry do not prove function),Unresolved-Quarantine,,,,,True,,,,"Houston, TX",,,,0,Rejected,Unresolved-Quarantine: does not count (FO-function not proven from the firm's own site/filing/exemption (name / 13F / press / registry do not prove function)),,,,,,,unresolved,,,,,,,,,,unresolved,,,,,,,,,,unresolved,,,,,,,,,,unresolved,,,,,,,,,,unresolved,,,,,,,,,,unresolved,,,,,,,,,,unresolved,,,,,,,,,,unresolved,,,,,,,,,,unresolved,firm-level,,,,,,,,,unresolved,,,
Edgerley Family Foundation,ProPublica Nonprofit Explorer (Form 990),Unconfirmed,FO-function not proven from the firm's own site/filing/exemption (name / 13F / press / registry do not prove function),Unresolved-Quarantine,,,,,True,,,,"Overland Park, KS",,,,0,Rejected,Unresolved-Quarantine: does not count (FO-function not proven from the firm's own site/filing/exemption (name / 13F / press / registry do not prove function)),,,,,,,unresolved,,,,,,,,,,unresolved,,,,,,,,,,unresolved,,,,,,,,,,unresolved,,,,,,,,,,unresolved,,,,,,,,,,unresolved,,,,,,,,,,unresolved,,,,,,,,,,unresolved,,,,,,,,,,unresolved,firm-level,,,,,,,,,unresolved,,,
Stanley Family Foundation,ProPublica Nonprofit Explorer (Form 990),Unconfirmed,FO-function not proven from the firm's own site/filing/exemption (name / 13F / press / registry do not prove function),Unresolved-Quarantine,,,,,True,,,,"Briarcliff, NY",,"Fri, 08 Jan 2016",news,25,Rejected,Unresolved-Quarantine: does not count (FO-function not proven from the firm's own site/filing/exemption (name / 13F / press / registry do not prove function)),,,,,,,unresolved,,,,,,,,,,unresolved,,,,,,,,,,unresolved,,,,,,,,,,unresolved,,,,,,,,,,unresolved,,,,,,,,,,unresolved,,,,,,,,,,unresolved,,,,,,,,,,unresolved,,,,,,,,,,unresolved,firm-level,,,"Ted Stanley, Whose Son’s Illness Inspired Philanthropy, Dies at 84 (Published 2016) - The New York Times",https://news.google.com/rss/articles/CBMikgFBVV95cUxNaWN0ZjFtSkdxR002ZkVhLWdOTFhiX3Y2ajRqc0Jrc251VXowRU11cmUwY3FkdmpvNUgwQ0c1TDk1UGlDaGxyN3ktY0JqQ1FKeFZfZVZiVEdOLUpXbTZJVFJRajNNa1NCSnRpSGwzWGxBdTRKU2ltaGg1aksteXpoaG9jZ2tRZW05Qjd5eG5EbHdSQQ?oc=5,targeted news query,Low,inference,"Fri, 08 Jan 2016",inferred,,,
Pathy Family Foundation,ProPublica Nonprofit Explorer (Form 990),Unconfirmed,FO-function not proven from the firm's own site/filing/exemption (name / 13F / press / registry do not prove function),Unresolved-Quarantine,,,,,True,,,,Canada,,"Fri, 01 Nov 2024",news,25,Rejected,Unresolved-Quarantine: does not count (FO-function not proven from the firm's own site/filing/exemption (name / 13F / press / registry do not prove function)),,,,,,,unresolved,,,,,,,,,,unresolved,,,,,,,,,,unresolved,,,,,,,,,,unresolved,,,,,,,,,,unresolved,,,,,,,,,,unresolved,,,,,,,,,,unresolved,,,,,,,,,,unresolved,,,,,,,,,,unresolved,firm-level,,,Mark Pathy - Axiom Space,https://news.google.com/rss/articles/CBMiW0FVX3lxTE1FdVBhbWtQbXJnQVFwUU5wRjMyOHdCOUYwVGNsSTlsMGh1NVJqZkFZVWF2bU5sZGJzbzNiSGZMbVAtQzlWdmZsRkZoZlk0MjkwZUgtTWQ0emNJWXc?oc=5,targeted news query,Low,inference,"Fri, 01 Nov 2024",inferred,,,
Chestnut Family Foundation,ProPublica Nonprofit Explorer (Form 990),Unconfirmed,FO-function not proven from the firm's own site/filing/exemption (name / 13F / press / registry do not prove function),Unresolved-Quarantine,,,,,True,,,,"Atlanta, GA",,"Sun, 31 Oct 2021",news,25,Rejected,Unresolved-Quarantine: does not count (FO-function not proven from the firm's own site/filing/exemption (name / 13F / press / registry do not prove function)),,,,,,,unresolved,,,,,,,,,,unresolved,,,,,,,,,,unresolved,,,,,,,,,,unresolved,,,,,,,,,,unresolved,,,,,,,,,,unresolved,,,,,,,,,,unresolved,,,,,,,,,,unresolved,,,,,,,,,,unresolved,firm-level,,,Buckhead’s Ben Chestnut makes Mailchimp an icon of Atlanta’s startup scene - buckhead.com,https://news.google.com/rss/articles/CBMinwFBVV95cUxNQ0t4Ynk1SVhaRkJjNTdPb3U3TmxlclNTdWJRNUxKYzQxckpIMEJHcFYwdmVvQWVfZGExWGUxTHNlTTNaUUp5MmhGQXdrd0Jld2Njb0VXaE5ZTDdpNjFMVnBiTi1YTGZCZlVyb0JtSnNXbkk3dWJHM1VLRmU0eHVUMXdONm1PWlhRWXdrMTg1bFIydzVqNG53VmFtWGh3R0E?oc=5,targeted news query,Low,inference,"Sun, 31 Oct 2021",inferred,,,
Strategic Family Office,Google News RSS,Unconfirmed,FO-function not proven from the firm's own site/filing/exemption (name / 13F / press / registry do not prove function),Unresolved-Quarantine,,,,,True,,,,,,,,25,Rejected,"existence unproven: no SEC entity, website, registry location, or named principal",,,,,,,unresolved,,,,,,,,,,unresolved,,,,,,,,,,unresolved,,,,,,,,,,unresolved,,,,,,,,,,unresolved,,,,,,,,,,unresolved,,,,,,,,,,unresolved,,,,,,,,,,unresolved,,,,,,,,,,unresolved,firm-level,,,"Lincoln Property Company Surpasses $2 Billion in 2026 Capital Formation, Anchored by Strategic Family Office Partnerships - Business Wire",https://news.google.com/rss/articles/CBMiiwJBVV95cUxOdU14Z3o3UkZRb014alE4UnFiYXc3UXR1MG5pZGVIUmljckZ1ZEI2MFljeUEzc0o4c0xHd1Nkb0Z5SlVZQmZIM1Y4SkJlZzBnczdHZU9kYjdNaUNRcnI5UHlFT0Z6bVJvWE03dWJnc2ZjMVV3NGFMaUg1ekUyNHpHWmFRcElIQmtPa1Z4cWdJRnhXTmsyQmpVLVFCaTg1ejZpRU1OblByT2g2RnV2Sm11SnM5ZUdVa1JKNk5nV1JwWTh0QlRwd1FZMnVOb3JyY0VTdkpuMXdTZkE4UFc0RG1PNi02R1A4c2swVkRzZ1FRWGxiY2dfQjdsZ0ZwejJ4OVJYQWdLbE5sUkIwcDA?oc=5,news headline,Low,inference,"Mon, 27 Jul 2026",inferred,,,
Mega-IPOs Impact Family Office,Google News RSS,Unconfirmed,FO-function not proven from the firm's own site/filing/exemption (name / 13F / press / registry do not prove function),Unresolved-Quarantine,,,,,True,,,,,,,,25,Rejected,"existence unproven: no SEC entity, website, registry location, or named principal",,,,,,,unresolved,,,,,,,,,,unresolved,,,,,,,,,,unresolved,,,,,,,,,,unresolved,,,,,,,,,,unresolved,,,,,,,,,,unresolved,,,,,,,,,,unresolved,,,,,,,,,,unresolved,,,,,,,,,,unresolved,firm-level,,,How Will Upcoming Mega-IPOs Impact Family Office Formation and Growth? - ai-cio.com,https://news.google.com/rss/articles/CBMinwFBVV95cUxPY0NQbG5MYk5WU1NsZThOZkpDbHZGLTh2UlNqd29lZF90blNDb1Q4RjZpTElucjFvUEZvVFNmN1d0SktRcVdQSFhSc0Q2WlJuakdQRTl6ZmsxSVcyeWxkaXdFaWVqYWxQejB1UVVGYUZGQzVKc09CU182U0JuTDcybzFJdWcyamZyR2tpS1pMaWpJV3Y0R3dmM2JRTGFEYzQ?oc=5,news headline,Low,inference,"Fri, 12 Jun 2026",inferred,,,
Dakota Global Family Office,Google News RSS,Unconfirmed,FO-function not proven from the firm's own site/filing/exemption (name / 13F / press / registry do not prove function),Unresolved-Quarantine,,,,,True,,,,,,,,25,Rejected,"existence unproven: no SEC entity, website, registry location, or named principal",,,,,,,unresolved,,,,,,,,,,unresolved,,,,,,,,,,unresolved,,,,,,,,,,unresolved,,,,,,,,,,unresolved,,,,,,,,,,unresolved,,,,,,,,,,unresolved,,,,,,,,,,unresolved,,,,,,,,,,unresolved,firm-level,,,Dakota Global Family Office 2025 Report - dakota.com,https://news.google.com/rss/articles/CBMihgFBVV95cUxOSUJhVjRpZ1VVQkl0dXdSWTh1UmhUellRMTdFSUtNYUpyYmhNTlA5N2tBVS1tTVhBRlFaMV92RTdTakFQSW9QQTN3OU45MVZkaWtwNXowMTI4MDUySnNKelhtTFNoblVlVjA1NlZQRUtIdmFQX1ctTGNyOFRaelNJU3hiLVVqUdIBlgFBVV95cUxPWHVBeTdSVzBPQ2lQbU5UTlhoVTJfOHFxNFVlUzZIS3VGV0xFWlZ6em5QMjZLNUlMaWs1dkRaVTRfZHBHampkLVBZYTBOd1h4U2VIRFh2VllSVDJXTFFrdWlXOEhvaTdEdXNEUzFtd2Zid2FRTzhGcjk3ckxHVUxyc0ZnR0VaTG1udXQ0ZW51N1g2NkRoOHc?oc=5,news headline,Low,inference,"Wed, 11 Feb 2026",inferred,,,
UBS Family Office,Google News RSS,Unconfirmed,FO-function not proven from the firm's own site/filing/exemption (name / 13F / press / registry do not prove function),Unresolved-Quarantine,,,,,True,,,https://www.ubs.com,,,,,25,Rejected,Unresolved-Quarantine: does not count (FO-function not proven from the firm's own site/filing/exemption (name / 13F / press / registry do not prove function)),,,,,,,unresolved,,,,Investment Bank Investment Bank Visit overview Investment Bank overview What we offer About us Insights Regulatory directory Conferences Investment Bank overview What we offer About us Insights Regulatory directory Conferences,https://www.ubs.com,site copy (investing language),Low,inference,,inferred,,,,,,,,,,unresolved,,,,UBS is a global firm providing financial services in over 50 markets. Visit our site to find out what we offer in your market.,https://www.ubs.com,site homepage / meta description,Medium,fact,,verified,,,,,,,,,,unresolved,,,,,,,,,,unresolved,,,,,,,,,,unresolved,,,,,,,,,,unresolved,,,,,,,,,,unresolved,firm-level,,,"UBS Family Office Report Highlights Strong US Exposure, AI Investment - Family Wealth Report",https://news.google.com/rss/articles/CBMivAFBVV95cUxNWUF1RHNZRmdaSm5HanF5d3M5QWNja2NaVmNnN3RMcE85NVZxWnJnTlpTdkU5ODVWWlQxS2s2Qy1Wa1RCZ1NTWmRGRTluUVVreWM1dnpjY2haZnloS2l2YThheUhLNmhHaGxBSk9hSl9XS25fbkR1Y05lblhLY0p3Nmp3T2Q3NDEwYXkyczVITVFacTFsMmdaTXpwbU5vS0N2ZUpMUTByTkFveFpBNUhLVmlhZjlWbm1DNE9vbg?oc=5,news headline,Low,inference,"Fri, 29 May 2026",inferred,,,
INVL Family Office,Google News RSS,Unconfirmed,FO-function not proven from the firm's own site/filing/exemption (name / 13F / press / registry do not prove function),Unresolved-Quarantine,,,,,True,,,,,,,,25,Rejected,"existence unproven: no SEC entity, website, registry location, or named principal",,,,,,,unresolved,,,,,,,,,,unresolved,,,,,,,,,,unresolved,,,,,,,,,,unresolved,,,,,,,,,,unresolved,,,,,,,,,,unresolved,,,,,,,,,,unresolved,,,,,,,,,,unresolved,,,,,,,,,,unresolved,firm-level,,,INVL Family Office Introduces a Fund Investing in the Rapidly Growing Private Equity Secondary Market - GlobeNewswire,https://news.google.com/rss/articles/CBMigwJBVV95cUxPNmJsTFdZWlNzUzlYdU1YaXpsRF8xeTJQRGg3bjE2ZzFhQVEyazhBQ2ZMVTFwNUc2MUhyZi1NeXZjZlZIN2hnc0ZPRWNkTGV5dXJCYTZyNHQ3ZDlabWgzaTU1SmJoMHFiQUEtWXc4NlJFTlM4bjBCWmxobmZPemk1eVpXY2dEVlkxdllvbTVOdnZPZGFvN2RVMWQtbG5uUU1lUU9QUTZtdGlSZERxM3lSZTZFUHlmcHpJN2Y2TnFuVEVtejRQWEI3RlV4VzFHMWZacUVkWmJ6UG5GVjJYLXBZa1UwZDl5TnFJeW91bV80d3FMSHhMRUU2ZEl1TXE5UHlkLTkw?oc=5,news headline,Low,inference,"Mon, 22 Jun 2026",inferred,,,
Modern Family Office,Google News RSS,Unconfirmed,FO-function not proven from the firm's own site/filing/exemption (name / 13F / press / registry do not prove function),Unresolved-Quarantine,,,,,True,,,,,,,,25,Rejected,"existence unproven: no SEC entity, website, registry location, or named principal",,,,,,,unresolved,,,,,,,,,,unresolved,,,,,,,,,,unresolved,,,,,,,,,,unresolved,,,,,,,,,,unresolved,,,,,,,,,,unresolved,,,,,,,,,,unresolved,,,,,,,,,,unresolved,,,,,,,,,,unresolved,firm-level,,,How AI is Reshaping the Modern Family Office - PwC,https://news.google.com/rss/articles/CBMipgFBVV95cUxNZHlzUm1jcFVNdlRQWGRDMk9tbERCQVZIaVRxVkFDSjIwWlNhSXBxeW1fLXZmRmZodXg4S3paSEpyOGJRQnUxeUgzSmNCRnh4cE5YU3ZZMno5WFlRSlBhUm9FYWVWLU9ZdmlGZ2oyOU9JMWF3d2Q5YmY0Q3czejc0Qi1vam5ydVVyV2pZekFRSF92QzVFLVFBbDY4ejVzOWlWWmg4VVlB?oc=5,news headline,Low,inference,"Mon, 08 Jun 2026",inferred,,,
Alpha Capital Family Office,Google News RSS,Unconfirmed,FO-function not proven from the firm's own site/filing/exemption (name / 13F / press / registry do not prove function),Unresolved-Quarantine,,,,,True,,,,,,,,25,Rejected,"existence unproven: no SEC entity, website, registry location, or named principal",,,,,,,unresolved,,,,,,,,,,unresolved,,,,,,,,,,unresolved,,,,,,,,,,unresolved,,,,,,,,,,unresolved,,,,,,,,,,unresolved,,,,,,,,,,unresolved,,,,,,,,,,unresolved,,,,,,,,,,unresolved,firm-level,,,From Wall Street to The Woodlands: Henry Pizzutello joins Alpha Capital Family Office - Community Impact,https://news.google.com/rss/articles/CBMiwwFBVV95cUxPMkVSRldHWjZ1Z2JzOUQ3aDBzeTBOaU1uU05WYjlOLUFXS3AzcGRYV1lrcnpyTkxVQ0p1cDF0cE13dTdJSENJUEd4aWx2SGctUmdEdlN5WXVyQkF2Z1MzTVcyclVQRlVGMktMbHVlQTFncEJtSlVyNEVkMjhmSW5mOVJOb09qRi05YVVmUDVOMk1CdnBTcjhnNWkxNVdvanpfZG9DRmtLSUZxMjNxaW9sNWJIRlhmQ3NSWGVoTU9ndGtBT2M?oc=5,news headline,Low,inference,"Tue, 07 Jul 2026",inferred,,,
Neil Nisker Family Office,Google News RSS,Unconfirmed,FO-function not proven from the firm's own site/filing/exemption (name / 13F / press / registry do not prove function),Unresolved-Quarantine,,,,,True,,,,,,,,25,Rejected,"existence unproven: no SEC entity, website, registry location, or named principal",,,,,,,unresolved,,,,,,,,,,unresolved,,,,,,,,,,unresolved,,,,,,,,,,unresolved,,,,,,,,,,unresolved,,,,,,,,,,unresolved,,,,,,,,,,unresolved,,,,,,,,,,unresolved,,,,,,,,,,unresolved,firm-level,,,Rethinking Risk Return: Key Takeaways From Neil Nisker Family Office Investment Summit - Family Wealth Report,https://news.google.com/rss/articles/CBMi0AFBVV95cUxPejRsMURWNm9XcG9vUUhHUjJfSWROaDFfa3pkTUhfeU5MQzhqcEg2bGxvLVR2bUs0Y2JyODk3aVBRcFVVa2RZczE3bnk2c2dJR19Bd2NXcXRQWlNHY0tVWFhQZWUtYnI0cGtuUm9XTWtMVkhBeGNxeEs5ekJHNDdxblZEaDZuVEU2R0hkYUtjaHNHQmRfYVZzWDVPWDRreTJJR0tJc3dla1FjZ21PaTdYbVUyN2RyYXM1N3J0VlNiZlBxV2pndFYwV2NpWXo1NTda?oc=5,news headline,Low,inference,"Mon, 01 Dec 2025",inferred,,,
Athlon Family Office,Google News RSS,Unconfirmed,FO-function not proven from the firm's own site/filing/exemption (name / 13F / press / registry do not prove function),Unresolved-Quarantine,,,,,True,,,,,,,,25,Rejected,"existence unproven: no SEC entity, website, registry location, or named principal",,,,,,,unresolved,,,,,,,,,,unresolved,,,,,,,,,,unresolved,,,,,,,,,,unresolved,,,,,,,,,,unresolved,,,,,,,,,,unresolved,,,,,,,,,,unresolved,,,,,,,,,,unresolved,,,,,,,,,,unresolved,firm-level,,,"Athlon Family Office Proudly Hosts the 2nd Annual Elite Family Office Sports Summit in Boca Raton, Florida - Yahoo Finance",https://news.google.com/rss/articles/CBMioAFBVV95cUxPV2F6dmhLbi0tTS1MZ3BWV0dvX3FMbGpma25wd3F1aV9OcHpxQUFnVS1oRkxMbDdvXzgybWJZWkdiTHgyY0ZWUkhUYXVHcV9JXzFLSFoyU3BqdTdWMDM3elpGZ0NDUGdpMDBwTFRMbFNUMTZzWnljSGo3eklucEhxZERCdnNyTUJpZVlQbnc2R2xLUTlqbk52MVZaWkl5Vm9f?oc=5,news headline,Low,inference,"Tue, 19 May 2026",inferred,,,
AC Family Office,Google News RSS,Unconfirmed,FO-function not proven from the firm's own site/filing/exemption (name / 13F / press / registry do not prove function),Unresolved-Quarantine,,,,,True,,,,,,,,35,Rejected,Unresolved-Quarantine: does not count (FO-function not proven from the firm's own site/filing/exemption (name / 13F / press / registry do not prove function)),,,,,,,unresolved,,,,,,,,,,unresolved,,,,,,,,,,unresolved,,,,,,,,,,unresolved,,,,Henry Pizzutello,https://news.google.com/rss/articles/CBMi6wFBVV95cUxQLW1hX3hlQVlSYnVycDVTbkhyTTRXUjJBTWtkalVZSFpJc29OMVFQeEgzVWRCM3VVTlBCX0prNEtnbXhybEZuaC04Y3AzMFRrYjgteldQRk1adk5rNVJzVUlHVDg0eU9tYm1ZdGRvOTlxRTg3b3AzY292THJLNVlQaGJSMzVmdTIzZDk0TWJEWWN0ZmRFanBqbm1XY0tibmpGTU9zT3J6dGktTTZYYzlpOFd0T2Q5X3F5OG1xMGhZUVVIbUhSRkg5ZERpMXA2VGdKZHZWQldLMXo3NXBFbVZtNFJObzJCdi1ueGtB?oc=5,named in news headline (unverified),Low,inference,"Wed, 20 May 2026",inferred,,,,,,,,,,unresolved,,,,,,,,,,unresolved,,,,,,,,,,unresolved,,,,,,,,,,unresolved,firm-level,,,AC Family Office Recruits Henry Pizzutello to Expand Presence in The Woodlands and Beaumont Regions - Morningstar,https://news.google.com/rss/articles/CBMi8gFBVV95cUxPeGpUbkI4NXJYV052dVlvZnlIY0x1cGZJM3Y3ckRyUFk1RExDYWFoVGVjaDd5R1NKWEdZYmFkaGdjZzNxMlRRRGNNSDdSMGg0bGNESUoyUUNNajgzWFFZN0RZR1p5RkgyQlk2ejF6VjRIOE5BcnhHMUtzbTVjcmZNdGpKelFsZkFXaThlZ294c1BjTDVJMVljTmxSYndGOGFQRjVLT3cyRWM2X01xZlpjX3duRHhxY2lBcnJWZk10V3FZSHlMUm12RmlzWk5lRkFKSHlOSExIRm1wTl9Jeko5MU5fSFE3a08wdGVJaWVQbkEtQQ?oc=5,news headline,Low,inference,"Wed, 20 May 2026",inferred,,,
Patel Family Office,Google News RSS,Unconfirmed,FO-function not proven from the firm's own site/filing/exemption (name / 13F / press / registry do not prove function),Unresolved-Quarantine,,,,,True,,,,,,,,25,Rejected,"existence unproven: no SEC entity, website, registry location, or named principal",,,,,,,unresolved,,,,,,,,,,unresolved,,,,,,,,,,unresolved,,,,,,,,,,unresolved,,,,,,,,,,unresolved,,,,,,,,,,unresolved,,,,,,,,,,unresolved,,,,,,,,,,unresolved,,,,,,,,,,unresolved,firm-level,,,"Patel Family Office, Saudi conglomerate AHQ launch $1B hotel platform - Crain Currency",https://news.google.com/rss/articles/CBMiqwFBVV95cUxPYWM1ZEx0MjdERnp2RkFULVRiQm5reGJIaWlIbW5hRnYxZGlJbU9wZDV3NTBLMVJWYnNoTGpHbFAyc083ZUl1OXJOR3NpNFFueGk3WEw2WDJzYmFwSzNES25RM1hqTlIySUlIM3RmYjZ2Vk4wNXB2X21MT1lnRkE4V1JSUUFxWG5ad1hSNEdYQ0RHUTVEMXA1eUQzZm13cmlUTHpTUWZUdFEwbW8?oc=5,news headline,Low,inference,"Fri, 03 Apr 2026",inferred,,,
MI Acquires Family Office,Google News RSS,Unconfirmed,FO-function not proven from the firm's own site/filing/exemption (name / 13F / press / registry do not prove function),Unresolved-Quarantine,,,,,True,,,,,,,,25,Rejected,"existence unproven: no SEC entity, website, registry location, or named principal",,,,,,,unresolved,,,,,,,,,,unresolved,,,,,,,,,,unresolved,,,,,,,,,,unresolved,,,,,,,,,,unresolved,,,,,,,,,,unresolved,,,,,,,,,,unresolved,,,,,,,,,,unresolved,,,,,,,,,,unresolved,firm-level,,,ISS MI Acquires Family Office Data Platform - ai-cio.com,https://news.google.com/rss/articles/CBMifEFVX3lxTE5uNzVmQjdqYi1aS2Z5azVCZFdCOHFPT3RqRzVPUHVKZHpMUzc4NGhzaF91MGhBbWkzZG4tZHR6RjhTMmNEMlVtVVp0OWhNLWJ4QUE0VllYZXB3aFFTcXJSbldFZU5GTVFwLXIzeTN0M1FFT2xBQk1Mcklib1Y?oc=5,news headline,Low,inference,"Tue, 03 Feb 2026",inferred,,,
Raffles Family Office,Google News RSS,Unconfirmed,FO-function not proven from the firm's own site/filing/exemption (name / 13F / press / registry do not prove function),Unresolved-Quarantine,,,,,True,,,,,,,,25,Rejected,"existence unproven: no SEC entity, website, registry location, or named principal",,,,,,,unresolved,,,,,,,,,,unresolved,,,,,,,,,,unresolved,,,,,,,,,,unresolved,,,,,,,,,,unresolved,,,,,,,,,,unresolved,,,,,,,,,,unresolved,,,,,,,,,,unresolved,,,,,,,,,,unresolved,firm-level,,,"Asia's Raffles Family Office Hires Senior Figues In Hong Kong, Singapore - WealthBriefingAsia",https://news.google.com/rss/articles/CBMiwgFBVV95cUxQT0JwS1JTd1g3NWNBSTVMLU9aZmhWbHlMMldERk9ZTlQzSHI2Qll4a3RsaTAxUklpV3RZeWJEQkV1TEFFd3lGenhwalhMRXpXaXlQdkdtSlRWMzRuV0kwc2QxMDROcW01QWFTZl9zV0xsb0t5dUFVenE4MHRjSl85YmxsWkQyMlNROEJ2b1FMdFZYX1h1Zi13ekRpYjM1R0FmeUJFT2o5aS1TRGxiektBNzFHVm9VQnhfMUphRlhJUGpGQQ?oc=5,news headline,Low,inference,"Fri, 19 Jun 2026",inferred,,,
Callan Family Office,Google News RSS,Unconfirmed,FO-function not proven from the firm's own site/filing/exemption (name / 13F / press / registry do not prove function),Unresolved-Quarantine,,,,,True,,,,,,,,25,Rejected,"existence unproven: no SEC entity, website, registry location, or named principal",,,,,,,unresolved,,,,,,,,,,unresolved,,,,,,,,,,unresolved,,,,,,,,,,unresolved,,,,,,,,,,unresolved,,,,,,,,,,unresolved,,,,,,,,,,unresolved,,,,,,,,,,unresolved,,,,,,,,,,unresolved,firm-level,,,"Cresset, Callan Family Office tap veteran leaders for director roles - InvestmentNews",https://news.google.com/rss/articles/CBMitAFBVV95cUxOTjdhbG1DSk1rN1pJUFB4RkxOUGtsdUNiNkdJTHpwOWhKaU1yZVd0QnFJdnhiMklMUkVwNmthYXZjWWFFa0RxaldNOVBzODB1MFYwem5TTXJ4cFREZm1jTjViMnQtNGJ6Qkl3UkxmTmhxUmJfNlNVejRlQmxablBKd2s4X2wwREIxVjhQS3pmTm05N3NwYlNuZVotcEE0M1Z6b0xGYXBhbGxQT1ZDbFRwRXl4MjM?oc=5,news headline,Low,inference,"Wed, 03 Jun 2026",inferred,,,
Singapore Family Office,Google News RSS,Unconfirmed,FO-function not proven from the firm's own site/filing/exemption (name / 13F / press / registry do not prove function),Unresolved-Quarantine,,,,,True,,,,,,,,25,Rejected,"existence unproven: no SEC entity, website, registry location, or named principal",,,,,,,unresolved,,,,,,,,,,unresolved,,,,,,,,,,unresolved,,,,,,,,,,unresolved,,,,,,,,,,unresolved,,,,,,,,,,unresolved,,,,,,,,,,unresolved,,,,,,,,,,unresolved,,,,,,,,,,unresolved,firm-level,,,Bank of Singapore Family Office Adds Senior Hires for Wealth Push - Fintech Singapore,https://news.google.com/rss/articles/CBMimgFBVV95cUxPeTM0anFrd1pkZDh3ZTNFVlMzbWZVWFpJUm5WMnhpRDdhQzlIM0lXdWt0MXFoYlM0bDBOUm1VU2NudWNvVVFsUVhza2JBa2Myb3l4LWhXa2JKWDJ2XzBGakR4aUN3cUxNbjlycXNjYW5tYktvQi1UMGtUelBtbjNSS0tNbURwMVhzYWRHUHI5VzVqNDdwclRMbHJ3?oc=5,news headline,Low,inference,"Tue, 28 Apr 2026",inferred,,,
Google Billionaire Family Office,Google News RSS,Unconfirmed,FO-function not proven from the firm's own site/filing/exemption (name / 13F / press / registry do not prove function),Unresolved-Quarantine,,,,,True,,,,,,,,25,Rejected,"existence unproven: no SEC entity, website, registry location, or named principal",,,,,,,unresolved,,,,,,,,,,unresolved,,,,,,,,,,unresolved,,,,,,,,,,unresolved,,,,,,,,,,unresolved,,,,,,,,,,unresolved,,,,,,,,,,unresolved,,,,,,,,,,unresolved,,,,,,,,,,unresolved,firm-level,,,Google Billionaire Family Office Hires GIC Alum for Green Deals - Bloomberg.com,https://news.google.com/rss/articles/CBMitAFBVV95cUxNOVJYS2hzOENUOVRRY01hWDI1UWlMR3FwcGk5UTYxRktrenlqMTBKSk9QSjlXOGxqU2RXSk5Od0wySW1lNTM0M29lVDh5RkxaMUJNaUpNNklnS085NjR5alFtWlRLcE9GZnlWRm5qTEdRQ1gwME1lbUlvZjNWalRMTzlUSjhxOUtIWFZRZUJYRTMxYlBoUi11SHQ2eDY3NFFXLUlxNzZNQ3NtQzIzeU9CMnVmNWM?oc=5,news headline,Low,inference,"Mon, 11 Mar 2024",inferred,,,
Perot Family Office,Google News RSS,Unconfirmed,FO-function not proven from the firm's own site/filing/exemption (name / 13F / press / registry do not prove function),Unresolved-Quarantine,,,,,True,,,,,,,,25,Rejected,"existence unproven: no SEC entity, website, registry location, or named principal",,,,,,,unresolved,,,,,,,,,,unresolved,,,,,,,,,,unresolved,,,,,,,,,,unresolved,,,,,,,,,,unresolved,,,,,,,,,,unresolved,,,,,,,,,,unresolved,,,,,,,,,,unresolved,,,,,,,,,,unresolved,firm-level,,,Perot Family Office Hires CIO - Institutional Investor,https://news.google.com/rss/articles/CBMisAFBVV95cUxOYmFMZ0Ntd3NGWTRPWDZCQ1JkN1R5ZUNabjVsMjVhcFZoMU9SaF9BS1o4RG02aWs3Y3Z6RE9FYmNlZVJuTUtRdFBIZzhMOEhkVnB2cVF0aDBZQVFiWm9yLUFaSFYtUTZGZDJUX3ZrRkJtWWpCVDlYVEZnYm4yR3FBbGRTN0VTRFI3dF84NmhtbGRmRTZRaFNEUGkxTFlYb2VKWi1VZFVfaXhNMm9IT2lGUg?oc=5,news headline,Low,inference,"Mon, 25 Mar 2019",inferred,,,
CIO From Family Office,Google News RSS,Unconfirmed,FO-function not proven from the firm's own site/filing/exemption (name / 13F / press / registry do not prove function),Unresolved-Quarantine,,,,,True,,,,,,,,25,Rejected,"existence unproven: no SEC entity, website, registry location, or named principal",,,,,,,unresolved,,,,,,,,,,unresolved,,,,,,,,,,unresolved,,,,,,,,,,unresolved,,,,,,,,,,unresolved,,,,,,,,,,unresolved,,,,,,,,,,unresolved,,,,,,,,,,unresolved,,,,,,,,,,unresolved,firm-level,,,University of Cambridge Hires New CIO From Family Office - Institutional Investor,https://news.google.com/rss/articles/CBMi1AFBVV95cUxPRjBrNDlrYV9HRkhjWHV1S01XWUo4Y0RiNmRpM0NEM0xabkZnQlA5dmNVSnd0aWFsLWZidFNFWlN6TmplRFVqS1ZCN0Z2ZlF0c3IyU3R2bTRyZkZQVGxUVGlaWHZhR2k3R2h4MUpObWZOZHNFdWJWZ3ZoNU5mZ1NMOUQ2OGlZTnBDemZUUnVHLUJrbVR4TFpReUpfTHhCSHoxMXBaVFVlVjdSaV9CLUlma2h0Y1pTeGZIRENZVEQ5U3R3Mkt1VU1iX282Wm9KNFB3eDlrLQ?oc=5,news headline,Low,inference,"Fri, 09 Aug 2019",inferred,,,
Pritzker Family Office,Google News RSS,Unconfirmed,FO-function not proven from the firm's own site/filing/exemption (name / 13F / press / registry do not prove function),Unresolved-Quarantine,,,,,True,,,,,,,,25,Rejected,"existence unproven: no SEC entity, website, registry location, or named principal",,,,,,,unresolved,,,,,,,,,,unresolved,,,,,,,,,,unresolved,,,,,,,,,,unresolved,,,,,,,,,,unresolved,,,,,,,,,,unresolved,,,,,,,,,,unresolved,,,,,,,,,,unresolved,,,,,,,,,,unresolved,firm-level,,,The Pritzker Family Office’s Real Estate Arm Has Hired a New CIO - Institutional Investor,https://news.google.com/rss/articles/CBMi3gFBVV95cUxNbEk2R2tlMDcxYUJCQnliWW9WSTVXQ2NqSURLUk9tc25TMl9xYjVwakRYOVNuSnlMQWFoUFktRXBiRDlnelI5SnZnYTF5bWNSamFLeFJjZHRiX3EyWEhFZ2JNREFZbjB5UUozeGFWemNORmhidklkQm9LUzNLLTFibnl1VmdPWDBGamNtOFJjOWtSYXJPVFVlTy14UnJCMTZZbE96NENEOWtDUUFWNDBrRlFEU3NNV0FVVktjb3N1YkdmWEsyMVhYSUI5VUhxV0h0S2xBS2FnbGxQakR2WXc?oc=5,news headline,Low,inference,"Wed, 19 May 2021",inferred,,,
Dalio Family Office,Google News RSS,Unconfirmed,FO-function not proven from the firm's own site/filing/exemption (name / 13F / press / registry do not prove function),Unresolved-Quarantine,,,,,True,,,,,,,,35,Rejected,Unresolved-Quarantine: does not count (FO-function not proven from the firm's own site/filing/exemption (name / 13F / press / registry do not prove function)),,,,,,,unresolved,,,,,,,,,,unresolved,,,,,,,,,,unresolved,,,,,,,,,,unresolved,,,,Ray Dalio,https://news.google.com/rss/articles/CBMiswFBVV95cUxOY0I1LWVqN0NDcEZ4NjdjMGtmZV9PX0pnNzBVWE54TW1vSXJDd1JXMTk5X0c5bEZiUHlqaGZqaV9lRVRIdTc4RjBBeWhTQlZBM1JSV1Fkb1VHSkcwLUFRZTFXVkJFV3hBY2ZIenhmdXFhTkQ1RWtzellvVkNRbUJuZUpEcGtOTDRTZmQ4Z1piWEhIaFRBeGt2NDV3ZG8zdHJRc0xxdUJsVWFDajFESkVCVk5rVQ?oc=5,named in news headline (unverified),Low,inference,"Fri, 20 Feb 2026",inferred,,,,,,,,,,unresolved,,,,,,,,,,unresolved,,,,,,,,,,unresolved,,,,,,,,,,unresolved,firm-level,,,CIO Mark Baumgartner Departs Dalio Family Office After Less Than a Year - Institutional Investor,https://news.google.com/rss/articles/CBMi6AFBVV95cUxNaFNOVzdiVE1pLW10QlYwZVV5ZEJNRkFialJFV0JOOVJUQmZCamtJSEN5T3VTMUxLR1NENzNjeXlOeTRxX2FRQzR4V0NIMjNoVU14U0hEcTdSXzNfVTRxdW5QUHRuTE9SNHVNcVhyTjc4cVpjN2hfMlRkU191V2htVDI0VFp6MlR6TnhBZDRhN2xsaFdUNFNEb0pvNTdSZXhnNGZSb01fdzAySEFmcER4VUtvcG4teXZGVEM1STRhbUFFQzd6clMtc3RpRzRJZnBjWGEtMExNWERWZU5CR3pPT0k1dEk4c2dK?oc=5,news headline,Low,inference,"Thu, 15 Aug 2024",inferred,,,
Boosts Global Family Office,Google News RSS,Unconfirmed,FO-function not proven from the firm's own site/filing/exemption (name / 13F / press / registry do not prove function),Unresolved-Quarantine,,,,,True,,,,,,,,25,Rejected,"existence unproven: no SEC entity, website, registry location, or named principal",,,,,,,unresolved,,,,,,,,,,unresolved,,,,,,,,,,unresolved,,,,,,,,,,unresolved,,,,,,,,,,unresolved,,,,,,,,,,unresolved,,,,,,,,,,unresolved,,,,,,,,,,unresolved,,,,,,,,,,unresolved,firm-level,,,Citi Private Bank Boosts Global Family Office - WealthBriefingAsia,https://news.google.com/rss/articles/CBMikAFBVV95cUxPelF2SWtKd0E3elBoVUhnbG05VFVXS0lPY0diQlBSdVlXWEdLYkkxV3U3Ylg4Q19iR243SFllT1ZMWXV0MWIxOC11ZXJ2ZE9hVkMzVlpnbUVhX1Fmb1paN1p6ZDd5WldSUFdiT2g5UGg3enBzc3BfU3BEREx2MDh0cVNPbHV3RUloeW9ZTGZuWks?oc=5,news headline,Low,inference,"Fri, 22 Mar 2024",inferred,,,
Goldman Family Office,Google News RSS,Unconfirmed,FO-function not proven from the firm's own site/filing/exemption (name / 13F / press / registry do not prove function),Unresolved-Quarantine,,,,,True,,,,,,,,25,Rejected,"existence unproven: no SEC entity, website, registry location, or named principal",,,,,,,unresolved,,,,,,,,,,unresolved,,,,,,,,,,unresolved,,,,,,,,,,unresolved,,,,,,,,,,unresolved,,,,,,,,,,unresolved,,,,,,,,,,unresolved,,,,,,,,,,unresolved,,,,,,,,,,unresolved,firm-level,,,Rockefeller Hires Former Goldman Family Office Head Tim O’Hara - AdvisorHub,https://news.google.com/rss/articles/CBMikwFBVV95cUxOLXdLdG92cWUtQm9QU202R3puRy1BYXNmaDNhSXF1OUlaSFRNQ1E0NF9GOW93dGxLS2NnOGotaVJ6TXI4emdEUGE0TU9tNklGRFh6cFNCdFlQS0UtbGpZdHY5dDVtYnZINzdaTUdVdmNEV3pWTjhoVVZqNEJmV1VJSFR2UHJPbE1ybzltd19KWF9ldlk?oc=5,news headline,Low,inference,"Tue, 05 Feb 2019",inferred,,,
Ayco Family Office,Google News RSS,Unconfirmed,FO-function not proven from the firm's own site/filing/exemption (name / 13F / press / registry do not prove function),Unresolved-Quarantine,,,,,True,,,,,,,,25,Rejected,"existence unproven: no SEC entity, website, registry location, or named principal",,,,,,,unresolved,,,,,,,,,,unresolved,,,,,,,,,,unresolved,,,,,,,,,,unresolved,,,,,,,,,,unresolved,,,,,,,,,,unresolved,,,,,,,,,,unresolved,,,,,,,,,,unresolved,,,,,,,,,,unresolved,firm-level,,,Rockefeller Capital Hires Brian Cuneo From Ayco Family Office - Institutional Investor,https://news.google.com/rss/articles/CBMi2wFBVV95cUxNSTlaU3k0UFN1TTZ0aVF4dENBa01LbHZFWWJqc1hfa1ZuLVJORUhqOUV5SElXRFQwaVd1RjNTUFAwWXlCb2ZGSEZWRnhLZlpKOWJpQkZVZkNfZk02X0FEOU1QeWhGOVVHQVRQeXNJcEpZNmFIWEl4U1VDeExGa2tldDJXQkRuWFF3Z3lWNjZPbUh5eFFpNjZnak9rWmN6SkF6NmYtcmFvSU1KSzVZcUlEQ2g4RmFoRWx2MXROYnpNNVFieW1WaUJQaUFjWFEzWjVKa3hveDBoa3ZoZGs?oc=5,news headline,Low,inference,"Mon, 22 Oct 2018",inferred,,,
Hong Kong Family Office,Google News RSS,Unconfirmed,FO-function not proven from the firm's own site/filing/exemption (name / 13F / press / registry do not prove function),Unresolved-Quarantine,,,,,True,,,,,,,,25,Rejected,"existence unproven: no SEC entity, website, registry location, or named principal",,,,,,,unresolved,,,,,,,,,,unresolved,,,,,,,,,,unresolved,,,,,,,,,,unresolved,,,,,,,,,,unresolved,,,,,,,,,,unresolved,,,,,,,,,,unresolved,,,,,,,,,,unresolved,,,,,,,,,,unresolved,firm-level,,,Hong Kong Family Office Hires Former BNP Fund Manager - finews.asia,https://news.google.com/rss/articles/CBMilwFBVV95cUxQSGlMQVBCTHhSV3ZIbUVfV0VWOGtQa0h2TnNidTRVNDYxalBLaWNiaDBRMWtwTDNtRlViclJ6OVdNTmZ4cE1UTG5pQ1paY3hMbk9YSlJWWDdZeFJoMkFsZnYyWmZTZGRoMk1fQ1RnYVdnTWFRel95eTBSNHM2T18tNUN2Um9XUlZWR2FoLWFUdTVpWlNDbzRR?oc=5,news headline,Low,inference,"Fri, 01 Nov 2024",inferred,,,
Bernstein Family Office,Google News RSS,Unconfirmed,FO-function not proven from the firm's own site/filing/exemption (name / 13F / press / registry do not prove function),Unresolved-Quarantine,,,,,True,,,,,,,,25,Rejected,"existence unproven: no SEC entity, website, registry location, or named principal",,,,,,,unresolved,,,,,,,,,,unresolved,,,,,,,,,,unresolved,,,,,,,,,,unresolved,,,,,,,,,,unresolved,,,,,,,,,,unresolved,,,,,,,,,,unresolved,,,,,,,,,,unresolved,,,,,,,,,,unresolved,firm-level,,,"Western Flow: RBC Hires Bernstein Family Office Maven, Stifel Gets $340-Mln Wells Team - AdvisorHub",https://news.google.com/rss/articles/CBMisAFBVV95cUxPQ1BESFQ5V0I4RU1OeWZoLVdmTWI2YlI2bWxXb3diQk5xUEREaDFXbnV1cDliVi1xV2YwNDFkdXM0R1I2dHFhV2Vzb1JXekVBNmJia011REJIaW42YThnQ1pOekF4ZXo2cHMxMVJrTlU4YnBkV3ExRG4tQnFWYjV1Y0xJbnBxOXJORkc2UEs4S2VOSklQU201RzQ5aFJLazBIUl8yR01fMXZwWF91LXpmdw?oc=5,news headline,Low,inference,"Tue, 21 Jul 2020",inferred,,,
City Single Family Office,Google News RSS,Unconfirmed,FO-function not proven from the firm's own site/filing/exemption (name / 13F / press / registry do not prove function),Unresolved-Quarantine,,,,,True,,,,,,,,25,Rejected,"existence unproven: no SEC entity, website, registry location, or named principal",,,,,,,unresolved,,,,,,,,,,unresolved,,,,,,,,,,unresolved,,,,,,,,,,unresolved,,,,,,,,,,unresolved,,,,,,,,,,unresolved,,,,,,,,,,unresolved,,,,,,,,,,unresolved,,,,,,,,,,unresolved,firm-level,,,Malaysia’s Forest City Single Family Office Incentive Scheme - Alvarez & Marsal,https://news.google.com/rss/articles/CBMisgFBVV95cUxQWTctTnN1TGVxUzZMMV9XclFybTQxZlFfVmJ2VHd0UUVnNFNpN0gyLVpsLUlIYUNsVU5WVlpYclpEZjhaWFNsTzFoalhpYkFGZWRLT2E1VXdFRUFWQ3FEalYza1YzdVpvS09NcEZVTDU5TVRaMUlORUpBbklGeUhVVGJoVUFIYjNEckZYNDZSeEkxLXdLNkRsTkRwRGx5dFpSeWMtZTdUR29lSjJ4cVhRUmlB?oc=5,news headline,Low,inference,"Mon, 10 Nov 2025",inferred,,,
Reveals About Family Office,Google News RSS,Unconfirmed,FO-function not proven from the firm's own site/filing/exemption (name / 13F / press / registry do not prove function),Unresolved-Quarantine,,,,,True,,,,,,,,25,Rejected,"existence unproven: no SEC entity, website, registry location, or named principal",,,,,,,unresolved,,,,,,,,,,unresolved,,,,,,,,,,unresolved,,,,,,,,,,unresolved,,,,,,,,,,unresolved,,,,,,,,,,unresolved,,,,,,,,,,unresolved,,,,,,,,,,unresolved,,,,,,,,,,unresolved,firm-level,,,Fiduciary Duty Under Scrutiny: What Expert Witness Testimony Reveals About Family Office Risk - Family Wealth Report,https://news.google.com/rss/articles/CBMi3AFBVV95cUxOa1JWaENvc0paelRxY2lRb2ctR1pWcmVFWV9EaEdQYkVOUUNtcFB6emxybUJZUkNDQmdYMDV4bWV1QXRvS0I0bnlMY2pkcGdWR21GR3psY1JtU2doQzhldi14VkVuTVJHTHBoVjk2U0RVOHJvaE43NUdPUmF5bXg1dVVEcDRPRGxOcVdhcGpEdW53cDRuZGx3d3E1M1lIcjk1dDk1LTltY29yekRyUUdTUGFsTVZKZ00tWk5yc0FFbVh3TVBsTVVoRklGMFkwTFBMWk1OS2kwbFhmYUFK?oc=5,news headline,Low,inference,"Wed, 08 Jul 2026",inferred,,,
Joins Callan Family Office,Google News RSS,Unconfirmed,FO-function not proven from the firm's own site/filing/exemption (name / 13F / press / registry do not prove function),Unresolved-Quarantine,,,,,True,,,,,,,,25,Rejected,"existence unproven: no SEC entity, website, registry location, or named principal",,,,,,,unresolved,,,,,,,,,,unresolved,,,,,,,,,,unresolved,,,,,,,,,,unresolved,,,,,,,,,,unresolved,,,,,,,,,,unresolved,,,,,,,,,,unresolved,,,,,,,,,,unresolved,,,,,,,,,,unresolved,firm-level,,,Clarity Family Offices Joins Callan Family Office - Yahoo Finance,https://news.google.com/rss/articles/CBMiogFBVV95cUxOamx6NjFveUUzNjRxNm1yOVNvbXpJcFBQcDgwbUVaY1dDaW5BaThMQTFQNV9jYkJNYXd4WklIQ0lTdVBjMm1kNnRPX2dPeGl3VXJLbHNBSmJMbUNHS1M2eURFbDJTYnJ5N2FaVmY4VGx1eEllSDNiemljQUh4MTJsT3d2aUdJTzc3RWo4dm1uTmhIS3FKVGFncm9tZ2hTWV9hN2c?oc=5,news headline,Low,inference,"Thu, 19 Mar 2026",inferred,,,
London Family Office,Google News RSS,Unconfirmed,FO-function not proven from the firm's own site/filing/exemption (name / 13F / press / registry do not prove function),Unresolved-Quarantine,,,,,True,,,,,,,,25,Rejected,"existence unproven: no SEC entity, website, registry location, or named principal",,,,,,,unresolved,,,,,,,,,,unresolved,,,,,,,,,,unresolved,,,,,,,,,,unresolved,,,,,,,,,,unresolved,,,,,,,,,,unresolved,,,,,,,,,,unresolved,,,,,,,,,,unresolved,,,,,,,,,,unresolved,firm-level,,,London Family Office Hub: Why Single-Family Offices Are Staying - With Intelligence,https://news.google.com/rss/articles/CBMijAFBVV95cUxQZ0dyaXRGRko5RmFYR1BJUmExRTYyOGlrOXh3bUFfODNEYVZfanBJcGhWV1BmcEpXcXZiVG9vcG9pXzhCa3NjeFZzZ3ViT3RLdER2am53RWU0Y01QbjNtWW5aMkw0d21JUGdjdl9Cek9OQnZkczZUODROVnJYZGlJVEVDSjFiS2w3RHdzTA?oc=5,news headline,Low,inference,"Thu, 28 Aug 2025",inferred,,,
Angeles Family Office,Google News RSS,Unconfirmed,FO-function not proven from the firm's own site/filing/exemption (name / 13F / press / registry do not prove function),Unresolved-Quarantine,,,,,True,,,,,,,,25,Rejected,"existence unproven: no SEC entity, website, registry location, or named principal",,,,,,,unresolved,,,,,,,,,,unresolved,,,,,,,,,,unresolved,,,,,,,,,,unresolved,,,,,,,,,,unresolved,,,,,,,,,,unresolved,,,,,,,,,,unresolved,,,,,,,,,,unresolved,,,,,,,,,,unresolved,firm-level,,,"Angeles Family Office Appoints Kate Flume as Senior Managing Director, Expands Dallas Presence - Business Wire",https://news.google.com/rss/articles/CBMi5AFBVV95cUxOUU44R3lHcjR6ZGE3NjFkZzlSRWFoTXFjcjBITjRqTm9KTWxVLTdvQnVFOVlGbUJEOXVMd2VjanZxb2ZiblBkaUEyS0NEaVpmMFZMelVRTE95TzFaNmNrOWYyZkxxSUh5Ynd1NVFHSXZUOElqYjhoc0VNeUthRkJ2RW1PLUhsaFFTbGwzc1B5Mm9DWEJocEtVM3FhM2J6MzVxdWN1TDh6cDJmaFBVdXJ4dVFzOVJaRVF2TGtjb2U3MzhXdXM1eWY1Z2lMLUNnOWxPa0tqOG1rQy1IX0NQMy1ETF9OdWE?oc=5,news headline,Low,inference,"Tue, 03 Mar 2026",inferred,,,
Enhanced Family Office,Google News RSS,Unconfirmed,FO-function not proven from the firm's own site/filing/exemption (name / 13F / press / registry do not prove function),Unresolved-Quarantine,,,,,True,,,,,,,,25,Rejected,"existence unproven: no SEC entity, website, registry location, or named principal",,,,,,,unresolved,,,,,,,,,,unresolved,,,,,,,,,,unresolved,,,,,,,,,,unresolved,,,,,,,,,,unresolved,,,,,,,,,,unresolved,,,,,,,,,,unresolved,,,,,,,,,,unresolved,,,,,,,,,,unresolved,firm-level,,,"Wealthspire Launches an Enhanced Family Office for Complex, Multi-Generational Families - Business Wire",https://news.google.com/rss/articles/CBMi2wFBVV95cUxOTVlnZkM5d21HRGVLYXRCcmkxNTdZS2dRa0RGeU41aHk1enN6NWhuaUItMzBDUmxSbjY0LXBqWnJaOHZVWEszcEtNV3hMa1JhWkozRHJ2Wmc4NFdZVmpCYm9aRUpJZlUxT3RLQW1QMnVXVG1vcm1kSUpJWVkzY0JjaUFlVTZfZGRRN2NZTFBWQnI3NkdaaXowRkxHOURoTjdJMWlLckM5a0U2WDVrMi1JM201NkdVanlaaG9Yd0ZfNDFOUncxZU1pcXQ4VjFXYVZBdU5Nd1BIMzB6Wk0?oc=5,news headline,Low,inference,"Mon, 02 Mar 2026",inferred,,,
Launches Enhanced Family Office,Google News RSS,Unconfirmed,FO-function not proven from the firm's own site/filing/exemption (name / 13F / press / registry do not prove function),Unresolved-Quarantine,,,,,True,,,,,,,,25,Rejected,"existence unproven: no SEC entity, website, registry location, or named principal",,,,,,,unresolved,,,,,,,,,,unresolved,,,,,,,,,,unresolved,,,,,,,,,,unresolved,,,,,,,,,,unresolved,,,,,,,,,,unresolved,,,,,,,,,,unresolved,,,,,,,,,,unresolved,,,,,,,,,,unresolved,firm-level,,,Wealthspire Launches Enhanced Family Office Platform - Pulse 2.0,https://news.google.com/rss/articles/CBMifEFVX3lxTE1nU1RWOG1XMmt1ampmZzdsRjM2WnVQRGk1SW5vT1NJSWZEMVFvM0NRelZna2twbU5ONmNHYkZLOW41eFE2V1B5dTZuVlQzbmkxSHVNV2UxSHY4M2gzY1dfdlVCdm1GMUxQUXhTRGRSNy1XbmlaTHM5cXdsZVXSAYIBQVVfeXFMUDA0elhKdERHRlRuMVcxVmw4V0I5b1VTYnJISzgxak9qcVZvZVBqckZmUnVRbHZ6VmEzd05jcjNNRm9ZTUZWdW9wRjhZZEtLbzJTdC1fajFoN2p6dHV2X3BkMzJ2bl9YQmdnR0VBeXVVbm9OWHhiWUhHZ2FZdTNFSnNEZw?oc=5,news headline,Low,inference,"Mon, 02 Mar 2026",inferred,,,
Simplify Single Family Office,Google News RSS,Unconfirmed,FO-function not proven from the firm's own site/filing/exemption (name / 13F / press / registry do not prove function),Unresolved-Quarantine,,,,,True,,,,,,,,25,Rejected,"existence unproven: no SEC entity, website, registry location, or named principal",,,,,,,unresolved,,,,,,,,,,unresolved,,,,,,,,,,unresolved,,,,,,,,,,unresolved,,,,,,,,,,unresolved,,,,,,,,,,unresolved,,,,,,,,,,unresolved,,,,,,,,,,unresolved,,,,,,,,,,unresolved,firm-level,,,MAS to Simplify Single Family Office Tax Scheme Amid Growing Competition - Hubbis,https://news.google.com/rss/articles/CBMinAFBVV95cUxNajlad09ibGpCVjJtMHMwUnN5UmNiTUJvMzF5Z1M5VnpJNTdMZEE4QWxRbk9lSkppbmhoekxKR0k1SnhPclR0ZnhYQ3FVLTJXSl9uM0V0T3FLcUVsclRUNllBbl85blgtdTY3TVd2R0xDODVoWW9ZbnlQS2tpa3pkNkpUUXVfa3JBVm5XZ3dndW9OMzIxdUNlaWdlQzY?oc=5,news headline,Low,inference,"Mon, 06 Oct 2025",inferred,,,
Revised Single Family Office,Google News RSS,Unconfirmed,FO-function not proven from the firm's own site/filing/exemption (name / 13F / press / registry do not prove function),Unresolved-Quarantine,,,,,True,,,,,,,,25,Rejected,"existence unproven: no SEC entity, website, registry location, or named principal",,,,,,,unresolved,,,,,,,,,,unresolved,,,,,,,,,,unresolved,,,,,,,,,,unresolved,,,,,,,,,,unresolved,,,,,,,,,,unresolved,,,,,,,,,,unresolved,,,,,,,,,,unresolved,,,,,,,,,,unresolved,firm-level,,,Singapore’s Revised Single Family Office Framework To Take Effect June 15 - Crowdfund Insider,https://news.google.com/rss/articles/CBMiigFBVV95cUxOa19hZ2x5RGdXRldsYUFrZ29DQjh0cDZFY0UtcDh4WF9VR0paR05wLUZLajl6bmtYTXRuV1NON0hPWnU0WTlxV2xIbXBKN3p0UDc4VlZnSzZzVGlndEkxSGpkTXVUOWRmd3F5eGJlMUkxWE90S0hkaS12ZEQyMHlFcV80RnVlYm45Nmc?oc=5,news headline,Low,inference,"Sun, 14 Jun 2026",inferred,,,
Lean Single Family Office,Google News RSS,Unconfirmed,FO-function not proven from the firm's own site/filing/exemption (name / 13F / press / registry do not prove function),Unresolved-Quarantine,,,,,True,,,,,,,,25,Rejected,"existence unproven: no SEC entity, website, registry location, or named principal",,,,,,,unresolved,,,,,,,,,,unresolved,,,,,,,,,,unresolved,,,,,,,,,,unresolved,,,,,,,,,,unresolved,,,,,,,,,,unresolved,,,,,,,,,,unresolved,,,,,,,,,,unresolved,,,,,,,,,,unresolved,firm-level,,,Wood Next’s Julie Lawson on Building a Lean Single Family Office - Institutional Investor,https://news.google.com/rss/articles/CBMipwFBVV95cUxNUWRIOGQ0cHRyS2xrZ19TbFlKUVBrc3JRMkRCandmMUhQYU9UM0wzR04ySmR4ODZXUy1wam9reUp3bkVWTmt5STlOWlc4UUMxQnNFWXVLSkZiNzVWRWc4akhGX1pxUFp5X2lIT0lfTXVxU19JNjN5RGVFRUM0MHlZeUw3NVgyZVRqcFpxNnduRXlEM0tlYm53cGFrSW9VempmdlRmaUU3TQ?oc=5,news headline,Low,inference,"Thu, 31 Jul 2025",inferred,,,
Matter Family Office,Google News RSS,Unconfirmed,FO-function not proven from the firm's own site/filing/exemption (name / 13F / press / registry do not prove function),Unresolved-Quarantine,,,,,True,,,,,,,,25,Rejected,"existence unproven: no SEC entity, website, registry location, or named principal",,,,,,,unresolved,,,,,,,,,,unresolved,,,,,,,,,,unresolved,,,,,,,,,,unresolved,,,,,,,,,,unresolved,,,,,,,,,,unresolved,,,,,,,,,,unresolved,,,,,,,,,,unresolved,,,,,,,,,,unresolved,firm-level,,,BW Forsyth Invests in $3.4B Matter Family Office to Fuel Growth - dakota.com,https://news.google.com/rss/articles/CBMipAFBVV95cUxQbW9PRHFhNHlfUlRYVWprUFEzQ180dkcxQ2tPT0JoSmV6VmZqMURzQWVnN0RjSnFsd1RPMzBpa0IxMmxSUWtEbC1nX2dURHJLV2x5QlpaNjZ5TThGNk1lVzFFMUNKM1dHeXU4U2txX1hlQTBKbmdCVTJFODVfLW9hNzd6XzdVQVNITDJZbEtBaDV3Yk9xaFdTRjFuckw5OUN0dGR6UQ?oc=5,news headline,Low,inference,"Fri, 04 Oct 2024",inferred,,,
Raintree Family Office,Google News RSS,Unconfirmed,FO-function not proven from the firm's own site/filing/exemption (name / 13F / press / registry do not prove function),Unresolved-Quarantine,,,,,True,,,,,,,,25,Rejected,"existence unproven: no SEC entity, website, registry location, or named principal",,,,,,,unresolved,,,,,,,,,,unresolved,,,,,,,,,,unresolved,,,,,,,,,,unresolved,,,,,,,,,,unresolved,,,,,,,,,,unresolved,,,,,,,,,,unresolved,,,,,,,,,,unresolved,,,,,,,,,,unresolved,firm-level,,,"[Funding alert] Raintree Family Office, ADB arm, others invest $4.9M in Smart Joules - YourStory.com",https://news.google.com/rss/articles/CBMihwFBVV95cUxNd1d1VkpqX3RScmlmZ1QxbWg0MUxGcElWenJpdlVBSmlMUG8tRThsenpyOFg4a1dMMnF6MjdxZEZHOWt6OHhyYnFVbl9SM1NSMUlXU1BrUEszekJxWlU5bzB3VTlJNXU2ZE5oa0J6cTExQTZYZ0lLckIzbjE3N21GcDI1VE11RWM?oc=5,news headline,Low,inference,"Thu, 22 Apr 2021",inferred,,,
Hilton Family Office,Google News RSS,Unconfirmed,FO-function not proven from the firm's own site/filing/exemption (name / 13F / press / registry do not prove function),Unresolved-Quarantine,,,,,True,,,,,,,,25,Rejected,"existence unproven: no SEC entity, website, registry location, or named principal",,,,,,,unresolved,,,,,,,,,,unresolved,,,,,,,,,,unresolved,,,,,,,,,,unresolved,,,,,,,,,,unresolved,,,,,,,,,,unresolved,,,,,,,,,,unresolved,,,,,,,,,,unresolved,,,,,,,,,,unresolved,firm-level,,,Hilton Family Office Acquires Controlling Interest in Technology Labs to Advance AI-Powered Investment Intelligence - EIN Presswire,https://news.google.com/rss/articles/CBMi9AFBVV95cUxQbTFkQk9PVWFQXzNUeElnaWdUN2dtakZoc0R0eDhSeEhGRG80ZTZXdllSOUoyN1NOak5zZ2VyR09tSEJ5QnJ6LUhmYkFRTHN4Zldrc1BRaS05TERfbE0wcVp5VmR3NVJiTkd3bEswaTEyaXNGVXVPQXpvOVdlMFRlbUgtWTRtWEFlTFdCZ2RjRXNsZy1sSm1oald0R0hrUUlZZXFoRDB3RGx3VVBIOVg0NGtIX19peTVTa2ZneE5XYXlsSG1HZGw0cUZfbGk0RUtya0lPdEc3Zy1qcDg1SU04ak0zTnlnOHFvTXVnMURDamp4VWlf?oc=5,news headline,Low,inference,"Wed, 22 Jul 2026",inferred,,,
RIA Callan Family Office,Google News RSS,Unconfirmed,FO-function not proven from the firm's own site/filing/exemption (name / 13F / press / registry do not prove function),Unresolved-Quarantine,,,,,True,,,,,,,,25,Rejected,"existence unproven: no SEC entity, website, registry location, or named principal",,,,,,,unresolved,,,,,,,,,,unresolved,,,,,,,,,,unresolved,,,,,,,,,,unresolved,,,,,,,,,,unresolved,,,,,,,,,,unresolved,,,,,,,,,,unresolved,,,,,,,,,,unresolved,,,,,,,,,,unresolved,firm-level,,,RIA Callan Family Office Acquires Clarity Family Offices - connectmoney.com,https://news.google.com/rss/articles/CBMimgFBVV95cUxOaE43ajNGaDVMT1RvTmloV2w5S3I5d2Zlb01RVENFbEZmYl9YcDNxN3RibkVhRXJUcE9ldDhCaVA3VFNpM1FCNUFxSF9EaDBxdXNIN1psemppVWhiR0ZOckZXRktxQ3NfR3hEUGZSTldYa0tKOWl4dkNCZlN1aTVMZk1UbGRFSXM4VGxENEdRa3VmdkRUa1U4TzB3?oc=5,news headline,Low,inference,"Mon, 30 Mar 2026",inferred,,,
Launches Emigrant Family Office,Google News RSS,Unconfirmed,FO-function not proven from the firm's own site/filing/exemption (name / 13F / press / registry do not prove function),Unresolved-Quarantine,,,,,True,,,,,,,,25,Rejected,"existence unproven: no SEC entity, website, registry location, or named principal",,,,,,,unresolved,,,,,,,,,,unresolved,,,,,,,,,,unresolved,,,,,,,,,,unresolved,,,,,,,,,,unresolved,,,,,,,,,,unresolved,,,,,,,,,,unresolved,,,,,,,,,,unresolved,,,,,,,,,,unresolved,firm-level,,,Emigrant Bancorp Acquires Fortis Management Group and Launches Emigrant Family Office - PR Newswire,https://news.google.com/rss/articles/CBMi2AFBVV95cUxNMFhRM0wzSk5YelRpX1ZPT01hNjdzZjdxQ1JicXB0UWxybEtkb21zNmFzYlItZ1ozSFNjaXRBbXlVT0htODBtRjA3Vk1aaXFVdlhMSzI0TFFwYWRQbVpobW83Z2JoN3JvTDdLTU85dEREeEpxb29GejgtYllSeUt2bDV1eTIyZ29MREVCcF9DVWF3S2RrUzFxLVBoTUxuUVZaS095bEVqZ0pEaUV6WG1LdWtiZldYRTFOOC1KVThBTHRzYTN0WUFoZDZIZHc1dGlNTldMbGdkMVo?oc=5,news headline,Low,inference,"Wed, 04 Mar 2026",inferred,,,
Expand Ultra-High-Net-Worth Family Office,Google News RSS,Unconfirmed,FO-function not proven from the firm's own site/filing/exemption (name / 13F / press / registry do not prove function),Unresolved-Quarantine,,,,,True,,,,,,,,25,Rejected,"existence unproven: no SEC entity, website, registry location, or named principal",,,,,,,unresolved,,,,,,,,,,unresolved,,,,,,,,,,unresolved,,,,,,,,,,unresolved,,,,,,,,,,unresolved,,,,,,,,,,unresolved,,,,,,,,,,unresolved,,,,,,,,,,unresolved,,,,,,,,,,unresolved,firm-level,,,Caprock Acquires $4 Billion Firm Venturi Private Wealth To Expand Ultra-High-Net-Worth Family Office Platform In Texas And Oklahoma - Pulse 2.0,https://news.google.com/rss/articles/CBMi5AFBVV95cUxPczZic1U2M3RxNlB2UUc1TWxWZlpxZDBYa05YS3BxaTNRT2xHODhMbEoxTjF4OWtDTWdVRjlwLTA0elRvc29YX2tiT0ZVQ2d4RldEVHBqcmV2SXlfdkhzbFhWa1BhY3FuZ3BTWjN5VXAwVm5abFVFVnktUU5GbmRNaWZoQzdqbjVYOVVXVUdxaTg5ZkxCT09TZnM3TUYxSDBxY29pWlZkdHZzYVJtbW03RjU0dncyVDdrdmIxcmt0X093VVI4SUIzcWE0LTdkRjFLTjFsUlFubDBKOTlkV0ZtRDZUbjDSAeoBQVVfeXFMUFFPSzZORzJta3dWTTdiQXlTS29NMXJINFdFRU1YWU40WndOQVpQSE1tekxucVdqZk1lSUFyNW9SS2lySXZFY3hLZjZqSDYtVFdOVVhRUDhadjdzOVRrcXNaQU5Qdkhfem5ZTTZZYUhRQTE2aV81VDY2R2dSdVlzVndNbG9HZkFrV25mMjdfdG8tUktPbHpxUmw4OGRiTTNCUjZOQkdod1NOWHpucVlzWnJUSGY4UEFvZWdPeEN1aXpzU0ZUX3g3M01tYXlLNUlLSF83bmVDUGk3S1REQ3h5LW95UmlYWGZoV1l3?oc=5,news headline,Low,inference,"Tue, 14 Jul 2026",inferred,,,
Seed Family Office,Google News RSS,Unconfirmed,FO-function not proven from the firm's own site/filing/exemption (name / 13F / press / registry do not prove function),Unresolved-Quarantine,,,,,True,,,,,,,,25,Rejected,"existence unproven: no SEC entity, website, registry location, or named principal",,,,,,,unresolved,,,,,,,,,,unresolved,,,,,,,,,,unresolved,,,,,,,,,,unresolved,,,,,,,,,,unresolved,,,,,,,,,,unresolved,,,,,,,,,,unresolved,,,,,,,,,,unresolved,,,,,,,,,,unresolved,firm-level,,,$2.7B Angeles Wealth Makes First Acquisition to Seed Family Office - Wealth Management,https://news.google.com/rss/articles/CBMiuAFBVV95cUxPSzQzaXQxcWVwTWs4TFpuMlgyRnJFa2RuZG5FQXR4QXJHN1JFbXc5YXNjS19Fd1FXRlZFYXl2OTMtcGdzZDVISG5lVG1tMVRWNkxMYTRCc2NYeVNlX1ZDempEbzBVMFQzZi0xbmJmMkRXei1kUXVQQXZKajd3RXlhejVRLWRVdzB1eWphOVdjY2J5OWJxVlV1LXpQbndMNUlDX1lMV0JyQk1jb3gzbTZpR2ZVdU5yNmhW?oc=5,news headline,Low,inference,"Tue, 13 Jan 2026",inferred,,,
Launches Angeles Family Office,Google News RSS,Unconfirmed,FO-function not proven from the firm's own site/filing/exemption (name / 13F / press / registry do not prove function),Unresolved-Quarantine,,,,,True,,,,,,,,25,Rejected,"existence unproven: no SEC entity, website, registry location, or named principal",,,,,,,unresolved,,,,,,,,,,unresolved,,,,,,,,,,unresolved,,,,,,,,,,unresolved,,,,,,,,,,unresolved,,,,,,,,,,unresolved,,,,,,,,,,unresolved,,,,,,,,,,unresolved,,,,,,,,,,unresolved,firm-level,,,"Angeles Wealth Management Acquires XO Capital, Launches Angeles Family Office - Business Wire",https://news.google.com/rss/articles/CBMizgFBVV95cUxNME1IWUhIcHFWRjNEQmVma05pQ1FZOTZ3bzYtclg2Ym1KWmhfdHpqWnU3bUF3b0xUeDN5cU9wa19wVVZmRG1acWlYTTBnaUdLYkJVcGwwMDlqQmFjck5IWXdOR1JZTE1RQWNTYi12eFlucUd4MTU3bU5SWEh6NlhLSFZ3QWN5UGxQeGNkbEs5VWtzLUM3YTRTRDU3VjNYeWE3NkFHcU5JODB6bThFaUhfc2piX0VzQzZfazUxVjBlYWt3ZVBBa2xRS1Y0S25idw?oc=5,news headline,Low,inference,"Tue, 13 Jan 2026",inferred,,,
To Build Family Office,Google News RSS,Unconfirmed,FO-function not proven from the firm's own site/filing/exemption (name / 13F / press / registry do not prove function),Unresolved-Quarantine,,,,,True,,,,,,,,25,Rejected,"existence unproven: no SEC entity, website, registry location, or named principal",,,,,,,unresolved,,,,,,,,,,unresolved,,,,,,,,,,unresolved,,,,,,,,,,unresolved,,,,,,,,,,unresolved,,,,,,,,,,unresolved,,,,,,,,,,unresolved,,,,,,,,,,unresolved,,,,,,,,,,unresolved,firm-level,,,"New Zealand Mining Tycoon To Build Family Office, Sells Shares – Reports - Wealth Briefing",https://news.google.com/rss/articles/CBMivgFBVV95cUxOcGZxQV9vcUZLalFfdXd1ZDNDd0U2ZWtiaVlXZWo2NUtqWlZCTlhxTnhpbmtLYkNyUXpaZTd0ZVNsb0JmTkpRWjVMSkgwUjgxWjNaUVJCVWxRNEJvdGdZbVlpcTdMV3JYWlFtNVdpMXh2bGxUTTVjSnBVdVRjdWs1ZXhhcUhacWQ4QUZuRFhjZk9hc0V4emN6bjVxRmxORU1mSTR1MTlZY2FyVGl6NmJFZEdIWjJJblR5dDUwb1pn?oc=5,news headline,Low,inference,"Tue, 19 May 2026",inferred,,,
Builds Out Family Office,Google News RSS,Unconfirmed,FO-function not proven from the firm's own site/filing/exemption (name / 13F / press / registry do not prove function),Unresolved-Quarantine,,,,,True,,,,,,,,25,Rejected,"existence unproven: no SEC entity, website, registry location, or named principal",,,,,,,unresolved,,,,,,,,,,unresolved,,,,,,,,,,unresolved,,,,,,,,,,unresolved,,,,,,,,,,unresolved,,,,,,,,,,unresolved,,,,,,,,,,unresolved,,,,,,,,,,unresolved,,,,,,,,,,unresolved,firm-level,,,Emigrant Builds Out Family Office Capabilities With Acquisition - Family Wealth Report,https://news.google.com/rss/articles/CBMirwFBVV95cUxOd0txbmdGMzlKWFFTUG9HajkwMTdvX3NTQUN2NUFKdV8xVVRUV3hCaVk0X215M2Y3Tkh4dE13aFBvMWpFTF91T1dMXzNuNzVFdko5aGVudWljRUgzcE9SbGpPVUR6RElOcGN5bnRpWjlYSzFyVVhDdXBRYXBjVUdLSWpLbGhpcVFtUy0tckppVTZxTVJSQmtRT3YxajdfVHRuOWROSWtuVnItS2VKTmpz?oc=5,news headline,Low,inference,"Thu, 05 Mar 2026",inferred,,,
Launch Family Office,Google News RSS,Unconfirmed,FO-function not proven from the firm's own site/filing/exemption (name / 13F / press / registry do not prove function),Unresolved-Quarantine,,,,,True,,,,,,,,25,Rejected,"existence unproven: no SEC entity, website, registry location, or named principal",,,,,,,unresolved,,,,,,,,,,unresolved,,,,,,,,,,unresolved,,,,,,,,,,unresolved,,,,,,,,,,unresolved,,,,,,,,,,unresolved,,,,,,,,,,unresolved,,,,,,,,,,unresolved,,,,,,,,,,unresolved,firm-level,,,Emigrant Bank Acquires Stake in Fortis to Launch Family Office Platform - connectmoney.com,https://news.google.com/rss/articles/CBMirgFBVV95cUxQVldLWG5sRWdCUF82aTlfOUFrNnliQkFTRElfejN0QW5mcjRpVzdjNFFvYkZSTE01NGh3R2lzblBudnhyUlN5RnNtQms4cmhNbkRNa3BqUV9uM01yQTM3aEtCcl9scnB3RlhvOW15OWxxNGl1NkFFYTJQUGRwalUxMERXYmc3N3l2MEFNT3BLVUNaSnR4Z0JMNEVqMWptVkl0SDkyd1ZjRzZ2b0VvVnc?oc=5,news headline,Low,inference,"Mon, 09 Mar 2026",inferred,,,
Fiduciary Family Office,Google News RSS,Unconfirmed,FO-function not proven from the firm's own site/filing/exemption (name / 13F / press / registry do not prove function),Unresolved-Quarantine,,,,,True,,,,,,,,25,Rejected,"existence unproven: no SEC entity, website, registry location, or named principal",,,,,,,unresolved,,,,,,,,,,unresolved,,,,,,,,,,unresolved,,,,,,,,,,unresolved,,,,,,,,,,unresolved,,,,,,,,,,unresolved,,,,,,,,,,unresolved,,,,,,,,,,unresolved,,,,,,,,,,unresolved,firm-level,,,Fiduciary Family Office Eyes Acquiring Other Female-Led Firms - Family Wealth Report,https://news.google.com/rss/articles/CBMitgFBVV95cUxQNXp2NXIxdnhiaG9MeGdDblJ0WVQyd2NrZzg3eVY2M2Mxa2hPMkh5blRhZldwS2FENTBldy1BenFnZlJrcGc3UXV3RnE1SU9UUmVXdGFLeVd1ZEJSVnU0aDFjbFlZWGlpcGN6RGRDa0hmNUV6a1hGZmhXRTVLRFNZamcwMkpRX1pqLTBEMnRhcnhhS3FSOWpzdHBNOFZPVHA5STBnMzNaUk0tSWJVNlN6RVplZmplZw?oc=5,news headline,Low,inference,"Wed, 03 Dec 2025",inferred,,,
Wealthspire Opens Family Office,Google News RSS,Unconfirmed,FO-function not proven from the firm's own site/filing/exemption (name / 13F / press / registry do not prove function),Unresolved-Quarantine,,,,,True,,,,,,,,25,Rejected,"existence unproven: no SEC entity, website, registry location, or named principal",,,,,,,unresolved,,,,,,,,,,unresolved,,,,,,,,,,unresolved,,,,,,,,,,unresolved,,,,,,,,,,unresolved,,,,,,,,,,unresolved,,,,,,,,,,unresolved,,,,,,,,,,unresolved,,,,,,,,,,unresolved,firm-level,,,Deals & Moves: RFG Adds $200M RIA; Wealthspire Opens Family Office - Wealth Management,https://news.google.com/rss/articles/CBMirwFBVV95cUxPREVXTkE5RDZiLWlqVVIwMy1wemg2MWItcmVKc1FYQUVUS0FfNzlxdlpubDZtWFdFSUR4VFBNRFVJYi0zY3hLMS0tWHp1a3N3Ry1NcXppNWMyWjU1b0hYanJOQUgyWGh3c2Jzc0trcG92WDFXenhMYTJwVHpmMEo0d2kyTUwzbEpiRUNRTHlsc0NGc0ZtSTRzekNMWEwzNkk5RzVhZnBEOHhOYmpmLXFv?oc=5,news headline,Low,inference,"Tue, 03 Mar 2026",inferred,,,
Presence And Family Office,Google News RSS,Unconfirmed,FO-function not proven from the firm's own site/filing/exemption (name / 13F / press / registry do not prove function),Unresolved-Quarantine,,,,,True,,,,,,,,25,Rejected,"existence unproven: no SEC entity, website, registry location, or named principal",,,,,,,unresolved,,,,,,,,,,unresolved,,,,,,,,,,unresolved,,,,,,,,,,unresolved,,,,,,,,,,unresolved,,,,,,,,,,unresolved,,,,,,,,,,unresolved,,,,,,,,,,unresolved,,,,,,,,,,unresolved,firm-level,,,"Wealthspire To Acquire Fi3 Advisors, Deepening Indianapolis Presence And Family Office Capabilities - Pulse 2.0",https://news.google.com/rss/articles/CBMiugFBVV95cUxQUnRYMlVYV3hGZHNfQWlod2xfbkhEaGs2bVFJc1BRb1VJQmgzVmhRT00zeXJYTFJBTlhaeElwQkJISUVlVEVvSlBQQmRtU2ZUUWFuTzBLWmMwSmhUR1dnYjM3NEVtTUVqWmZ3ajlVdzhFLWIzY2tWT2JGSGo0QkdrMkxKakdTY09aN1ZyNGVwcW14VEg4ZE5VZm9rQ05vbm9mUWM3RWo1MXFiVEM2bExHd1dUMWN2WFRrVmfSAb8BQVVfeXFMTnVpSWY5dWR5b0tucjRULXZ4R2pqdFVyVWctdGR0NzNtNHlqTEd0LUpSeDROc2w4alBQZk53OTVKWFNrek5WWl9yRC1EdnpsNlk0dzNoSmNnTkVCUGxMWlhlbGdpX0d0REFVNFREVWl1MWhPWWVEZEFGWmlqdmlDaDBTTkl5N2hIa0QyUHg2YkxlMUZYZjNfRUtJek5qaWNFT0stQ3NYVXh6MjV0ZWdxR0FVRGs5aEJnNkxaMzJzVEk?oc=5,news headline,Low,inference,"Wed, 06 May 2026",inferred,,,
Mitchell Family Office,Google News RSS,Unconfirmed,FO-function not proven from the firm's own site/filing/exemption (name / 13F / press / registry do not prove function),Unresolved-Quarantine,,,,,True,,,,,,,,25,Rejected,"existence unproven: no SEC entity, website, registry location, or named principal",,,,,,,unresolved,,,,,,,,,,unresolved,,,,,,,,,,unresolved,,,,,,,,,,unresolved,,,,,,,,,,unresolved,,,,,,,,,,unresolved,,,,,,,,,,unresolved,,,,,,,,,,unresolved,,,,,,,,,,unresolved,firm-level,,,Mitchell Family Office Announces Acquisition of Luxury Beauty Retailer Cos Bar - PR Newswire,https://news.google.com/rss/articles/CBMizwFBVV95cUxNMFRhUE9tQ2poR19TVTBMZy1fYVhTaVlkRXdpdzRldElkbUtBUWlmd29sM0R1cGdVUzNUd2lpRVh4cGFyODZ2SGhLcTl4b1VHc1JvZ1l5Q21rNnhBbHduS0dmYnk0U01INDRXSnF0OEJlN2VhVG82bm9oM05NX1RISjFMVmVBd0plTEw3YktIMTFMX240WlByclc2ZEpKRFRnTTItXzY1ZWQwMWlwLVpLZ1NlU0pEQ1g1WTMxb091WndwUzZfaUo4b0hOUHhtZHc?oc=5,news headline,Low,inference,"Tue, 16 Sep 2025",inferred,,,
To Mitchell Family Office,Google News RSS,Unconfirmed,FO-function not proven from the firm's own site/filing/exemption (name / 13F / press / registry do not prove function),Unresolved-Quarantine,,,,,True,,,,,,,,25,Rejected,"existence unproven: no SEC entity, website, registry location, or named principal",,,,,,,unresolved,,,,,,,,,,unresolved,,,,,,,,,,unresolved,,,,,,,,,,unresolved,,,,,,,,,,unresolved,,,,,,,,,,unresolved,,,,,,,,,,unresolved,,,,,,,,,,unresolved,,,,,,,,,,unresolved,firm-level,,,Cos Bar Sells To Mitchell Family Office After Violet Grey Doesn't Move Forward With Acquisition - Beauty Independent,https://news.google.com/rss/articles/CBMingFBVV95cUxNN0EwTGNLb0llblc5RkNvMENBNUxpVjg5bmZDRlVVNXVfTE1KMWIydHFUZkhCUzBYZnVaUEtfSG81NHAxajNBaGxad0NQbnVBUDBiNUh2T0txSVpvaXg3SWxud3lWVmhRUTZHR3BHU095N2ZlcFpnQzhZQTBsdEpBM3Z2U1NxNUZDWkIyS203eHhxWnRvcnlpMEZldTI1Zw?oc=5,news headline,Low,inference,"Tue, 16 Sep 2025",inferred,,,
Firm And Family Office,Google News RSS,Unconfirmed,FO-function not proven from the firm's own site/filing/exemption (name / 13F / press / registry do not prove function),Unresolved-Quarantine,,,,,True,,,,,,,,25,Rejected,"existence unproven: no SEC entity, website, registry location, or named principal",,,,,,,unresolved,,,,,,,,,,unresolved,,,,,,,,,,unresolved,,,,,,,,,,unresolved,,,,,,,,,,unresolved,,,,,,,,,,unresolved,,,,,,,,,,unresolved,,,,,,,,,,unresolved,,,,,,,,,,unresolved,firm-level,,,"Allen Family Capital, The Investment Firm And Family Office Of Byron Allen, Has Acquired A $25M Stake In Starz - AfroTech",https://news.google.com/rss/articles/CBMixwFBVV95cUxOdWx2U3BteVB6WjF0Qko5ZmxsMjlCZEJaSjJlZ1VWbFA5aEQzWkM4aEdZdHZhd0I2WnBMSFpaVWdXN19oN1ZZQV9RcnU2dlFWTFpTVUQtWGF6SEtmRGMwdFlzRWI5TnJtR0xRN2lPeXVHWUNPbFRjb1U0TXFWZXhqX0lXbk1HVUpMS2pIeUZNbHlBcEZOdVdBTy1lN2lWQVgxT2lGTm4wNHFvOHphR0lSM0YwNktMSzFfbERVemZsNnczNVhhbmVZ?oc=5,news headline,Low,inference,"Mon, 09 Mar 2026",inferred,,,
Swiss Family Office,Google News RSS,Unconfirmed,FO-function not proven from the firm's own site/filing/exemption (name / 13F / press / registry do not prove function),Unresolved-Quarantine,,,,,True,,,,,,,,25,Rejected,"existence unproven: no SEC entity, website, registry location, or named principal",,,,,,,unresolved,,,,,,,,,,unresolved,,,,,,,,,,unresolved,,,,,,,,,,unresolved,,,,,,,,,,unresolved,,,,,,,,,,unresolved,,,,,,,,,,unresolved,,,,,,,,,,unresolved,,,,,,,,,,unresolved,firm-level,,,Swiss Family Office buys Lixa D - EurobuildCEE,https://news.google.com/rss/articles/CBMiekFVX3lxTE01ZHpSbE9tbFNoT1hJOHhnOGZMUDRSanlRUV9JcG5CZnpsaWhvN2dmeXMzMUZVNDZBaHhlRWF0cWtQcHZqaWRTb28tbWF5RWwtWFFveC1YU1U0dlZzdVlObmRkdUluRFR1VzRxVll4Z21Xc3pzNFBWSzB3?oc=5,news headline,Low,inference,"Mon, 23 Mar 2026",inferred,,,
Arthur Hayes-Backed Family Office,Google News RSS,Unconfirmed,FO-function not proven from the firm's own site/filing/exemption (name / 13F / press / registry do not prove function),Unresolved-Quarantine,,,,,True,,,,,,,,25,Rejected,"existence unproven: no SEC entity, website, registry location, or named principal",,,,,,,unresolved,,,,,,,,,,unresolved,,,,,,,,,,unresolved,,,,,,,,,,unresolved,,,,,,,,,,unresolved,,,,,,,,,,unresolved,,,,,,,,,,unresolved,,,,,,,,,,unresolved,,,,,,,,,,unresolved,firm-level,,,Arthur Hayes-Backed Family Office Seeks $250M to Buy Crypto Service Firms: Bloomberg - CoinDesk,https://news.google.com/rss/articles/CBMi2wFBVV95cUxPTVJLSENBVzFVcnFBM0ZuTlBjb0ZjbDQzU2ZpUDlIUzdWSWZvdkZkc2JDZlJvZHg2bjh3a3FnRENtNnQ0eDA0Ukt4RnoyRmd2M2pxQUhwRXpwUUY4SGg1MHFIQndmUm81UU1TQjRZaUczZ2hBcTFaV3QtVkNIZEM3cVd5eW84VUJobm9WbzRUQXFsMlZZc2Fhb2hfUndUSzR2ZlplTWo1TXJRYklVR0Nkb1d0S1U5RTZPaWktbDdjcGc4cGVYbVVRb3pUejVwcUxUNlhLQ3RHN1FWSXM?oc=5,news headline,Low,inference,"Fri, 17 Oct 2025",inferred,,,
Billionaire Family Office,Google News RSS,Unconfirmed,FO-function not proven from the firm's own site/filing/exemption (name / 13F / press / registry do not prove function),Unresolved-Quarantine,,,,,True,,,,,,,,25,Rejected,"existence unproven: no SEC entity, website, registry location, or named principal",,,,,,,unresolved,,,,,,,,,,unresolved,,,,,,,,,,unresolved,,,,,,,,,,unresolved,,,,,,,,,,unresolved,,,,,,,,,,unresolved,,,,,,,,,,unresolved,,,,,,,,,,unresolved,,,,,,,,,,unresolved,firm-level,,,Billionaire Family Office Acquires $65 Million of HeartFlow as Stock Jumps 70% From IPO - The Motley Fool,https://news.google.com/rss/articles/CBMi1AFBVV95cUxPdlRld2ljbWhtYUd4VElCZDJuOGlvaHg5ZEVPVks3djdJTGVtN2xMUF82eUpReEdsZmdfWHZPREM1bzN3NVlfU2Vad1Y4a2JfaGc0bWNyaWtZanpsbklwdFNOa0s2SGQ1YlpLNTNMVnRVZk1heWNqY3Z6Z3FDTFZPRmdoM0JDY3VkOFFsUFBTTk1qV0hyWGFRWENpSmhfUmExQlF3RVlLQnZ4ZHZhNjY3WUxZS2RIM0l4ZE9DVWp6SkwxdFMxU1ptVGpUMXZTRWZWdFVwMw?oc=5,news headline,Low,inference,"Sun, 30 Nov 2025",inferred,,,
PMG Family Office,Google News RSS,Unconfirmed,FO-function not proven from the firm's own site/filing/exemption (name / 13F / press / registry do not prove function),Unresolved-Quarantine,,,,,True,,,,,,,,25,Rejected,"existence unproven: no SEC entity, website, registry location, or named principal",,,,,,,unresolved,,,,,,,,,,unresolved,,,,,,,,,,unresolved,,,,,,,,,,unresolved,,,,,,,,,,unresolved,,,,,,,,,,unresolved,,,,,,,,,,unresolved,,,,,,,,,,unresolved,,,,,,,,,,unresolved,firm-level,,,"PMG Family Office buys 3,064 Apple shares worth $780K amid positive analyst outlooks. - Pluang",https://news.google.com/rss/articles/CBMiekFVX3lxTE5GbC0zREhIb1hfU2FLX0hFbV9UR0V5ZHdhbGZ0cmJHejR4dHY4V2lkWS1wdFZXdDNsalFxOHJPZzZGS0p3ajR5alh1ME5ka1hfOFFZalJoWmhUbXN4Q21XRGlLSkhyLTRWd09uWXZnd29SU1Z1dzFaMDV3?oc=5,news headline,Low,inference,"Sun, 22 Mar 2026",inferred,,,
Dallas Family Office,Google News RSS,Unconfirmed,FO-function not proven from the firm's own site/filing/exemption (name / 13F / press / registry do not prove function),Unresolved-Quarantine,,,,,True,,,,,,,,25,Rejected,"existence unproven: no SEC entity, website, registry location, or named principal",,,,,,,unresolved,,,,,,,,,,unresolved,,,,,,,,,,unresolved,,,,,,,,,,unresolved,,,,,,,,,,unresolved,,,,,,,,,,unresolved,,,,,,,,,,unresolved,,,,,,,,,,unresolved,,,,,,,,,,unresolved,firm-level,,,Mr Gatti’s Pizza Sells Majority Stake to Dallas Family Office - QSR Magazine,https://news.google.com/rss/articles/CBMimwFBVV95cUxObXFXZDRMVy1OeVpWXzJVa0VQSUlteG1UeFdFTUhYOFNGZlRHdVcwMzAtQ2FBQ3kxY0xTUXJ3QWhLSFZEamZEaFFlWFhfREtuSUpUVjYyQWN1ak51bUw5Y3R3TUJmdVhTNExlTUJ5ZWZSVVJWNHkzbTBhY3h2cDhSN3R3U1BPS2JrQTRCVkhBMUdCOUlOdW5icWxMSQ?oc=5,news headline,Low,inference,"Wed, 21 Jan 2026",inferred,,,
Capital Starts Family Office,Google News RSS,Unconfirmed,FO-function not proven from the firm's own site/filing/exemption (name / 13F / press / registry do not prove function),Unresolved-Quarantine,,,,,True,,,,,,,,25,Rejected,"existence unproven: no SEC entity, website, registry location, or named principal",,,,,,,unresolved,,,,,,,,,,unresolved,,,,,,,,,,unresolved,,,,,,,,,,unresolved,,,,,,,,,,unresolved,,,,,,,,,,unresolved,,,,,,,,,,unresolved,,,,,,,,,,unresolved,,,,,,,,,,unresolved,firm-level,,,Prime Capital Starts Family Office Via Acquisition - Wealth Management,https://news.google.com/rss/articles/CBMiqAFBVV95cUxNbTFlTXRkQmZhcDVkSTBSaWJjU2xrN1RWSUx0cTdLQkVvYXp4enQ3R0VuZWgxNkR4Yl9TQWxRN0Q2dGQ2YTRhbmJ4emhFZ0xWQUNQdFNhckNmYWduLU9LbldmaDIxYnduZUNLbTdwaFU3Q3EtRzBfZ2VaZF9FdDJSNE0tN2MtVjQ2UTc4UkdUU3M2M2hudEZ1bENkWHFkTHc1Ny1wS3hKOGQ?oc=5,news headline,Low,inference,"Mon, 03 Mar 2025",inferred,,,
SEI Family Office,Google News RSS,Unconfirmed,FO-function not proven from the firm's own site/filing/exemption (name / 13F / press / registry do not prove function),Unresolved-Quarantine,,,,,True,,,,,,,,25,Rejected,"existence unproven: no SEC entity, website, registry location, or named principal",,,,,,,unresolved,,,,,,,,,,unresolved,,,,,,,,,,unresolved,,,,,,,,,,unresolved,,,,,,,,,,unresolved,,,,,,,,,,unresolved,,,,,,,,,,unresolved,,,,,,,,,,unresolved,,,,,,,,,,unresolved,firm-level,,,Aquiline Closes Acquisition of SEI Family Office Services Unit - ai-cio.com,https://news.google.com/rss/articles/CBMilgFBVV95cUxOMzN1ZHU4S3pFQW9KejJqSWFtOV9tdFlsQk1VQlNqVHFVZHJtZlhPS29LVWNDbXVoaW1fT0RRaVQxZHRiZ0hscmJsUzh4dXl5RGZtdWtxN3NkYVB2Nmg4T0U1VGo1TXl2cXIzSVIxQUZCb3hXdUp0eHZXaDZnZlRBbGZrOW4xYWRVRkJ4OUdneGMxS0l2VFE?oc=5,news headline,Low,inference,"Mon, 07 Jul 2025",inferred,,,
SKH Family Office,Google News RSS,Unconfirmed,FO-function not proven from the firm's own site/filing/exemption (name / 13F / press / registry do not prove function),Unresolved-Quarantine,,,,,True,,,,,,,,25,Rejected,"existence unproven: no SEC entity, website, registry location, or named principal",,,,,,,unresolved,,,,,,,,,,unresolved,,,,,,,,,,unresolved,,,,,,,,,,unresolved,,,,,,,,,,unresolved,,,,,,,,,,unresolved,,,,,,,,,,unresolved,,,,,,,,,,unresolved,,,,,,,,,,unresolved,firm-level,,,SKH Family Office acquires Rotana resort in Ras Al Khaimah - News - connectingtravel.com,https://news.google.com/rss/articles/CBMilwFBVV95cUxQZkNHZ0g5WVNnU0dEWG9wQmJFVUhXSDZ1alkzMzM3eHdaaThrMjNYUzI5RTRBUFBDRTRORlRzSEtRWWkyZTdFTlBaNm9mM29QZ3kzSVBxLWxWN1ZzYldHMk5XZ3RRMDlSTEY0Tk5faUhzN2E1TDU5Qmx1Ujg2SktuaV9zckNORmVjZnl0ZFE2MWpCVkRMcTJn?oc=5,news headline,Low,inference,"Thu, 15 Jan 2026",inferred,,,
Boston Multi Family Office,Google News RSS,Unconfirmed,FO-function not proven from the firm's own site/filing/exemption (name / 13F / press / registry do not prove function),Unresolved-Quarantine,,,,,True,,,,,,,,25,Rejected,"existence unproven: no SEC entity, website, registry location, or named principal",,,,,,,unresolved,,,,,,,,,,unresolved,,,,,,,,,,unresolved,,,,,,,,,,unresolved,,,,,,,,,,unresolved,,,,,,,,,,unresolved,,,,,,,,,,unresolved,,,,,,,,,,unresolved,,,,,,,,,,unresolved,firm-level,,,Boston Multi Family Office acquires Aqua Group - channeleye.media,https://news.google.com/rss/articles/CBMifEFVX3lxTE1ZUFBiZ2V6b0VuRmZIcWJRX1gwdFU4NDhUbnRSRGs3TGFfY0hjUmFfM0pNX25DT29BSHNKZjNwMW9MTmN1U2UzejMxUDczYmhldlVJay0yS211Q2xnNWR2a1ZrUlRCdWE5d0NLWVpHNGtLbENrWXNEWW55MkQ?oc=5,news headline,Low,inference,"Tue, 04 Mar 2025",inferred,,,
Kong Billionaire Family Office,Google News RSS,Unconfirmed,FO-function not proven from the firm's own site/filing/exemption (name / 13F / press / registry do not prove function),Unresolved-Quarantine,,,,,True,,,,,,,,25,Rejected,"existence unproven: no SEC entity, website, registry location, or named principal",,,,,,,unresolved,,,,,,,,,,unresolved,,,,,,,,,,unresolved,,,,,,,,,,unresolved,,,,,,,,,,unresolved,,,,,,,,,,unresolved,,,,,,,,,,unresolved,,,,,,,,,,unresolved,,,,,,,,,,unresolved,firm-level,,,Hong Kong Billionaire Family Office Backs $100 Million AI Fund - Bloomberg.com,https://news.google.com/rss/articles/CBMisgFBVV95cUxOVDR4SzFERUNnN2wzMHVxTmpRZV9UUXE0cnZ6TXA2VUVjTThMaHlzenNTek83bUk0aVdNYUtpVm9SdnpUaDcydDU3bTNrNGhXUTJseW5jU0R1c0NBZ2o2b3BId0lzZGRSMjFqNnZkdm4teTV4Q3ZCMjhpOC02Z3RwbHY0c2tNZXNWR2dyVlFEemdrbk1IOGRBOU1wR1JjTW1CV0lLc2U5UnpkZ2Iwd0FSM09n?oc=5,news headline,Low,inference,"Tue, 03 Feb 2026",inferred,,,
Duquesne Family Office,Google News RSS,Unconfirmed,FO-function not proven from the firm's own site/filing/exemption (name / 13F / press / registry do not prove function),Unresolved-Quarantine,,,,,True,,,,,,,,25,Rejected,"existence unproven: no SEC entity, website, registry location, or named principal",,,,,,,unresolved,,,,,,,,,,unresolved,,,,,,,,,,unresolved,,,,,,,,,,unresolved,,,,,,,,,,unresolved,,,,,,,,,,unresolved,,,,,,,,,,unresolved,,,,,,,,,,unresolved,,,,,,,,,,unresolved,firm-level,,,Duquesne Family Office Cuts Back — Then Loads Up on New Bets - Institutional Investor,https://news.google.com/rss/articles/CBMinwFBVV95cUxPMGFkN0U2VDlvdXg2X1ExNTlUdENoMGV5RV81N3doQmRCZExfaWlNdWNhNV92T0NMT0EtY1RPNkx6bTdwWnl0WC0wXzFaM1RtTUFQZHpaVzhIUFFSODJyNHp6VWJ5dVh5NmR0amlyY0dIYUpOUXZIQWlzcXhnV1FUUjJ3SFFnVHFLUWFDWGpfVmpXWU1Bd2xPLWtDSmlzN0k?oc=5,news headline,Low,inference,"Tue, 19 May 2026",inferred,,,
UBS Global Family Office,Google News RSS,Unconfirmed,FO-function not proven from the firm's own site/filing/exemption (name / 13F / press / registry do not prove function),Unresolved-Quarantine,,,,,True,,,https://www.ubs.com,,,,,25,Rejected,Unresolved-Quarantine: does not count (FO-function not proven from the firm's own site/filing/exemption (name / 13F / press / registry do not prove function)),,,,,,,unresolved,,,,Investment Bank Investment Bank Visit overview Investment Bank overview What we offer About us Insights Regulatory directory Conferences Investment Bank overview What we offer About us Insights Regulatory directory Conferences,https://www.ubs.com,site copy (investing language),Low,inference,,inferred,,,,,,,,,,unresolved,,,,UBS is a global firm providing financial services in over 50 markets. Visit our site to find out what we offer in your market.,https://www.ubs.com,site homepage / meta description,Medium,fact,,verified,,,,,,,,,,unresolved,,,,,,,,,,unresolved,,,,,,,,,,unresolved,,,,,,,,,,unresolved,,,,,,,,,,unresolved,firm-level,,,UBS Global Family Office Report 2024: balance is back - Funds Society,https://news.google.com/rss/articles/CBMinwFBVV95cUxNdGVESWZUelkteVdzNzZHdlF2QUM1cHFlYUppOTYxSkJoVWp2QklYU1lnOTlWaTdUcm9ncjZKWGpUOEhVS2FUNWI5ZzZocUI3TkU5Y3JjTWJGWHh5T2hkX2l5S2puOU01NndUZzhtX2ttbF9lLXk3cEtsTE5XV1k1WEJmRHd4YV9YS2ZKbjlrLTZQblVMb0RfRkJrakNYNjg?oc=5,news headline,Low,inference,"Thu, 23 May 2024",inferred,,,
Bass Family Office,Google News RSS,Unconfirmed,FO-function not proven from the firm's own site/filing/exemption (name / 13F / press / registry do not prove function),Unresolved-Quarantine,,,,,True,,,,,,,,25,Rejected,"existence unproven: no SEC entity, website, registry location, or named principal",,,,,,,unresolved,,,,,,,,,,unresolved,,,,,,,,,,unresolved,,,,,,,,,,unresolved,,,,,,,,,,unresolved,,,,,,,,,,unresolved,,,,,,,,,,unresolved,,,,,,,,,,unresolved,,,,,,,,,,unresolved,firm-level,,,"Follow the Money: Bass Family Office Backs FoodMaven's $15.3M Series B for DFW Expansion, Theatro Nets $20M in Series C Funds - Dallas Innovates",https://news.google.com/rss/articles/CBMizgFBVV95cUxQTW9OTTBsT2x5QXcxSDRWYUY4R24xS19CVWMxZXJqd2xleXFmZmh6VnJua05oWjhkVVpMdFRqTk5mTkFrYzNDSzRjVjd3OGVCS2o1SUlIQzBlekU1UjdXT1I0VFl0d1hUdFFCNTlwcENqWlN1TlVCNGRRT2ZQZ2JvVUV5UTE2OXU0WG4yNWVLN0QyZkN4dlFzcGVkTkw3bjc3R3ZFVWFEczZyWFU2RHBhdFczRHJxODh6RTkyVlFjVzNlRnhYRUNYR21BYTlOUQ?oc=5,news headline,Low,inference,"Thu, 12 Dec 2019",inferred,,,
Ved Family Office,Google News RSS,Unconfirmed,FO-function not proven from the firm's own site/filing/exemption (name / 13F / press / registry do not prove function),Unresolved-Quarantine,,,,,True,,,,,,,,25,Rejected,"existence unproven: no SEC entity, website, registry location, or named principal",,,,,,,unresolved,,,,,,,,,,unresolved,,,,,,,,,,unresolved,,,,,,,,,,unresolved,,,,,,,,,,unresolved,,,,,,,,,,unresolved,,,,,,,,,,unresolved,,,,,,,,,,unresolved,,,,,,,,,,unresolved,firm-level,,,"Ved Family Office, Ananta back $250M IGF fund for Indian brands going global - YourStory.com",https://news.google.com/rss/articles/CBMipwFBVV95cUxPTDB3Unl4QnBmaDA0WEVBd2x3VlhRdXlGVmx6bE0zV2RxaXQ4QXdnUTVOdGgzR19vUUZNYm00QV9YWTBMcjYxS2ZqRklLek9IanUzOXBmdEpwR0JhdllkeEFQOVEtd3EzMG9Ub3Vha013VzhVb3huWURFRzhGdGpWWmdGOEVidFpaYUtOelhHT3ZOaU92b1QxR2dqOUIzcGVKdVlybjNrUQ?oc=5,news headline,Low,inference,"Thu, 27 Nov 2025",inferred,,,
Sunil Singhanias Family Office,Google News RSS,Unconfirmed,FO-function not proven from the firm's own site/filing/exemption (name / 13F / press / registry do not prove function),Unresolved-Quarantine,,,,,True,,,,,,,,35,Rejected,Unresolved-Quarantine: does not count (FO-function not proven from the firm's own site/filing/exemption (name / 13F / press / registry do not prove function)),,,,,,,unresolved,,,,,,,,,,unresolved,,,,,,,,,,unresolved,,,,,,,,,,unresolved,,,,Investor Sunil Singhania,https://news.google.com/rss/articles/CBMikwJBVV95cUxPeHl1SDNEUmwzdXpNVERpc2J2ZUY5elNTc29YdEFCSVAxMHZQRDZGOU1vOGpDUml2ZVV6a3g5dWQtR3lWYnlxR3VvNUhBNEtweUI4c3kwd3RQcXJUa2dfV1lEZ211Yldxb0hzamptNTctYVNMQUptWVJnZVZKLWNNZ1pDOXdHNURwdDhOVHE5bGctTWl1Si04bFpSRXR5X3R2dm9ubjJMRVJpOFloSXNaeHRwVFg0STBjSlVXSlhpeEszMi1zYjBCRWpQenJGdEtrTzJscmxuNVNfYldhdC1sRkV6NWpreS1xR3hjN1RDZFNpZW0xZW1OSEl2ekRGNWowVFMxbTVCOG1iLWh4V3RaTzU5WdIBmAJBVV95cUxPRGQ4Z09RMGxTTmJ2enRNczFUVDdGdG9nYmI5SlloemdvRXJFdHdKblBJc2dDZDZ1bXdhQ3N2bUx1NldMeUh2SzhhaWpiRk51Vkw1MVhEWGR5Zmp6RDVGdzFNOWtSVmdCV0VwVm1rU2hjbGJmYkhRdGJnR0FkWlp5ejdGbWxLb0RwUGNfN3RNTVdHdXZEVkV2dnpKenZGMlR1V3R3M21FX21MV0lXdzlxLTBSMzhGQWtnWnQzdUpVYTg1bmhiUUQ2V21hazRjQWwzbDNMQW1zWFJhWU5TYlBIUXluVWpaOTRXdEd2N0IyMWRKV05yYTUzU1ZoN0sxZXFoRlN0RkFkaUp6RTZ1bzdKOXhLdW94a0Fh?oc=5,named in news headline (unverified),Low,inference,"Fri, 31 Oct 2025",inferred,,,,,,,,,,unresolved,,,,,,,,,,unresolved,,,,,,,,,,unresolved,,,,,,,,,,unresolved,firm-level,,,Ace Investor Sunil Singhanias Family Office Backs SPC (Swapnil Patnis Classes) Indias Leading CA Coaching Brand Enters Pre-IPO Growth Phase - The Tribune,https://news.google.com/rss/articles/CBMijgJBVV95cUxPS0ZBemFJcXRSV1c2Q3prcklxemx4U25ZRTBRdGRLUUJmWWFnTmthaVJUSllucFJ6NGxLZFY2MUVRbzN2TkhWcWpEd0J2RFBVc2lJSzBhUUpxOWtSZEtESHlsRkM2dEhsU2s0N0c2LWlLbEVCSU51LTZGZnNkSjRDSzRTNVg0bVEyOXNEWXFkZWpaa0h0SzVpVVhsa3UySTIyS05kZW1yOW5KMUFpenNzVHdKOWVVY2gta185U3Q1dE1Wc3pxWFA1OXJIRVgtNklKZmUzUmdfc0ZINmdPLWtLWHFJam9TRXlhOHRmNUN0WXNKQXEycVRqa3kteU94b3YwS1NWU0FZRU9MRjhXcmfSAZICQVVfeXFMTi15d2lYWjhaZWhiZ05udFlWR2x3cGIwNmtqeFVza1BkcXNCcVBJdXJfRS14NmF1YmI4MDJLVUxfVmZyZUdzMXRyV2JBX3dKbm13amlOdzNQbmtHTWp4YWc3LTZvb0tXcjE2X0Y5Q19jVUFlUnI4ZHdELTNXZTRnZkxlT3M1ZFR6ck5uTkgwd2FfQmI4T1R3dnhhSjBSMjNVTUlEOXA2bmN0TlJxU0JCMnVsMFVndFVTZFc5cXZxOVJ5aVlndlBFUC1tYU5tNDJMbl9feTBYOXhybWlycFN1WHozT054SDJuY25xMEVpS3J1ekpOS0d1T3Q5N2VTeG1kcjBteFM3RFRQNzFRSktnY2Vadw?oc=5,news headline,Low,inference,"Fri, 31 Oct 2025",inferred,,,
Focuses On Family Office,Google News RSS,Unconfirmed,FO-function not proven from the firm's own site/filing/exemption (name / 13F / press / registry do not prove function),Unresolved-Quarantine,,,,,True,,,,,,,,25,Rejected,"existence unproven: no SEC entity, website, registry location, or named principal",,,,,,,unresolved,,,,,,,,,,unresolved,,,,,,,,,,unresolved,,,,,,,,,,unresolved,,,,,,,,,,unresolved,,,,,,,,,,unresolved,,,,,,,,,,unresolved,,,,,,,,,,unresolved,,,,,,,,,,unresolved,firm-level,,,"Hedge Fund Tycoon Steps Back From Firm, Focuses On Family Office - Report - Family Wealth Report",https://news.google.com/rss/articles/CBMiwwFBVV95cUxORnNIU3RfYUdxc2p6RUNHSFp6LXlZaVEwOTVQMTE2bkd2cEd6SkFiWkdBSzdxVWNjWXliWGhpNmMzT21ua1lhVjRVNERwWkxaN2gzUlJSS2t3ZHlOWHVwM3FzR0w0VDN1TWtXQmdfcFExSXlwRjNTM2FKXy1OWFlHdUdlUDBjTzd1VEZyNm9wUGhtSEFxVTVBRy1OTjZJVF85TWhVM2dEY2RLQU5ENFRXREVrVEk5VU95RVBlWlI2MzZqajQ?oc=5,news headline,Low,inference,"Mon, 27 Jan 2020",inferred,,,
Back Geneva Family Office,Google News RSS,Unconfirmed,FO-function not proven from the firm's own site/filing/exemption (name / 13F / press / registry do not prove function),Unresolved-Quarantine,,,,,True,,,,,,,,25,Rejected,"existence unproven: no SEC entity, website, registry location, or named principal",,,,,,,unresolved,,,,,,,,,,unresolved,,,,,,,,,,unresolved,,,,,,,,,,unresolved,,,,,,,,,,unresolved,,,,,,,,,,unresolved,,,,,,,,,,unresolved,,,,,,,,,,unresolved,,,,,,,,,,unresolved,firm-level,,,JPMorgan Scales Back Geneva Family Office Ambitions - finews.com,https://news.google.com/rss/articles/CBMinwFBVV95cUxPSWc3UVlHYUszaU1zRFhHOGJtc0pqdzJETko2eXJqMmxCbTBqV3AxUnNNVm5yc0pGVnhKejdzZXUtQS1KZWE5N2NqcnMyeDZFSHlkZ1NnZDZLVFVNa3diS00wd3hSai1rSUwxNjJzWjQtd2wzQmxHOWU0NW5xREJqdXNOd2lsOUdjZ25PYmRrNTNqMjMtOHdRbFBGaGgyRDg?oc=5,news headline,Low,inference,"Wed, 09 Aug 2023",inferred,,,
UK-Based Family Office,Google News RSS,Unconfirmed,FO-function not proven from the firm's own site/filing/exemption (name / 13F / press / registry do not prove function),Unresolved-Quarantine,,,,,True,,,,,,,,25,Rejected,"existence unproven: no SEC entity, website, registry location, or named principal",,,,,,,unresolved,,,,,,,,,,unresolved,,,,,,,,,,unresolved,,,,,,,,,,unresolved,,,,,,,,,,unresolved,,,,,,,,,,unresolved,,,,,,,,,,unresolved,,,,,,,,,,unresolved,,,,,,,,,,unresolved,firm-level,,,UK-Based Family Office Buys Back High-End Flexible Offices Business - Report - Wealth Briefing,https://news.google.com/rss/articles/CBMi1wFBVV95cUxNZ2xIMVNwb2tnUWItUzY3c2s0SEZXX0N4dFpYWHJ5TUZQNjh2UDk3Vy1OY0pqUzljOE43c1BOU0FzdVlTRXh2Wm4wcER5VXFRemxJakFITUJUN1pXZHRPTWlidHB5YjNyazZwUGZCV0pXa0lvbDFPRG13V3YxZW54YTAtZk1jNE9ZR21sdGs2R3FNMzB4M0FBUDg0RmdOVGNSakNxUFNJZnpnaWhYRjBpMTkyazNZMV9WblN2U2VPZUZLR3VLOWJFejZLS0RBNGo3bFFOQnRHNA?oc=5,news headline,Low,inference,"Tue, 23 Feb 2021",inferred,,,
Narotam Sekhsaria Family Office,Google News RSS,Unconfirmed,FO-function not proven from the firm's own site/filing/exemption (name / 13F / press / registry do not prove function),Unresolved-Quarantine,,,,,True,,,,,,,,25,Rejected,"existence unproven: no SEC entity, website, registry location, or named principal",,,,,,,unresolved,,,,,,,,,,unresolved,,,,,,,,,,unresolved,,,,,,,,,,unresolved,,,,,,,,,,unresolved,,,,,,,,,,unresolved,,,,,,,,,,unresolved,,,,,,,,,,unresolved,,,,,,,,,,unresolved,firm-level,,,Narotam Sekhsaria Family Office Backs IPO-bound Drone Maker Garuda Aerospace - BW Disrupt,https://news.google.com/rss/articles/CBMiuAFBVV95cUxNN01vZUtGeXd3RkgwWkc4R01mWFE5RUZQS2NjVjJUY3FuVXdPbUpXam0yRjNnVTZwbjBuQzdIT2dXTzM1UXVGak9oS210bGJMdUxHckNRVXNqRjRZc0NsWXhTMDJjZXNDTkJtOGdkelF4eHp3cmdhM0pQdUhGT2JIU1huM1NadW9YNnlIWUNXUUJVTFZoMjVnX2szLV91WWxqVGltZGpjMkpwMnlsQTBiQ0FLTDctbXZP?oc=5,news headline,Low,inference,"Wed, 11 Jun 2025",inferred,,,
Kirloskar Family Office,Google News RSS,Unconfirmed,FO-function not proven from the firm's own site/filing/exemption (name / 13F / press / registry do not prove function),Unresolved-Quarantine,,,,,True,,,http://www.kirloskar.com,,,,,25,Rejected,Unresolved-Quarantine: does not count (FO-function not proven from the firm's own site/filing/exemption (name / 13F / press / registry do not prove function)),,,,,,,unresolved,,,,"For a period of over 135+ years, we at the Kirloskar Group, affectionately referred to as Kirloskar, have focused on the progress of economic self-sufficiency and industrial growth in India. Our first products, the iron plough and chaff cutters, were introduced by our founder Hon. Late Shri Laxmanra",http://www.kirloskar.com,site copy (investing language),Low,inference,,inferred,,,,,,,,,,unresolved,,,,"Welcome to the official website of Kirloskar, Explore the legacy of Kirloskar Group - Your trusted source for information about Kirloskar Companies with over 135 + years of industrial excellence",http://www.kirloskar.com,site homepage / meta description,Medium,fact,,verified,,,,,,,,,,unresolved,,,,,,,,,,unresolved,,,,,,,,,,unresolved,,,,,,,,,,unresolved,,,,,,,,,,unresolved,firm-level,,,"Kirloskar Family Office, Madhusudan Kela back Artha Group’s Rs 450 cr micro-VC fund - Business Today",https://news.google.com/rss/articles/CBMi5gFBVV95cUxNVkl5WXV3Q2liTG0tcXRrOW5hNnlMdmQ4WW5TQXZNVVBLZ2VNTVhTV0NnV3FFOHUxYWljQW5lN09zemxEQXdfam5PT1I3cUNQRWZKZE1ycFhZWDRxa1FlV09LWnlBWHFuaTdyVEFQM3NFejlQWVJWaWxjdVp5Q0o5dnhsNmdaNzZtWHVNUEdQQlh5eWRrNGdMQ2RiN1pFVVJteGFMcC1wYlNGSWRZQlo5WThzaUFKT25hdENBbkdHaGNTSmZFVlVQdHlPX0hkV1k5QWxkLVB3elRveVdpRG1Ja2kxMUZ3Zw?oc=5,news headline,Low,inference,"Tue, 11 Oct 2022",inferred,,,
Allie Family Office Llc,SEC CIK registry (entity names),Unconfirmed,FO-function not proven from the firm's own site/filing/exemption (name / 13F / press / registry do not prove function),Unresolved-Quarantine,,,,,True,,,,"1200 BRICKELL AVENUE, SUITE 800, MIAMI, FL, 33131",,,,25,Rejected,Unresolved-Quarantine: does not count (FO-function not proven from the firm's own site/filing/exemption (name / 13F / press / registry do not prove function)),$228.5M (13F portfolio value),https://www.sec.gov/Archives/edgar/data/1908612/000190861226000002/primary_doc.xml,"13F tableValueTotal — US-listed equities only, not full AUM",High,fact,2026-05-14,inferred,,,,,,,,,,unresolved,,,,,,,,,,unresolved,,,,,,,,,,unresolved,,,,,,,,,,unresolved,,,,Managing Director,https://www.sec.gov/Archives/edgar/data/1908612/000190861226000002/primary_doc.xml,13F signature block,High,fact,2026-05-14,verified,,,,,,,,,,unresolved,,,,,,,,,,unresolved,,,,7866357162,SEC EDGAR submissions CIK 0001908612,official SEC filing (business phone),High,fact,2026-05-14,verified,firm-level,,,,,,,,,unresolved,,,
"Antilles Family Office, Llc",SEC CIK registry (entity names),Unconfirmed,FO-function not proven from the firm's own site/filing/exemption (name / 13F / press / registry do not prove function),Unresolved-Quarantine,,,,,True,,,https://antillesfamilyoffice.com,"5330 YACHT HAVEN GRANDE, SUITE 206, ST THOMAS, VI, 00802",,,,25,Rejected,Unresolved-Quarantine: does not count (FO-function not proven from the firm's own site/filing/exemption (name / 13F / press / registry do not prove function)),,,,,,,unresolved,,,,,,,,,,unresolved,,,,,,,,,,unresolved,,,,,,,,,,unresolved,,,,,,,,,,unresolved,,,,,,,,,,unresolved,,,,,,,,,,unresolved,,,,,,,,,,unresolved,,,,3407748800,SEC EDGAR submissions CIK 0001930338,official SEC filing (business phone),High,fact,2024-02-22,verified,firm-level,,,,,,,,,unresolved,,,
"Arrowroot Family Office, Llc",SEC CIK registry (entity names),Unconfirmed,FO-function not proven from the firm's own site/filing/exemption (name / 13F / press / registry do not prove function),Unresolved-Quarantine,,,,,True,,,https://arrowrootfamilyoffice.com,"4553 GLENCOE AVENUE, SUITE 200, MARINA DEL REY, CA, 90292",,"Tue, 14 Jul 2026",news,50,Rejected,Unresolved-Quarantine: does not count (FO-function not proven from the firm's own site/filing/exemption (name / 13F / press / registry do not prove function)),$302.5M (13F portfolio value),https://www.sec.gov/Archives/edgar/data/2017744/000142050626001082/primary_doc.xml,"13F tableValueTotal — US-listed equities only, not full AUM",High,fact,2026-05-15,inferred,,,,,,,,,,unresolved,,,,,,,,,,unresolved,,,,,,,,,,unresolved,,,,,,,,,,unresolved,,,,CEO,https://www.sec.gov/Archives/edgar/data/2017744/000142050626001082/primary_doc.xml,13F signature block,High,fact,2026-05-15,verified,,,,,,,,,,unresolved,,,,,,,,,,unresolved,,,,310.341.4774,SEC EDGAR submissions CIK 0002017744,official SEC filing (business phone),High,fact,2026-05-15,verified,firm-level,,,"Arrowroot Family Office, LLC's iShares U.S. Treasury Bond ETF(GOVT) Holding History - GuruFocus",https://news.google.com/rss/articles/CBMihwFBVV95cUxQdzloS3pOS1RwMFRYMmotX1lOSHQwXzlialdKR0t6UG05VDNfVldMR21KZWdBV0pCUEV4eEp4cjdJYzdjQXBIWmhEcG9MZk5wY1hOLWMyTF9zOE5QM0IyMXg3LTdKaVlZeDE1SU1ONlhQY2MydEZzVG14c1piQk5tcW00SVdYZkk?oc=5,targeted news query,Low,inference,"Tue, 14 Jul 2026",inferred,,,
Aurelius Family Office Llc,SEC CIK registry (entity names),Unconfirmed,FO-function not proven from the firm's own site/filing/exemption (name / 13F / press / registry do not prove function),Unresolved-Quarantine,,,,,True,,,https://aurelius.net,"3 EXECUTIVE PARK DR, SUITE 261, BEDFORD, NH, 03110",,,,55,Rejected,Unresolved-Quarantine: does not count (FO-function not proven from the firm's own site/filing/exemption (name / 13F / press / registry do not prove function)),$253.9M (13F portfolio value),https://www.sec.gov/Archives/edgar/data/2053738/000205373826000003/primary_doc.xml,"13F tableValueTotal — US-listed equities only, not full AUM",High,fact,2026-07-13,inferred,,,,,,,,,,unresolved,,,,,,,,,,unresolved,,,,,,,,,,unresolved,,,,,,,,,,unresolved,,,,Chief Compliance Officer,https://www.sec.gov/Archives/edgar/data/2053738/000205373826000003/primary_doc.xml,13F signature block,High,fact,2026-07-13,verified,,,,,,,,,,unresolved,,,,info@aurelius.net,https://aurelius.net,MX record present (domain accepts mail; mailbox unconfirmed),Medium,inference,2026-08-03,inferred,firm-level,,,6036028550,SEC EDGAR submissions CIK 0002053738,official SEC filing (business phone),High,fact,2026-07-13,verified,firm-level,,,,,,,,,unresolved,,,
Lambeth Family Office Llc,SEC CIK registry (entity names),Unconfirmed,FO-function not proven from the firm's own site/filing/exemption (name / 13F / press / registry do not prove function),Unresolved-Quarantine,,,,,True,,,,"PO BOX 171305, SALT LAKE CITY, UT, 84117",,,,25,Rejected,Unresolved-Quarantine: does not count (FO-function not proven from the firm's own site/filing/exemption (name / 13F / press / registry do not prove function)),,,,,,,unresolved,,,,,,,,,,unresolved,,,,,,,,,,unresolved,,,,,,,,,,unresolved,,,,,,,,,,unresolved,,,,,,,,,,unresolved,,,,,,,,,,unresolved,,,,,,,,,,unresolved,,,,(801) 419-0677,SEC EDGAR submissions CIK 0001797331,official SEC filing (business phone),High,fact,2020-01-08,verified,firm-level,,,,,,,,,unresolved,,,
"Biltmore Family Office, Llc",SEC CIK registry (entity names),Unconfirmed,FO-function not proven from the firm's own site/filing/exemption (name / 13F / press / registry do not prove function),Unresolved-Quarantine,,,,,True,,,https://biltmorefamilyoffice.com,"500 EAST BOULEVARD, CHARLOTTE, NC, 28203",,,,25,Rejected,Unresolved-Quarantine: does not count (FO-function not proven from the firm's own site/filing/exemption (name / 13F / press / registry do not prove function)),$715.5M (13F portfolio value),https://www.sec.gov/Archives/edgar/data/1731123/000139834426008905/primary_doc.xml,"13F tableValueTotal — US-listed equities only, not full AUM",High,fact,2026-05-11,inferred,,,,,,,,,,unresolved,,,,,,,,,,unresolved,,,,,,,,,,unresolved,,,,,,,,,,unresolved,,,,President/Chief Compliance Officer,https://www.sec.gov/Archives/edgar/data/1731123/000139834426008905/primary_doc.xml,13F signature block,High,fact,2026-05-11,verified,,,,,,,,,,unresolved,,,,,,,,,,unresolved,,,,704-272-4698,SEC EDGAR submissions CIK 0001731123,official SEC filing (business phone),High,fact,2026-05-11,verified,firm-level,,,,,,,,,unresolved,,,
"Bmo Family Office, Llc",SEC CIK registry (entity names),Unconfirmed,FO-function not proven from the firm's own site/filing/exemption (name / 13F / press / registry do not prove function),Unresolved-Quarantine,,,,,True,,,http://www.bmo.com,"2191 E. BAYSHORE RD., SUITE 200, PALO ALTO, CA, 94303",,,,25,Rejected,Unresolved-Quarantine: does not count (FO-function not proven from the firm's own site/filing/exemption (name / 13F / press / registry do not prove function)),,,,,,,unresolved,,,,,,,,,,unresolved,,,,,,,,,,unresolved,,,,,,,,,,unresolved,,,,,,,,,,unresolved,,,,,,,,,,unresolved,,,,,,,,,,unresolved,,,,,,,,,,unresolved,,,,650-210-5000,SEC EDGAR submissions CIK 0001673962,official SEC filing (business phone),High,fact,2026-07-01,verified,firm-level,,,,,,,,,unresolved,,,
Boston Family Office Llc,SEC CIK registry (entity names),Unconfirmed,FO-function not proven from the firm's own site/filing/exemption (name / 13F / press / registry do not prove function),Unresolved-Quarantine,,,,,True,,,https://bosfam.com,"20 CUSTOM HOUSE STREET, SUITE 700, BOSTON, MA, 02110",,,,25,Rejected,Unresolved-Quarantine: does not count (FO-function not proven from the firm's own site/filing/exemption (name / 13F / press / registry do not prove function)),$1.50B (13F portfolio value),https://www.sec.gov/Archives/edgar/data/1039807/000103980726000004/primary_doc.xml,"13F tableValueTotal — US-listed equities only, not full AUM",High,fact,2026-05-13,inferred,,,,,,,,,,unresolved,,,,,,,,,,unresolved,,,,,,,,,,unresolved,,,,,,,,,,unresolved,,,,Managing Partner,https://www.sec.gov/Archives/edgar/data/1039807/000103980726000004/primary_doc.xml,13F signature block,High,fact,2026-05-13,verified,,,,,,,,,,unresolved,,,,,,,,,,unresolved,,,,6176240800,SEC EDGAR submissions CIK 0001039807,official SEC filing (business phone),High,fact,2026-05-13,verified,firm-level,,,,,,,,,unresolved,,,
"Callan Family Office, Llc",SEC CIK registry (entity names),Unconfirmed,FO-function not proven from the firm's own site/filing/exemption (name / 13F / press / registry do not prove function),Unresolved-Quarantine,,,,,True,,,https://callanfamilyoffice.com,"201 KING OF PRUSSIA ROAD, SUITE 650, RADNOR, PA, 19087",,,,25,Rejected,Unresolved-Quarantine: does not count (FO-function not proven from the firm's own site/filing/exemption (name / 13F / press / registry do not prove function)),$4.41B (13F portfolio value),https://www.sec.gov/Archives/edgar/data/1938970/000193897026000003/primary_doc.xml,"13F tableValueTotal — US-listed equities only, not full AUM",High,fact,2026-05-13,inferred,,,,,,,,,,unresolved,,,,,,,,,,unresolved,,,,,,,,,,unresolved,,,,,,,,,,unresolved,,,,CEO and CCO,https://www.sec.gov/Archives/edgar/data/1938970/000193897026000003/primary_doc.xml,13F signature block,High,fact,2026-05-13,verified,,,,,,,,,,unresolved,,,,,,,,,,unresolved,,,,(267) 250-2036,SEC EDGAR submissions CIK 0001938970,official SEC filing (business phone),High,fact,2026-05-13,verified,firm-level,,,,,,,,,unresolved,,,
"Cambient Family Office, Llc",SEC CIK registry (entity names),Unconfirmed,FO-function not proven from the firm's own site/filing/exemption (name / 13F / press / registry do not prove function),Unresolved-Quarantine,,,,,True,,,https://cambient.com,"4690 FULTON STREET E, SUITE 203, ADA, MI, 49301",,,,55,Rejected,Unresolved-Quarantine: does not count (FO-function not proven from the firm's own site/filing/exemption (name / 13F / press / registry do not prove function)),$716.4M (13F portfolio value),https://www.sec.gov/Archives/edgar/data/2105684/000139834426006785/primary_doc.xml,"13F tableValueTotal — US-listed equities only, not full AUM",High,fact,2026-04-21,inferred,,,,,,,,,,unresolved,,,,,,,,,,unresolved,,,,,,,,,,unresolved,,,,,,,,,,unresolved,,,,"Trust Advisor, Chief Compliance Officer",https://www.sec.gov/Archives/edgar/data/2105684/000139834426006785/primary_doc.xml,13F signature block,High,fact,2026-04-21,verified,,,,,,,,,,unresolved,,,,info@cambient.com,https://cambient.com,MX record present (domain accepts mail; mailbox unconfirmed),Medium,inference,2026-08-03,inferred,firm-level,,,(616) 330-2270,SEC EDGAR submissions CIK 0002105684,official SEC filing (business phone),High,fact,2026-04-21,verified,firm-level,,,,,,,,,unresolved,,,
"Capitol Family Office, Inc.",SEC CIK registry (entity names),Unconfirmed,FO-function not proven from the firm's own site/filing/exemption (name / 13F / press / registry do not prove function),Unresolved-Quarantine,,,,,True,,,,"1500 NW BETHANY BLVD., SUITE 200, BEAVERTON, OR, 97006",,,,25,Rejected,Unresolved-Quarantine: does not count (FO-function not proven from the firm's own site/filing/exemption (name / 13F / press / registry do not prove function)),$84.7M (13F portfolio value),https://www.sec.gov/Archives/edgar/data/1863768/000186376826000004/primary_doc.xml,"13F tableValueTotal — US-listed equities only, not full AUM",High,fact,2026-04-15,inferred,,,,,,,,,,unresolved,,,,,,,,,,unresolved,,,,,,,,,,unresolved,,,,,,,,,,unresolved,,,,CCO,https://www.sec.gov/Archives/edgar/data/1863768/000186376826000004/primary_doc.xml,13F signature block,High,fact,2026-04-15,verified,,,,,,,,,,unresolved,,,,,,,,,,unresolved,,,,503-897-0236,SEC EDGAR submissions CIK 0001863768,official SEC filing (business phone),High,fact,2026-04-15,verified,firm-level,,,,,,,,,unresolved,,,
Collective Family Office Llc,SEC CIK registry (entity names),Unconfirmed,FO-function not proven from the firm's own site/filing/exemption (name / 13F / press / registry do not prove function),Unresolved-Quarantine,,,,,True,,,https://collectivefamilyoffice.com,"235 ST. CHARLES WAY, STE. 200, YORK, PA, 17402",,,,25,Rejected,Unresolved-Quarantine: does not count (FO-function not proven from the firm's own site/filing/exemption (name / 13F / press / registry do not prove function)),$489.1M (13F portfolio value),https://www.sec.gov/Archives/edgar/data/1845066/000184506626000004/primary_doc.xml,"13F tableValueTotal — US-listed equities only, not full AUM",High,fact,2026-07-02,inferred,,,,,,,,,,unresolved,,,,,,,,,,unresolved,,,,,,,,,,unresolved,,,,,,,,,,unresolved,,,,CCO/COO,https://www.sec.gov/Archives/edgar/data/1845066/000184506626000004/primary_doc.xml,13F signature block,High,fact,2026-07-02,verified,,,,,,,,,,unresolved,,,,,,,,,,unresolved,,,,717-893-5055,SEC EDGAR submissions CIK 0001845066,official SEC filing (business phone),High,fact,2026-07-23,verified,firm-level,,,,,,,,,unresolved,,,
"Colony Family Offices, Llc",SEC CIK registry (entity names),Unconfirmed,FO-function not proven from the firm's own site/filing/exemption (name / 13F / press / registry do not prove function),Unresolved-Quarantine,,,,,True,,,https://colonyfamilyoffices.com,"4250 CONGRESS STREET, SUITE 175, CHARLOTTE, NC, 28209",,,,25,Rejected,Unresolved-Quarantine: does not count (FO-function not proven from the firm's own site/filing/exemption (name / 13F / press / registry do not prove function)),$455.1M (13F portfolio value),https://www.sec.gov/Archives/edgar/data/1633573/000139834426012330/primary_doc.xml,"13F tableValueTotal — US-listed equities only, not full AUM",High,fact,2026-07-20,inferred,,,,,,,,,,unresolved,,,,,,,,,,unresolved,,,,,,,,,,unresolved,,,,,,,,,,unresolved,,,,Managing Director/Chief Compliance Officer,https://www.sec.gov/Archives/edgar/data/1633573/000139834426012330/primary_doc.xml,13F signature block,High,fact,2026-07-20,verified,,,,,,,,,,unresolved,,,,,,,,,,unresolved,,,,704-285-7300,SEC EDGAR submissions CIK 0001633573,official SEC filing (business phone),High,fact,2026-07-20,verified,firm-level,,,,,,,,,unresolved,,,
"Covenant Multifamily Offices, Llc",SEC CIK registry (entity names),Unconfirmed,FO-function not proven from the firm's own site/filing/exemption (name / 13F / press / registry do not prove function),Unresolved-Quarantine,,,,,True,,,,"18756 STONE OAK PARKWAY, SUITE 102, SAN ANTONIO, TX, 78258",,,,25,Rejected,Unresolved-Quarantine: does not count (FO-function not proven from the firm's own site/filing/exemption (name / 13F / press / registry do not prove function)),$556.9M (13F portfolio value),https://www.sec.gov/Archives/edgar/data/1599749/000110465921128387/primary_doc.xml,"13F tableValueTotal — US-listed equities only, not full AUM",High,fact,2021-10-21,inferred,,,,,,,,,,unresolved,,,,,,,,,,unresolved,,,,,,,,,,unresolved,,,,,,,,,,unresolved,,,,Chief Financial Officer,https://www.sec.gov/Archives/edgar/data/1599749/000110465921128387/primary_doc.xml,13F signature block,High,fact,2021-10-21,verified,,,,,,,,,,unresolved,,,,,,,,,,unresolved,,,,210-403-5350,SEC EDGAR submissions CIK 0001599749,official SEC filing (business phone),High,fact,2021-10-21,verified,firm-level,,,,,,,,,unresolved,,,
"Custos Family Office, Llc",SEC CIK registry (entity names),Unconfirmed,FO-function not proven from the firm's own site/filing/exemption (name / 13F / press / registry do not prove function),Unresolved-Quarantine,,,,,True,,,https://custosfo.com,"9011 MOUNTAIN RIDGE DRIVE, SUITE 200, AUSTIN, TX, 78759",,,,25,Rejected,Unresolved-Quarantine: does not count (FO-function not proven from the firm's own site/filing/exemption (name / 13F / press / registry do not prove function)),$146.5M (13F portfolio value),https://www.sec.gov/Archives/edgar/data/1904423/000190442326000001/primary_doc.xml,"13F tableValueTotal — US-listed equities only, not full AUM",High,fact,2026-02-17,inferred,,,,,,,,,,unresolved,,,,,,,,,,unresolved,,,,,,,,,,unresolved,,,,,,,,,,unresolved,,,,Principal,https://www.sec.gov/Archives/edgar/data/1904423/000190442326000001/primary_doc.xml,13F signature block,High,fact,2026-02-17,verified,,,,,,,,,,unresolved,,,,,,,,,,unresolved,,,,3035787024,SEC EDGAR submissions CIK 0001904423,official SEC filing (business phone),High,fact,2026-02-17,verified,firm-level,,,,,,,,,unresolved,,,
"Cva Family Office, Llc",SEC CIK registry (entity names),Unconfirmed,FO-function not proven from the firm's own site/filing/exemption (name / 13F / press / registry do not prove function),Unresolved-Quarantine,,,,,True,,,,"255 FILLMORE STREET, SUITE 500, DENVER, CO, 80206",,,,25,Rejected,Unresolved-Quarantine: does not count (FO-function not proven from the firm's own site/filing/exemption (name / 13F / press / registry do not prove function)),$949.65B (13F portfolio value),https://www.sec.gov/Archives/edgar/data/1802084/000180208426000002/primary_doc.xml,"13F tableValueTotal — US-listed equities only, not full AUM",High,fact,2026-04-29,inferred,,,,,,,,,,unresolved,,,,,,,,,,unresolved,,,,,,,,,,unresolved,,,,,,,,,,unresolved,,,,Dir of Wealth Advisory,https://www.sec.gov/Archives/edgar/data/1802084/000180208426000002/primary_doc.xml,13F signature block,High,fact,2026-04-29,verified,,,,,,,,,,unresolved,,,,,,,,,,unresolved,,,,3032435611,SEC EDGAR submissions CIK 0001802084,official SEC filing (business phone),High,fact,2026-04-29,verified,firm-level,,,,,,,,,unresolved,,,
"Danis Family Office, Llc",SEC CIK registry (entity names),Unconfirmed,FO-function not proven from the firm's own site/filing/exemption (name / 13F / press / registry do not prove function),Unresolved-Quarantine,,,,,True,,,,"112 WAMPHASSUC RD, STONINGTON, CT, 06378",,,,25,Rejected,Unresolved-Quarantine: does not count (FO-function not proven from the firm's own site/filing/exemption (name / 13F / press / registry do not prove function)),,,,,,,unresolved,,,,,,,,,,unresolved,,,,,,,,,,unresolved,,,,,,,,,,unresolved,,,,,,,,,,unresolved,,,,,,,,,,unresolved,,,,,,,,,,unresolved,,,,,,,,,,unresolved,,,,860-535-4802,SEC EDGAR submissions CIK 0001559152,official SEC filing (business phone),High,fact,2013-09-19,verified,firm-level,,,,,,,,,unresolved,,,
Deutsche Oppenheim Family Office Ag,SEC CIK registry (entity names),Unconfirmed,FO-function not proven from the firm's own site/filing/exemption (name / 13F / press / registry do not prove function),Unresolved-Quarantine,,,,,True,,,https://deutsche-oppenheim.de,"11 OPPENHEIM STREET, COLOGNE, 2M, 50668",,"Thu, 16 Apr 2026",news,80,Rejected,Unresolved-Quarantine: does not count (FO-function not proven from the firm's own site/filing/exemption (name / 13F / press / registry do not prove function)),,,,,,,unresolved,,,,,,,,,,unresolved,,,,,,,,,,unresolved,,,,,,,,,,unresolved,,,,,,,,,,unresolved,,,,,,,,,,unresolved,,,,,,,,,,unresolved,,,,info@deutsche-oppenheim.de,https://deutsche-oppenheim.de,MX record present (domain accepts mail; mailbox unconfirmed),Medium,inference,2026-08-03,inferred,firm-level,,,49221577720,SEC EDGAR submissions CIK 0001759113,official SEC filing (business phone),High,fact,2026-05-06,verified,firm-level,,,Deutsche Bank expands and strengthens its ultra-high net worth coverage - Deutsche Bank AG,https://news.google.com/rss/articles/CBMiwwFBVV95cUxNd0M0eWdIeE5xMHczWTd0bEsxaDFLWm05aUFEZ2lRMGUtMks3UmJUYmVhWDM0UDB4T2xTQkZKcGJHTUF0YVNjaFgxRGozamtNT2FiT0ZobmZ2WHNEMHNtclNzVEJIbGRqcnFQcEVqZFFVUVY4OHN2R0FNcW5FUU9lMW5iMzRMQTByMEVpbWNwS3YyUG0tX2I2ME1aNzQ5b0JvODdtZElSZFk3UjlTOWMyQURNQjExVFB6TldjRTlpa1dmQVk?oc=5,targeted news query,Low,inference,"Thu, 16 Apr 2026",inferred,,,
Duncan Family Office,SEC CIK registry (entity names),Unconfirmed,FO-function not proven from the firm's own site/filing/exemption (name / 13F / press / registry do not prove function),Unresolved-Quarantine,,,,,True,,,,"1100 Louisiana, 18th Floor, Houston, TX, 77002",,"Fri, 28 Mar 2025",news,25,Rejected,Unresolved-Quarantine: does not count (FO-function not proven from the firm's own site/filing/exemption (name / 13F / press / registry do not prove function)),,,,,,,unresolved,,,,,,,,,,unresolved,,,,,,,,,,unresolved,,,,,,,,,,unresolved,,,,,,,,,,unresolved,,,,,,,,,,unresolved,,,,,,,,,,unresolved,,,,,,,,,,unresolved,,,,,,,,,,unresolved,firm-level,,,Lilo Waechter Duncan - Elizabethton Star,https://news.google.com/rss/articles/CBMiaEFVX3lxTFBvMXFOWFZBOVZFam5QUWtNZm83QUw3aEFucE41RldPbmNJRWIyTW5vM25xeElFX1V4UmlmdVExVFlYX3RWaElKY0xzdXlCTFdtMUVKall4VlNfcUtmekpvU3U4YVIwbFVY?oc=5,targeted news query,Low,inference,"Fri, 28 Mar 2025",inferred,,,
"Fiduciary Family Office, Llc",SEC CIK registry (entity names),Unconfirmed,FO-function not proven from the firm's own site/filing/exemption (name / 13F / press / registry do not prove function),Unresolved-Quarantine,,,,,True,,,https://fiduciaryfo.com,"150 EAST PALMETTO PARK ROAD, SUITE 301, BOCA RATON, FL, 33432",,"Fri, 21 Nov 2025",news,80,Rejected,Unresolved-Quarantine: does not count (FO-function not proven from the firm's own site/filing/exemption (name / 13F / press / registry do not prove function)),$350.8M (13F portfolio value),https://www.sec.gov/Archives/edgar/data/2020280/000117266126001820/primary_doc.xml,"13F tableValueTotal — US-listed equities only, not full AUM",High,fact,2026-05-14,inferred,,,,,,,,,,unresolved,,,,,,,,,,unresolved,,,,,,,,,,unresolved,,,,,,,,,,unresolved,,,,Chief Compliance Officer,https://www.sec.gov/Archives/edgar/data/2020280/000117266126001820/primary_doc.xml,13F signature block,High,fact,2026-05-14,verified,,,,,,,,,,unresolved,,,,admin@fiduciaryfo.com,https://fiduciaryfo.com,MX record present (domain accepts mail; mailbox unconfirmed),Medium,inference,2026-08-03,inferred,firm-level,,,(561) 353-4440,SEC EDGAR submissions CIK 0002020280,official SEC filing (business phone),High,fact,2026-05-14,verified,firm-level,,,"Fiduciary Family Office, LLC - bocaratonobserver.com",https://news.google.com/rss/articles/CBMidkFVX3lxTE5hMDdCbHRNSXhyNENZbmZNbWJxTGEtMjdOWTY3M3VVaThfMXdtRVBUeTZpaWZEMFdBLU9wbENsN3BHRnhkQXRUOUxKeFF5TmZsY2VPTXM2MXJiYkxqLTZrZnFETnVLTVVnYnh1VUFub0dMTHRYbUHSAYABQVVfeXFMUGhUTnRRSnk3T2c4YWM0eGUyQnowS2R6cEI0SjZpMGFXd3VVZ0RqdklEZFhacEtLYjRnV0ZPam9mVmwzN0FCUWlydTVkS0Q0S0N5b1VjaEpzOUgzUHV2UzNSNzRwYTRQRGE2M202ZlNuN2RrY3Nkc3ptWkIxc055S2s?oc=5,targeted news query,Low,inference,"Fri, 21 Nov 2025",inferred,,,
"Fortitude Family Office, Llc",SEC CIK registry (entity names),Unconfirmed,FO-function not proven from the firm's own site/filing/exemption (name / 13F / press / registry do not prove function),Unresolved-Quarantine,,,,,True,,,https://fortitudefo.com,"7500 N DOBSON RD, SUITE 151, SCOTTSDALE, AZ, 85256",,"Sun, 26 Jul 2026",news,50,Rejected,Unresolved-Quarantine: does not count (FO-function not proven from the firm's own site/filing/exemption (name / 13F / press / registry do not prove function)),$516.00B (13F portfolio value),https://www.sec.gov/Archives/edgar/data/1950506/000195050626000004/primary_doc.xml,"13F tableValueTotal — US-listed equities only, not full AUM",High,fact,2026-07-20,inferred,,,,,,,,,,unresolved,,,,,,,,,,unresolved,,,,,,,,,,unresolved,,,,,,,,,,unresolved,,,,COO,https://www.sec.gov/Archives/edgar/data/1950506/000195050626000004/primary_doc.xml,13F signature block,High,fact,2026-07-20,verified,,,,,,,,,,unresolved,,,,,,,,,,unresolved,,,,602-834-0089,SEC EDGAR submissions CIK 0001950506,official SEC filing (business phone),High,fact,2026-07-20,verified,firm-level,,,"Fortitude Family Office, LLC's Avantis Total Equity Markets(AVTM) Holding History - GuruFocus",https://news.google.com/rss/articles/CBMihwFBVV95cUxQTlZLRUVod3Z0ZzJ0VjM5Z0xIOE5iM3pKNnVVMGlxdjdjWkM1QzExOGxpLVVJb3RGQnRuYjBPMVc2WTEta21SQ2JXMDRlbEtTVGFnVjdtc2V1V0t3eWkyOUNIaGw5ZlNBanRwVjZzaG9TTjlzU08zanhQcE52M19VRHM3OXBqU0E?oc=5,targeted news query,Low,inference,"Sun, 26 Jul 2026",inferred,,,
"Geller Family Office Services, Llc",SEC CIK registry (entity names),Unconfirmed,FO-function not proven from the firm's own site/filing/exemption (name / 13F / press / registry do not prove function),Unresolved-Quarantine,,,,,True,,,https://gellerco.com,"909 THIRD AVENUE, 16TH FLOOR, ATTN: CHIEF COMPLIANCE OFFICER, NEW YORK, NY, 10022",,,,25,Rejected,Unresolved-Quarantine: does not count (FO-function not proven from the firm's own site/filing/exemption (name / 13F / press / registry do not prove function)),$1.52B (13F portfolio value),https://www.sec.gov/Archives/edgar/data/1354739/000117266125001093/primary_doc.xml,"13F tableValueTotal — US-listed equities only, not full AUM",High,fact,2025-02-14,inferred,,,,,,,,,,unresolved,,,,,,,,,,unresolved,,,,,,,,,,unresolved,,,,,,,,,,unresolved,,,,Chief Compliance Officer,https://www.sec.gov/Archives/edgar/data/1354739/000117266125001093/primary_doc.xml,13F signature block,High,fact,2025-02-14,verified,,,,,,,,,,unresolved,,,,,,,,,,unresolved,,,,212-583-6000,SEC EDGAR submissions CIK 0001354739,official SEC filing (business phone),High,fact,2025-02-14,verified,firm-level,,,,,,,,,unresolved,,,
Genspring Family Offices Llc,SEC CIK registry (entity names),Unconfirmed,FO-function not proven from the firm's own site/filing/exemption (name / 13F / press / registry do not prove function),Unresolved-Quarantine,,,,,True,,,,"150 SOUTH U.S. HIGHWAY 1, JUPITER, FL, 33477",,"Wed, 17 Oct 2012",news,50,Rejected,Unresolved-Quarantine: does not count (FO-function not proven from the firm's own site/filing/exemption (name / 13F / press / registry do not prove function)),,,,,,,unresolved,,,,,,,,,,unresolved,,,,,,,,,,unresolved,,,,,,,,,,unresolved,,,,,,,,,,unresolved,,,,,,,,,,unresolved,,,,,,,,,,unresolved,,,,,,,,,,unresolved,,,,561-354-2551,SEC EDGAR submissions CIK 0001318447,official SEC filing (business phone),High,fact,2018-02-12,verified,firm-level,,,How being a $19-billion family office roll-up owned by a bank finally caught up with GenSpring - RIABiz,https://news.google.com/rss/articles/CBMiwwFBVV95cUxNS015ZDRPX2tnY3ZMbXJQa0JFbndlai1ZellqYndvR0pRVmQ2YnFxbzRSWGQ1MEg4UTVDNjE2d1U0UnVROHRpYzctMDBEU2J2aFlnSkFlZE11ZllwMzE4bi1DazlHZ1JvdkhoOTBiR2N4RFZlRUFyaE91b1l3M3E4TFJJNnlzVFJYU1NfN05xZ2ZhMWk1S1N2dDdBLWs5UFk0ZmcxWWY4M1hOM2FEYko0d2xTZmstYUhoWFJsckhIVWJFUVk?oc=5,targeted news query,Low,inference,"Wed, 17 Oct 2012",inferred,,,
"Heritage Family Offices, Llp",SEC CIK registry (entity names),Unconfirmed,FO-function not proven from the firm's own site/filing/exemption (name / 13F / press / registry do not prove function),Unresolved-Quarantine,,,,,True,,,https://heritagefo.com,"9841 E BELL RD,, STE 110, SCOTTSDALE, AZ, 85260",,,,25,Rejected,Unresolved-Quarantine: does not count (FO-function not proven from the firm's own site/filing/exemption (name / 13F / press / registry do not prove function)),$225.5M (13F portfolio value),https://www.sec.gov/Archives/edgar/data/2019316/000201931626000002/primary_doc.xml,"13F tableValueTotal — US-listed equities only, not full AUM",High,fact,2026-04-08,inferred,,,,,,,,,,unresolved,,,,,,,,,,unresolved,,,,,,,,,,unresolved,,,,,,,,,,unresolved,,,,CCO,https://www.sec.gov/Archives/edgar/data/2019316/000201931626000002/primary_doc.xml,13F signature block,High,fact,2026-04-08,verified,,,,,,,,,,unresolved,,,,,,,,,,unresolved,,,,602-775-5400,SEC EDGAR submissions CIK 0002019316,official SEC filing (business phone),High,fact,2026-07-06,verified,firm-level,,,,,,,,,unresolved,,,
"Independent Family Office, Llc",SEC CIK registry (entity names),Unconfirmed,FO-function not proven from the firm's own site/filing/exemption (name / 13F / press / registry do not prove function),Unresolved-Quarantine,,,,,True,,,https://ifollc.com,"677 BROADWAY, 7TH FLOOR, ALBANY, NY, 12207",,,,55,Rejected,Unresolved-Quarantine: does not count (FO-function not proven from the firm's own site/filing/exemption (name / 13F / press / registry do not prove function)),$243.0M (13F portfolio value),https://www.sec.gov/Archives/edgar/data/1756485/000195175726000873/primary_doc.xml,"13F tableValueTotal — US-listed equities only, not full AUM",High,fact,2026-05-15,inferred,,,,,,,,,,unresolved,,,,,,,,,,unresolved,,,,,,,,,,unresolved,,,,,,,,,,unresolved,,,,Chief Compliance Officer,https://www.sec.gov/Archives/edgar/data/1756485/000195175726000873/primary_doc.xml,13F signature block,High,fact,2026-05-15,verified,,,,,,,,,,unresolved,,,,dr@ifollc.com,https://ifollc.com,MX record present (domain accepts mail; mailbox unconfirmed),Medium,inference,2026-08-03,inferred,firm-level,,,(518) 452-8050,SEC EDGAR submissions CIK 0001756485,official SEC filing (business phone),High,fact,2026-05-15,verified,firm-level,,,,,,,,,unresolved,,,
Intrepid Family Office Llc,SEC CIK registry (entity names),Unconfirmed,FO-function not proven from the firm's own site/filing/exemption (name / 13F / press / registry do not prove function),Unresolved-Quarantine,,,,,True,,,,"2170 MAIN ST, UNIT 404, SARASOTA, FL, 34237",,,,25,Rejected,Unresolved-Quarantine: does not count (FO-function not proven from the firm's own site/filing/exemption (name / 13F / press / registry do not prove function)),$123.6M (13F portfolio value),https://www.sec.gov/Archives/edgar/data/1596197/000101359426000589/primary_doc.xml,"13F tableValueTotal — US-listed equities only, not full AUM",High,fact,2026-05-15,inferred,,,,,,,,,,unresolved,,,,,,,,,,unresolved,,,,,,,,,,unresolved,,,,,,,,,,unresolved,,,,Chief Financial Officer,https://www.sec.gov/Archives/edgar/data/1596197/000101359426000589/primary_doc.xml,13F signature block,High,fact,2026-05-15,verified,,,,,,,,,,unresolved,,,,,,,,,,unresolved,,,,(203) 862-3372,SEC EDGAR submissions CIK 0001596197,official SEC filing (business phone),High,fact,2026-05-15,verified,firm-level,,,,,,,,,unresolved,,,
Justice Family Office Llc,SEC CIK registry (entity names),Unconfirmed,FO-function not proven from the firm's own site/filing/exemption (name / 13F / press / registry do not prove function),Unresolved-Quarantine,,,,,True,,,,"8712 LONGVIEW CLUB DRIVE, WAXHAW, NC, 288173",,,,25,Rejected,Unresolved-Quarantine: does not count (FO-function not proven from the firm's own site/filing/exemption (name / 13F / press / registry do not prove function)),,,,,,,unresolved,,,,,,,,,,unresolved,,,,,,,,,,unresolved,,,,,,,,,,unresolved,,,,,,,,,,unresolved,,,,,,,,,,unresolved,,,,,,,,,,unresolved,,,,,,,,,,unresolved,,,,864-346-4560,SEC EDGAR submissions CIK 0001773760,official SEC filing (business phone),High,fact,2020-03-03,verified,firm-level,,,,,,,,,unresolved,,,
"Lexington Family Office & Trust, Llc",SEC CIK registry (entity names),Unconfirmed,FO-function not proven from the firm's own site/filing/exemption (name / 13F / press / registry do not prove function),Unresolved-Quarantine,,,,,True,,,https://lex-life.com,"9005 OVERLOOK BLVD., BRENTWOOD, TN, 37027",,,,55,Rejected,Unresolved-Quarantine: does not count (FO-function not proven from the firm's own site/filing/exemption (name / 13F / press / registry do not prove function)),,,,,,,unresolved,,,,,,,,,,unresolved,,,,,,,,,,unresolved,,,,,,,,,,unresolved,,,,,,,,,,unresolved,,,,,,,,,,unresolved,,,,,,,,,,unresolved,,,,team@lex-life.com,https://lex-life.com,MX record present (domain accepts mail; mailbox unconfirmed),Medium,inference,2026-08-03,inferred,firm-level,,,386-566-7249,SEC EDGAR submissions CIK 0001551648,official SEC filing (business phone),High,fact,2012-06-18,verified,firm-level,,,,,,,,,unresolved,,,
"Looper Family Office, Llc",SEC CIK registry (entity names),Unconfirmed,FO-function not proven from the firm's own site/filing/exemption (name / 13F / press / registry do not prove function),Unresolved-Quarantine,,,,,True,,,,"2000 BERING DR SUITE 875, HOUSTON, TX, 77057",,,,25,Rejected,Unresolved-Quarantine: does not count (FO-function not proven from the firm's own site/filing/exemption (name / 13F / press / registry do not prove function)),,,,,,,unresolved,,,,,,,,,,unresolved,,,,,,,,,,unresolved,,,,,,,,,,unresolved,,,,,,,,,,unresolved,,,,,,,,,,unresolved,,,,,,,,,,unresolved,,,,,,,,,,unresolved,,,,2142262606,SEC EDGAR submissions CIK 0002014891,official SEC filing (business phone),High,fact,2024-03-11,verified,firm-level,,,,,,,,,unresolved,,,
Louis-Dreyfus Family Office Llc,SEC CIK registry (entity names),Unconfirmed,FO-function not proven from the firm's own site/filing/exemption (name / 13F / press / registry do not prove function),Unresolved-Quarantine,,,,,True,,,,"10 WESTPORT ROAD, STE C-201, PO BOX 690, WILTON, CT, 06897",,,,25,Rejected,Unresolved-Quarantine: does not count (FO-function not proven from the firm's own site/filing/exemption (name / 13F / press / registry do not prove function)),$64.7M (13F portfolio value),https://www.sec.gov/Archives/edgar/data/1889527/000149315222031320/primary_doc.xml,"13F tableValueTotal — US-listed equities only, not full AUM",High,fact,2022-11-10,inferred,,,,,,,,,,unresolved,,,,,,,,,,unresolved,,,,,,,,,,unresolved,,,,,,,,,,unresolved,,,,Chief Financial Officer,https://www.sec.gov/Archives/edgar/data/1889527/000149315222031320/primary_doc.xml,13F signature block,High,fact,2022-11-10,verified,,,,,,,,,,unresolved,,,,,,,,,,unresolved,,,,203-762-6135,SEC EDGAR submissions CIK 0001889527,official SEC filing (business phone),High,fact,2022-11-10,verified,firm-level,,,,,,,,,unresolved,,,
Marcuard Family Office Ltd,SEC CIK registry (entity names),Unconfirmed,FO-function not proven from the firm's own site/filing/exemption (name / 13F / press / registry do not prove function),Unresolved-Quarantine,,,,,True,,,https://marcuardfamilyoffice.com,"THEATERSTRASSE 12, ZURICH, V8, 8024",,,,25,Rejected,Unresolved-Quarantine: does not count (FO-function not proven from the firm's own site/filing/exemption (name / 13F / press / registry do not prove function)),$46.5M (13F portfolio value),https://www.sec.gov/Archives/edgar/data/1538112/000114420414061442/primary_doc.xml,"13F tableValueTotal — US-listed equities only, not full AUM",High,fact,2014-10-16,inferred,,,,,,,,,,unresolved,,,,,,,,,,unresolved,,,,,,,,,,unresolved,,,,,,,,,,unresolved,,,,Managing Partner &amp; Assistant Vice President,https://www.sec.gov/Archives/edgar/data/1538112/000114420414061442/primary_doc.xml,13F signature block,High,fact,2014-10-16,verified,,,,,,,,,,unresolved,,,,,,,,,,unresolved,,,,41 43 344 60 00,SEC EDGAR submissions CIK 0001538112,official SEC filing (business phone),High,fact,2014-10-16,verified,firm-level,,,,,,,,,unresolved,,,
"Oneascent Family Office, Llc",SEC CIK registry (entity names),Unconfirmed,FO-function not proven from the firm's own site/filing/exemption (name / 13F / press / registry do not prove function),Unresolved-Quarantine,,,,,True,,,,"23 INVERNESS CENTER PARKWAY, BIRMINGHAM, AL, 35242",,,,25,Rejected,Unresolved-Quarantine: does not count (FO-function not proven from the firm's own site/filing/exemption (name / 13F / press / registry do not prove function)),$143.16B (13F portfolio value),https://www.sec.gov/Archives/edgar/data/2055812/000205581226000002/primary_doc.xml,"13F tableValueTotal — US-listed equities only, not full AUM",High,fact,2026-04-21,inferred,,,,,,,,,,unresolved,,,,,,,,,,unresolved,,,,,,,,,,unresolved,,,,,,,,,,unresolved,,,,Counsel,https://www.sec.gov/Archives/edgar/data/2055812/000205581226000002/primary_doc.xml,13F signature block,High,fact,2026-04-21,verified,,,,,,,,,,unresolved,,,,,,,,,,unresolved,,,,2053139142,SEC EDGAR submissions CIK 0002055812,official SEC filing (business phone),High,fact,2026-04-21,verified,firm-level,,,,,,,,,unresolved,,,
"Pioneer Family Office, Llc",SEC CIK registry (entity names),Unconfirmed,FO-function not proven from the firm's own site/filing/exemption (name / 13F / press / registry do not prove function),Unresolved-Quarantine,,,,,True,,,,"3323 NE 163RD STREET, SUITE 604, NORTH MIAMI BEACH, FL, 33160",,,,25,Rejected,Unresolved-Quarantine: does not count (FO-function not proven from the firm's own site/filing/exemption (name / 13F / press / registry do not prove function)),$155.7M (13F portfolio value),https://www.sec.gov/Archives/edgar/data/2135110/000213511026000002/primary_doc.xml,"13F tableValueTotal — US-listed equities only, not full AUM",High,fact,2026-05-14,inferred,,,,,,,,,,unresolved,,,,,,,,,,unresolved,,,,,,,,,,unresolved,,,,,,,,,,unresolved,,,,COUNSEL,https://www.sec.gov/Archives/edgar/data/2135110/000213511026000002/primary_doc.xml,13F signature block,High,fact,2026-05-14,verified,,,,,,,,,,unresolved,,,,,,,,,,unresolved,,,,305-935-5502,SEC EDGAR submissions CIK 0002135110,official SEC filing (business phone),High,fact,2026-05-14,verified,firm-level,,,,,,,,,unresolved,,,
Pmg Family Office Llc,SEC CIK registry (entity names),Unconfirmed,FO-function not proven from the firm's own site/filing/exemption (name / 13F / press / registry do not prove function),Unresolved-Quarantine,,,,,True,,,,"5700 W PLANO PARKWAY, SUITE 2600, PLANO, TX, 75093",,"Sun, 22 Mar 2026",investment,50,Rejected,Unresolved-Quarantine: does not count (FO-function not proven from the firm's own site/filing/exemption (name / 13F / press / registry do not prove function)),$108.50B (13F portfolio value),https://www.sec.gov/Archives/edgar/data/2102299/000208585326000755/primary_doc.xml,"13F tableValueTotal — US-listed equities only, not full AUM",High,fact,2026-07-16,inferred,,,,,,,,,,unresolved,,,,,,,,,,unresolved,,,,,,,,,,unresolved,,,,,,,,,,unresolved,,,,Executive Director,https://www.sec.gov/Archives/edgar/data/2102299/000208585326000755/primary_doc.xml,13F signature block,High,fact,2026-07-16,verified,,,,,,,,,,unresolved,,,,,,,,,,unresolved,,,,2145508790,SEC EDGAR submissions CIK 0002102299,official SEC filing (business phone),High,fact,2026-07-16,verified,firm-level,,,"PMG Family Office buys 3,064 Apple shares worth $780K amid positive analyst outlooks. - Pluang",https://news.google.com/rss/articles/CBMiekFVX3lxTE5GbC0zREhIb1hfU2FLX0hFbV9UR0V5ZHdhbGZ0cmJHejR4dHY4V2lkWS1wdFZXdDNsalFxOHJPZzZGS0p3ajR5alh1ME5ka1hfOFFZalJoWmhUbXN4Q21XRGlLSkhyLTRWd09uWXZnd29SU1Z1dzFaMDV3?oc=5,targeted news query,Low,inference,"Sun, 22 Mar 2026",inferred,,,
"Pointone Family Office, Llc",SEC CIK registry (entity names),Unconfirmed,FO-function not proven from the firm's own site/filing/exemption (name / 13F / press / registry do not prove function),Unresolved-Quarantine,,,,,True,,,https://p1fo.com,"919 MANHATTAN AVENUE, SUITE 101, MANHATTAN BEACH, CA, 90266",,,,55,Rejected,Unresolved-Quarantine: does not count (FO-function not proven from the firm's own site/filing/exemption (name / 13F / press / registry do not prove function)),,,,,,,unresolved,,,,,,,,,,unresolved,,,,,,,,,,unresolved,,,,,,,,,,unresolved,,,,,,,,,,unresolved,,,,,,,,,,unresolved,,,,,,,,,,unresolved,,,,info@p1fo.com,https://p1fo.com,MX record present (domain accepts mail; mailbox unconfirmed),Medium,inference,2026-08-03,inferred,firm-level,,,8183973514,SEC EDGAR submissions CIK 0002102280,official SEC filing (business phone),High,fact,2026-03-25,verified,firm-level,,,,,,,,,unresolved,,,
Qvt Family Office Offshore Lp,SEC CIK registry (entity names),Unconfirmed,FO-function not proven from the firm's own site/filing/exemption (name / 13F / press / registry do not prove function),Unresolved-Quarantine,,,,,True,,,,"INTERTRUST CORPORATE SERVICES (CAYMAN), LTD., 190 ELGIN AVENUE, GEORGE TOWN, GRAND CAYMAN, E9, KY1-9005",,,,25,Rejected,Unresolved-Quarantine: does not count (FO-function not proven from the firm's own site/filing/exemption (name / 13F / press / registry do not prove function)),,,,,,,unresolved,,,,,,,,,,unresolved,,,,,,,,,,unresolved,,,,,,,,,,unresolved,,,,,,,,,,unresolved,,,,,,,,,,unresolved,,,,,,,,,,unresolved,,,,,,,,,,unresolved,,,,345-943-3100,SEC EDGAR submissions CIK 0001735765,official SEC filing (business phone),High,fact,2026-04-14,verified,firm-level,,,,,,,,,unresolved,,,
Qvt Family Office Onshore Lp,SEC CIK registry (entity names),Unconfirmed,FO-function not proven from the firm's own site/filing/exemption (name / 13F / press / registry do not prove function),Unresolved-Quarantine,,,,,True,,,,"1177 AVENUE OF THE AMERICAS, 9TH FLOOR, NEW YORK, NY, 10036",,,,25,Rejected,Unresolved-Quarantine: does not count (FO-function not proven from the firm's own site/filing/exemption (name / 13F / press / registry do not prove function)),,,,,,,unresolved,,,,,,,,,,unresolved,,,,,,,,,,unresolved,,,,,,,,,,unresolved,,,,,,,,,,unresolved,,,,,,,,,,unresolved,,,,,,,,,,unresolved,,,,,,,,,,unresolved,,,,212-705-8888,SEC EDGAR submissions CIK 0001736966,official SEC filing (business phone),High,fact,2026-04-14,verified,firm-level,,,,,,,,,unresolved,,,
Riverglades Family Offices Llc,SEC CIK registry (entity names),Unconfirmed,FO-function not proven from the firm's own site/filing/exemption (name / 13F / press / registry do not prove function),Unresolved-Quarantine,,,,,True,,,https://rivergladesfo.com,"2640 GOLDEN GATE PKWY, SUITE 105, NAPLES, FL, 34105",,,,25,Rejected,Unresolved-Quarantine: does not count (FO-function not proven from the firm's own site/filing/exemption (name / 13F / press / registry do not prove function)),$170.1M (13F portfolio value),https://www.sec.gov/Archives/edgar/data/1619779/000161977926000001/primary_doc.xml,"13F tableValueTotal — US-listed equities only, not full AUM",High,fact,2026-05-14,inferred,,,,,,,,,,unresolved,,,,,,,,,,unresolved,,,,,,,,,,unresolved,,,,,,,,,,unresolved,,,,Chief Compliance Officer,https://www.sec.gov/Archives/edgar/data/1619779/000161977926000001/primary_doc.xml,13F signature block,High,fact,2026-05-14,verified,,,,,,,,,,unresolved,,,,,,,,,,unresolved,,,,2392634079,SEC EDGAR submissions CIK 0001619779,official SEC filing (business phone),High,fact,2026-05-14,verified,firm-level,,,,,,,,,unresolved,,,
St Louis Family Office Inc,SEC CIK registry (entity names),Unconfirmed,FO-function not proven from the firm's own site/filing/exemption (name / 13F / press / registry do not prove function),Unresolved-Quarantine,,,,,True,,,,"101 S HANLEY ROAD, SUITE 1085, ST LOUIS, MO, 63105",,,,25,Rejected,Unresolved-Quarantine: does not count (FO-function not proven from the firm's own site/filing/exemption (name / 13F / press / registry do not prove function)),,,,,,,unresolved,,,,,,,,,,unresolved,,,,,,,,,,unresolved,,,,,,,,,,unresolved,,,,,,,,,,unresolved,,,,,,,,,,unresolved,,,,,,,,,,unresolved,,,,,,,,,,unresolved,,,,3147274600,SEC EDGAR submissions CIK 0001185043,official SEC filing (business phone),High,fact,2002-08-29,verified,firm-level,,,,,,,,,unresolved,,,
Standard Family Office Llc,SEC CIK registry (entity names),Unconfirmed,FO-function not proven from the firm's own site/filing/exemption (name / 13F / press / registry do not prove function),Unresolved-Quarantine,,,,,True,,,,"7036 SOUTH SANTA ROSA COURT, SUITE 103, SIOUX FALLS, SD, 57108",,,,25,Rejected,Unresolved-Quarantine: does not count (FO-function not proven from the firm's own site/filing/exemption (name / 13F / press / registry do not prove function)),$96.8M (13F portfolio value),https://www.sec.gov/Archives/edgar/data/1809494/000180949426000011/primary_doc.xml,"13F tableValueTotal — US-listed equities only, not full AUM",High,fact,2026-05-14,inferred,,,,,,,,,,unresolved,,,,,,,,,,unresolved,,,,,,,,,,unresolved,,,,,,,,,,unresolved,,,,Chief Compliance Officer,https://www.sec.gov/Archives/edgar/data/1809494/000180949426000011/primary_doc.xml,13F signature block,High,fact,2026-05-14,verified,,,,,,,,,,unresolved,,,,,,,,,,unresolved,,,,6054967760,SEC EDGAR submissions CIK 0001809494,official SEC filing (business phone),High,fact,2026-05-14,verified,firm-level,,,,,,,,,unresolved,,,
"Stenger Family Office, Llc",SEC CIK registry (entity names),Unconfirmed,FO-function not proven from the firm's own site/filing/exemption (name / 13F / press / registry do not prove function),Unresolved-Quarantine,,,,,True,,,https://stengerfamilyoffice.com,"NAPERVILLE FINANCIAL CENTER, 400 EAST DIEHL RD, SUITE 550, NAPERVILLE, IL, 60563",,"Wed, 22 Jul 2026",news,80,Rejected,Unresolved-Quarantine: does not count (FO-function not proven from the firm's own site/filing/exemption (name / 13F / press / registry do not prove function)),$629.4M (13F portfolio value),https://www.sec.gov/Archives/edgar/data/2056106/000208585326000698/primary_doc.xml,"13F tableValueTotal — US-listed equities only, not full AUM",High,fact,2026-07-13,inferred,,,,,,,,,,unresolved,,,,,,,,,,unresolved,,,,,,,,,,unresolved,,,,,,,,,,unresolved,,,,"Vice President, Operations",https://www.sec.gov/Archives/edgar/data/2056106/000208585326000698/primary_doc.xml,13F signature block,High,fact,2026-07-13,verified,,,,,,,,,,unresolved,,,,nick.stenger@stengerfamilyoffice.com,https://stengerfamilyoffice.com,MX record present (domain accepts mail; mailbox unconfirmed),Medium,inference,2026-08-03,inferred,firm-level,,,630-912-8295,SEC EDGAR submissions CIK 0002056106,official SEC filing (business phone),High,fact,2026-07-13,verified,firm-level,,,Stenger Family Office LLC Has $28.84 Million Holdings in Microsoft Corporation $MSFT - MarketBeat,https://news.google.com/rss/articles/CBMi2gFBVV95cUxQcEd4UEw5VkZiVEt5a1lCQnl5NTdxNFVWUDVad0N4ODFySUtCZUFOcnhaSHhLN2lodVA2T1BGQnN5RlZOWXFoYnpDdVY1bkd0bGZ5c25jaW01Mk96NnVzN2hkMVB0Q3UxMEhBdUtZMjBNU1BPS3p1aENKQUJxSUdtYklGQVFQcGQ0TjdhUmYtYzU3cURLZzBrc0pvZ0tGMXhqZm94cGlHS1BTbWc4eVd3YkhVYzNkLTlhYlBnV2FDQXhDd0pwVFpZV0I4bWItVlNFNGFPNjlxR1BMQQ?oc=5,targeted news query,Low,inference,"Wed, 22 Jul 2026",inferred,,,
"Stokes Family Office, Llc",SEC CIK registry (entity names),Unconfirmed,FO-function not proven from the firm's own site/filing/exemption (name / 13F / press / registry do not prove function),Unresolved-Quarantine,,,,,True,,,https://stokesfamilyoffice.com,"1100 POYDRAS STREET, SUITE 2775, NEW ORLEANS, LA, 70163",,,,25,Rejected,Unresolved-Quarantine: does not count (FO-function not proven from the firm's own site/filing/exemption (name / 13F / press / registry do not prove function)),$969.0M (13F portfolio value),https://www.sec.gov/Archives/edgar/data/1802278/000106299326002504/primary_doc.xml,"13F tableValueTotal — US-listed equities only, not full AUM",High,fact,2026-05-12,inferred,,,,,,,,,,unresolved,,,,,,,,,,unresolved,,,,,,,,,,unresolved,,,,,,,,,,unresolved,,,,CCO,https://www.sec.gov/Archives/edgar/data/1802278/000106299326002504/primary_doc.xml,13F signature block,High,fact,2026-05-12,verified,,,,,,,,,,unresolved,,,,,,,,,,unresolved,,,,5043994100,SEC EDGAR submissions CIK 0001802278,official SEC filing (business phone),High,fact,2026-05-12,verified,firm-level,,,,,,,,,unresolved,,,
"Tarbox Family Office, Inc.",SEC CIK registry (entity names),Unconfirmed,FO-function not proven from the firm's own site/filing/exemption (name / 13F / press / registry do not prove function),Unresolved-Quarantine,,,,,True,,,,"500 NEWPORT CENTER DRIVE SUITE 500, NEWPORT BEACH, CA, 92660",,,,25,Rejected,Unresolved-Quarantine: does not count (FO-function not proven from the firm's own site/filing/exemption (name / 13F / press / registry do not prove function)),$615.8M (13F portfolio value),https://www.sec.gov/Archives/edgar/data/1599603/000159960326000003/primary_doc.xml,"13F tableValueTotal — US-listed equities only, not full AUM",High,fact,2026-04-24,inferred,,,,,,,,,,unresolved,,,,,,,,,,unresolved,,,,,,,,,,unresolved,,,,,,,,,,unresolved,,,,Chief Operating Officer,https://www.sec.gov/Archives/edgar/data/1599603/000159960326000003/primary_doc.xml,13F signature block,High,fact,2026-04-24,verified,,,,,,,,,,unresolved,,,,,,,,,,unresolved,,,,949-721-2330,SEC EDGAR submissions CIK 0001599603,official SEC filing (business phone),High,fact,2026-07-09,verified,firm-level,,,,,,,,,unresolved,,,
"Timonier Family Office, Ltd.",SEC CIK registry (entity names),Unconfirmed,FO-function not proven from the firm's own site/filing/exemption (name / 13F / press / registry do not prove function),Unresolved-Quarantine,,,,,True,,,https://timonier.com,"121 REYNOLDA VILLAGE, SUITE B, WINSTON SALEM, NC, 27106",,,,25,Rejected,Unresolved-Quarantine: does not count (FO-function not proven from the firm's own site/filing/exemption (name / 13F / press / registry do not prove function)),$315.1M (13F portfolio value),https://www.sec.gov/Archives/edgar/data/2038170/000203817026000001/primary_doc.xml,"13F tableValueTotal — US-listed equities only, not full AUM",High,fact,2026-02-04,inferred,,,,,,,,,,unresolved,,,,,,,,,,unresolved,,,,,,,,,,unresolved,,,,,,,,,,unresolved,,,,Chief Compliance Office,https://www.sec.gov/Archives/edgar/data/2038170/000203817026000001/primary_doc.xml,13F signature block,High,fact,2026-02-04,verified,,,,,,,,,,unresolved,,,,,,,,,,unresolved,,,,3367255010,SEC EDGAR submissions CIK 0002038170,official SEC filing (business phone),High,fact,2026-02-04,verified,firm-level,,,,,,,,,unresolved,,,
Ubs Cold Storage Family Office International Investors Lp,SEC CIK registry (entity names),Unconfirmed,FO-function not proven from the firm's own site/filing/exemption (name / 13F / press / registry do not prove function),Unresolved-Quarantine,,,,,True,,,,"C/O UBS REALTY INVESTORS LLC, 10 STATE HOUSE SQUARE, 15TH FLOOR, HARTFORD, CT, 06103",,,,25,Rejected,Unresolved-Quarantine: does not count (FO-function not proven from the firm's own site/filing/exemption (name / 13F / press / registry do not prove function)),,,,,,,unresolved,,,,,,,,,,unresolved,,,,,,,,,,unresolved,,,,,,,,,,unresolved,,,,,,,,,,unresolved,,,,,,,,,,unresolved,,,,,,,,,,unresolved,,,,,,,,,,unresolved,,,,860-616-9000,SEC EDGAR submissions CIK 0001943867,official SEC filing (business phone),High,fact,2022-11-08,verified,firm-level,,,,,,,,,unresolved,,,
Virtus Family Office Llc,SEC CIK registry (entity names),Unconfirmed,FO-function not proven from the firm's own site/filing/exemption (name / 13F / press / registry do not prove function),Unresolved-Quarantine,,,,,True,,,https://virtus-fo.com,"500 W. OVERLAND AVE, STE 250-Q, EL PASO, TX, 79901",,,,25,Rejected,Unresolved-Quarantine: does not count (FO-function not proven from the firm's own site/filing/exemption (name / 13F / press / registry do not prove function)),$117.2M (13F portfolio value),https://www.sec.gov/Archives/edgar/data/1913482/000121465926005687/primary_doc.xml,"13F tableValueTotal — US-listed equities only, not full AUM",High,fact,2026-05-07,inferred,,,,,,,,,,unresolved,,,,,,,,,,unresolved,,,,,,,,,,unresolved,,,,,,,,,,unresolved,,,,Chief Compliance Officer,https://www.sec.gov/Archives/edgar/data/1913482/000121465926005687/primary_doc.xml,13F signature block,High,fact,2026-05-07,verified,,,,,,,,,,unresolved,,,,,,,,,,unresolved,,,,9157303885,SEC EDGAR submissions CIK 0001913482,official SEC filing (business phone),High,fact,2026-05-07,verified,firm-level,,,,,,,,,unresolved,,,
"Waveland Family Office, Llc",SEC CIK registry (entity names),Unconfirmed,FO-function not proven from the firm's own site/filing/exemption (name / 13F / press / registry do not prove function),Unresolved-Quarantine,,,,,True,,,,"570 LAKE COOK RD, SUITE 320, DEERFIELD, IL, 60015",,"Tue, 04 Feb 2025",news,50,Rejected,Unresolved-Quarantine: does not count (FO-function not proven from the firm's own site/filing/exemption (name / 13F / press / registry do not prove function)),,,,,,,unresolved,,,,,,,,,,unresolved,,,,,,,,,,unresolved,,,,,,,,,,unresolved,,,,,,,,,,unresolved,,,,,,,,,,unresolved,,,,,,,,,,unresolved,,,,,,,,,,unresolved,,,,312-961-7612,SEC EDGAR submissions CIK 0002007105,official SEC filing (business phone),High,fact,2025-01-17,verified,firm-level,,,CLEARSTEAD ADVISORS ANNOUNCES ACQUISITION OF WAVELAND FAMILY OFFICE - PR Newswire,https://news.google.com/rss/articles/CBMiwAFBVV95cUxQX0MtMV9XT1JNRjFfdlpwc3p1MEg4ZTJ4a050ZDFTQ2gzWEVOc25TaVAwaEFOWE02aXdid3g4QjUwN1lYRGt4ajE1aDBVYy1kWHkwMng0WUVVMUVTd2dtNlZFeS15M3F1M09ndmF5RVI0SmUxUmpQdnozQ2tVem1HOTRQaGR4UG1XcVYteTFQSm1xVVlPUnhCRlFxYVFsUE1uRWRocFdITy0xcFpUWVpYYlJFZUxhSV9tT09DczBsUUg?oc=5,targeted news query,Low,inference,"Tue, 04 Feb 2025",inferred,,,
"Wealthgate Family Office, Llc",SEC CIK registry (entity names),Unconfirmed,FO-function not proven from the firm's own site/filing/exemption (name / 13F / press / registry do not prove function),Unresolved-Quarantine,,,,,True,,,https://wealthgate.de,"5025 PEARL PARKWAY, BOULDER, CO, 80301",,,,25,Rejected,Unresolved-Quarantine: does not count (FO-function not proven from the firm's own site/filing/exemption (name / 13F / press / registry do not prove function)),$35.9M (13F portfolio value),https://www.sec.gov/Archives/edgar/data/1835441/000139834424020268/primary_doc.xml,"13F tableValueTotal — US-listed equities only, not full AUM",High,fact,2024-11-08,inferred,,,,,,,,,,unresolved,,,,,,,,,,unresolved,,,,,,,,,,unresolved,,,,,,,,,,unresolved,,,,Chief Compliance Officer,https://www.sec.gov/Archives/edgar/data/1835441/000139834424020268/primary_doc.xml,13F signature block,High,fact,2024-11-08,verified,,,,,,,,,,unresolved,,,,,,,,,,unresolved,,,,303-968-1737,SEC EDGAR submissions CIK 0001835441,official SEC filing (business phone),High,fact,2024-11-08,verified,firm-level,,,,,,,,,unresolved,,,
White Knight Family Office Llc,SEC CIK registry (entity names),Unconfirmed,FO-function not proven from the firm's own site/filing/exemption (name / 13F / press / registry do not prove function),Unresolved-Quarantine,,,,,True,,,https://wk-companies.com,"6931 CHESHIRE LANE, SAINT LOUIS, MO, 63123",,,,25,Rejected,Unresolved-Quarantine: does not count (FO-function not proven from the firm's own site/filing/exemption (name / 13F / press / registry do not prove function)),,,,,,,unresolved,,,,,,,,,,unresolved,,,,,,,,,,unresolved,,,,,,,,,,unresolved,,,,,,,,,,unresolved,,,,,,,,,,unresolved,,,,,,,,,,unresolved,,,,,,,,,,unresolved,,,,3149130382,SEC EDGAR submissions CIK 0001809107,official SEC filing (business phone),High,fact,2020-04-13,verified,firm-level,,,,,,,,,unresolved,,,
