firm_name,discovery_source,firm_type,type_evidence,website,hq_location,corporate_linkedin,signal_date,signal_type,reachability_score,record_status,rejection_reason,aum,aum__source,aum__method,aum__confidence,aum__epistemic,aum__asof,investing_thesis,investing_thesis__source,investing_thesis__method,investing_thesis__confidence,investing_thesis__epistemic,investing_thesis__asof,mandate,mandate__source,mandate__method,mandate__confidence,mandate__epistemic,mandate__asof,background,background__source,background__method,background__confidence,background__epistemic,background__asof,principal_name,principal_name__source,principal_name__method,principal_name__confidence,principal_name__epistemic,principal_name__asof,principal_title,principal_title__source,principal_title__method,principal_title__confidence,principal_title__epistemic,principal_title__asof,principal_linkedin,principal_linkedin__source,principal_linkedin__method,principal_linkedin__confidence,principal_linkedin__epistemic,principal_linkedin__asof,principal_email,principal_email__source,principal_email__method,principal_email__confidence,principal_email__epistemic,principal_email__asof,principal_phone,principal_phone__source,principal_phone__method,principal_phone__confidence,principal_phone__epistemic,principal_phone__asof,recent_signal,recent_signal__source,recent_signal__method,recent_signal__confidence,recent_signal__epistemic,recent_signal__asof
"EMFO, LLC",SEC EDGAR full-text search,Unconfirmed,no affirmative family-office evidence found,,"2700 S COMMERCE PARKWAY, SUITE 100, WESTON, FL, 33331",,,,25,Rejected,Rule 2: no affirmative family-office evidence,$111.7M (13F portfolio value),https://www.sec.gov/Archives/edgar/data/1859434/000185943424000006/primary_doc.xml,"13F tableValueTotal — US-listed equities only, not full AUM",High,fact,2024-07-26,,,,,,,,,,,,,,,,,,,,,,,,,Managing Partner/CCO,https://www.sec.gov/Archives/edgar/data/1859434/000185943424000006/primary_doc.xml,13F signature block,High,fact,2024-07-26,,,,,,,,,,,,,9543859624,SEC EDGAR submissions CIK 0001859434,official SEC filing (business phone),High,fact,2024-08-05,,,,,,
CHEVRON CORP,SEC EDGAR full-text search,Unconfirmed,no affirmative family-office evidence found,https://www.chevron.com,"1400 SMITH STREET, HOUSTON, TX, 77002",,"Wed, 22 Jul 2026",news,50,Rejected,Rule 2: no affirmative family-office evidence,,,,,,,,,,,,,,,,,,,SEC-registered filer; industry: Petroleum Refining.,SEC EDGAR submissions CIK 0000093410,SEC entity record,High,fact,2026-06-24,,,,,,,Assistant Secretary,https://www.sec.gov/Archives/edgar/data/93410/000095014226001418/primary_doc.xml,13F signature block,High,fact,2026-05-15,,,,,,,,,,,,,832-854-1000,SEC EDGAR submissions CIK 0000093410,official SEC filing (business phone),High,fact,2026-06-24,Chevron Seeks $224 Million From Ecuador in Amazon Pollution Fight - Bloomberg.com,https://news.google.com/rss/articles/CBMivwFBVV95cUxNcDY4eWFNUm8zbGhnMGRuNFBMQ0hHVTZld2l0eWp6ODIzVm93dXo4RGJzTGNWU2o1YU9HOEQyMGQyOVZJVWE1UGdHX0tYNlhSaDJaczVHZWZCOC1OVkN3QlVMbWd4Y0RYUTVyalhndzUyeHIzVWUwSzZ1QjMwNENCM2FfcFFGZXlZU0Rqd0ZhR0hoaUNEMmR4MDV2WmZqNXluWGZfM1VHd0E4ZjdJQ0h6RHV6eG9Dc2J2QmpQbTF4QQ?oc=5,targeted news query,Low,inference,"Wed, 22 Jul 2026"
Jeffrey Management Co,SEC EDGAR full-text search,Unconfirmed,no affirmative family-office evidence found,,"140 EAST TOWN STREET, SUITE 1400, COLUMBUS, OH, 43215",,,,25,Rejected,Rule 2: no affirmative family-office evidence,,,,,,,,,,,,,,,,,,,,,,,,,,,,,,,,,,,,,,,,,,,,,,,,,614 221-6115,SEC EDGAR submissions CIK 0001994532,official SEC filing (business phone),High,fact,2024-06-26,,,,,,
Benjamin Partners LLC,SEC EDGAR full-text search,Unconfirmed,no affirmative family-office evidence found,,"589 BROADWAY, NEW YORK, NY, 10012",,,,25,Rejected,Rule 2: no affirmative family-office evidence,,,,,,,,,,,,,,,,,,,,,,,,,,,,,,,,,,,,,,,,,,,,,,,,,212-334-8700,SEC EDGAR submissions CIK 0002010331,official SEC filing (business phone),High,fact,2026-07-14,,,,,,
EUROPEAN FAMILY OFFICE INSTITUTE LLC.,SEC EDGAR full-text search,Unconfirmed,no affirmative family-office evidence found,,"2299 NW 4TH AVE, BOCA RATON, FL, 33431",,,,25,Rejected,Rule 2: no affirmative family-office evidence,,,,,,,,,,,,,,,,,,,,,,,,,,,,,,,,,,,,,,,,,,,,,,,,,561-715-1231,SEC EDGAR submissions CIK 0001690834,official SEC filing (business phone),High,fact,2026-04-01,,,,,,
Immunome Inc.,SEC EDGAR full-text search,Unconfirmed,no affirmative family-office evidence found,,"18702 N. CREEK PARKWAY, SUITE 100, BOTHELL, WA, 98011",,"Tue, 21 Jul 2026",news,50,Rejected,Rule 2: no affirmative family-office evidence,,,,,,,,,,,,,,,,,,,SEC-registered filer; industry: Pharmaceutical Preparations.,SEC EDGAR submissions CIK 0001472012,SEC entity record,High,fact,2026-07-09,,,,,,,,,,,,,,,,,,,,,,,,,610-321-3700,SEC EDGAR submissions CIK 0001472012,official SEC filing (business phone),High,fact,2026-07-09,"Immunome, Inc. (IMNM) stock price, news, quote and history - Yahoo Finance Australia",https://news.google.com/rss/articles/CBMiUkFVX3lxTE9mSkFUNTBBN0NRMTNNMGZfYXd6TjUwTWo3bElJNXA0OU1YWGV5amZ4OHRoMllMek1GTnlydHNLdTl4V0tETm9UcjdDWVJoX25xdVE?oc=5,targeted news query,Low,inference,"Tue, 21 Jul 2026"
Longboat Family Office LP,SEC EDGAR full-text search,Unconfirmed,no affirmative family-office evidence found,,"500 MAMARONECK AVENUE, SUITE 213, HARRISON, NY, 10528",,,,25,Rejected,Rule 2: no affirmative family-office evidence,,,,,,,,,,,,,,,,,,,,,,,,,,,,,,,,,,,,,,,,,,,,,,,,,212-798-1362,SEC EDGAR submissions CIK 0001878856,official SEC filing (business phone),High,fact,2021-08-23,,,,,,
"Apollo Global Management, Inc.",SEC EDGAR full-text search,Unconfirmed,no affirmative family-office evidence found,,"9 WEST 57TH STREET, 42ND FLOOR, new York, NY, 10019",,"Mon, 27 Jul 2026",investment,50,Rejected,Rule 2: no affirmative family-office evidence,,,,,,,,,,,,,,,,,,,SEC-registered filer; industry: Investment Advice.,SEC EDGAR submissions CIK 0001411494,SEC entity record,High,fact,2026-04-10,,,,,,,,,,,,,,,,,,,,,,,,,212-515-3200,SEC EDGAR submissions CIK 0001411494,official SEC filing (business phone),High,fact,2026-04-10,Apollo Global Management Inc. $APO Stake Lessened by PNC Financial Services Group Inc. - MarketBeat,https://news.google.com/rss/articles/CBMi3AFBVV95cUxNM1dLUmJuWTZ0cVdoTDg1dk5rMnpRUjF3MTRWckQtR0lyZVJRMWt1VDhxaFBLbkp2NFl2TWFpYUF6NkNKRHBwOVdjR29VNXZReU5ZNFAxMS1NYi1EY3BfZ3BmaG9sWXdSaWtZZnZPYnd5TG9ZZGwzZlNEcUdobGgtdHI4bnJXdElvcVhqRzRKOGpOcjYybkNTOHNGcDV3dkI5R1hNTFJWNF8yS0lFWlJsb2pZREpiTGdNblBNZXRHajg2WF9QTjNNTjZTdktmQ1VjWlZoRXhUbWRKSE1x?oc=5,targeted news query,Low,inference,"Mon, 27 Jul 2026"
SEI INVESTMENTS CO,SEC EDGAR full-text search,Unconfirmed,no affirmative family-office evidence found,http://www.seic.com,"1 FREEDOM VALLEY DRIVE, OAKS, PA, 19456-1100",https://www.linkedin.com/company/sei,"Mon, 27 Jul 2026",investment,60,Rejected,Rule 2: no affirmative family-office evidence,$108.45B (13F portfolio value),https://www.sec.gov/Archives/edgar/data/350894/000204825126003739/primary_doc.xml,"13F tableValueTotal — US-listed equities only, not full AUM",High,fact,2026-05-13,,,,,,,,,,,,,We deliver technology and investment solutions that connect the financial services industry.,http://www.seic.com,site homepage / meta description,Medium,fact,,,,,,,,Executive Vice President,https://www.sec.gov/Archives/edgar/data/350894/000204825126003739/primary_doc.xml,13F signature block,High,fact,2026-05-13,,,,,,,,,,,,,6106761000,SEC EDGAR submissions CIK 0000350894,official SEC filing (business phone),High,fact,2026-07-24,"Sei Investments Co. Acquires 164,517 Shares of Fortinet, Inc. $FTNT - MarketBeat",https://news.google.com/rss/articles/CBMiwAFBVV95cUxPNjRhRExRamN6WFhlY2pteUhfekRET0dZSmhfRTV4dFpFbXhrSUZROS1pR2ZiOXAwUTJybUw3X2xXbm9MQXBFQVc2NG43RlRZMGliS2JJc3Itd0l3OE5YTzh6MFU0cnMyMWhkdE9BeU5salpOSTZTcTk0RmJEQnk0X05FNXBYTlVZZU5ZTFFHakVJTExDSGFxcVppWlluNTBneVBwblRoOG5HQnVhRFZqZ1BZb3F4SFo4UUJNS0RvYXg?oc=5,targeted news query,Low,inference,"Mon, 27 Jul 2026"
James Alpha Funds Trust,SEC EDGAR full-text search,Unconfirmed,no affirmative family-office evidence found,,"515 MADISON AVENUE, NEW YORK, NY, 10022",,,,25,Rejected,Rule 2: no affirmative family-office evidence,,,,,,,,,,,,,,,,,,,,,,,,,,,,,,,,,,,,,,,,,,,,,,,,,888-814-8180,SEC EDGAR submissions CIK 0001829774,official SEC filing (business phone),High,fact,2026-07-20,,,,,,
DAKTRONICS INC /SD/,SEC EDGAR full-text search,Unconfirmed,no affirmative family-office evidence found,,"PO BOX 5128, 201 DAKTRONICS DRIVE, BROOKINGS, SD, 57006",,"Fri, 17 Jul 2026",news,50,Rejected,Rule 2: no affirmative family-office evidence,,,,,,,,,,,,,,,,,,,SEC-registered filer; industry: Miscellaneous Manufacturing Industries.,SEC EDGAR submissions CIK 0000915779,SEC entity record,High,fact,2026-07-21,,,,,,,,,,,,,,,,,,,,,,,,,6056974000,SEC EDGAR submissions CIK 0000915779,official SEC filing (business phone),High,fact,2026-07-21,"DAKTRONICS INC /SD/ SEC Filing (Jul 17, 2026) - Stock Titan",https://news.google.com/rss/articles/CBMimgFBVV95cUxNNm16NzZiZy16bmpuV0o3bEdMcjA0RWVKS2xQVGU2RmlKbWl0VWJCNnZBVmtBRllXLXU4bEhWeFRvQnpCcU9aSGx1Z2F1a3BuaXZyaC1uWksydWEta2NoNlVCc2VZd3pvcXRKLU5NRzlvTEZoTlVCX092UHpZU1pfT0V0R2M3Y3JLVDM4VXlrLUprZE16VGFQdWF3?oc=5,targeted news query,Low,inference,"Fri, 17 Jul 2026"
"MOBIX LABS, INC",SEC EDGAR full-text search,Unconfirmed,no affirmative family-office evidence found,,"15420 LAGUNA CANYON RD, STE 100, IRVINE, CA, 92618",,"Mon, 27 Jul 2026",news,50,Rejected,Rule 2: no affirmative family-office evidence,,,,,,,,,,,,,,,,,,,SEC-registered filer; industry: Semiconductors & Related Devices.,SEC EDGAR submissions CIK 0001855467,SEC entity record,High,fact,2026-07-20,,,,,,,,,,,,,,,,,,,,,,,,,(949) 808-8888,SEC EDGAR submissions CIK 0001855467,official SEC filing (business phone),High,fact,2026-07-20,"Mobix Labs to Become NSM Labs, Advancing a National Security Platform for America and Its Allies - Carroll County Mirror-Democrat",https://news.google.com/rss/articles/CBMitwFBVV95cUxNYXFpTHFUZkFsN0FNVWduQ2wtdHdFeGFjc1YyNjh5c1BRc0lHOVRDaXlaRC1YR2ZtNy1UTmc0aVFlbzI3TmlIVy1ZQllLSXBiRXZ3VDBRZ1lGamp1eTVoMjZTYVlMekFfMDRvRE10TnBiTlloRzFSTHR6cVFlYW1GbzdRMUlhS0xaSER1LTUxQ1RJdi02R0J4czVtQXZtT2pQamk1ZlVzajM5cTE3R1JhNTFZMkVBZE0?oc=5,targeted news query,Low,inference,"Mon, 27 Jul 2026"
Ma Jiong,SEC EDGAR full-text search,Unconfirmed,no affirmative family-office evidence found,,,,,,25,Rejected,Rule 2: no affirmative family-office evidence,,,,,,,,,,,,,,,,,,,,,,,,,,,,,,,,,,,,,,,,,,,,,,,,,212-745-1086,SEC EDGAR submissions CIK 0001854872,official SEC filing (business phone),High,fact,2026-05-20,,,,,,
New Fortress Energy LLC,SEC EDGAR full-text search,Unconfirmed,no affirmative family-office evidence found,,"111 W. 19TH STREET, 8TH FLOOR, NEW YORK, NY, 10011",,"Wed, 25 Mar 2026",news,50,Rejected,Rule 2: no affirmative family-office evidence,,,,,,,,,,,,,,,,,,,SEC-registered filer; industry: Natural Gas Distribution.,SEC EDGAR submissions CIK 0001749723,SEC entity record,High,fact,2026-07-09,,,,,,,,,,,,,,,,,,,,,,,,,(516) 268-7400,SEC EDGAR submissions CIK 0001749723,official SEC filing (business phone),High,fact,2026-07-09,"New Fortress Energy LLC (NASDAQ:NFE) Receives Consensus Rating of ""Hold"" from Brokerages - MarketBeat",https://news.google.com/rss/articles/CBMi0wFBVV95cUxPZGJTTWlGcXgtaEEzbDRaU2pEQ204dDNkVVJqd0xlY01JRmM5RkR4TlJrTS1ZUUU1U2Z5UUMxSHVLanhhVmM2SXZVbHVudE9pQ3VIcXJzbHFvQlhQelQtV3h2bmVvZlhOb0ItUUM3N3Vhd0p3cWkydVF0RkRMNGVNSUM1TGNOQTIyaEF5ellHbS1BQWZhc2NKUm1Jd0tzVUlQaWxLWEZMY1daMEZkUU16MVQxOGFuWW14a0JnRFR3dUZ6bjBXMXBTY3dsdGp0dExFTUhF?oc=5,targeted news query,Low,inference,"Wed, 25 Mar 2026"
"OCLARO, INC.",SEC EDGAR full-text search,Unconfirmed,no affirmative family-office evidence found,,"225 CHARCOT AVENUE, SAN JOSE, CA, 95131",,,,25,Rejected,Rule 2: no affirmative family-office evidence,,,,,,,,,,,,,,,,,,,SEC-registered filer; industry: Semiconductors & Related Devices.,SEC EDGAR submissions CIK 0001110647,SEC entity record,High,fact,2019-01-04,,,,,,,,,,,,,,,,,,,,,,,,,(408) 383-1400,SEC EDGAR submissions CIK 0001110647,official SEC filing (business phone),High,fact,2019-01-04,,,,,,
DOLAN CHARLES F,SEC EDGAR full-text search,Unconfirmed,no affirmative family-office evidence found,,,,"Mon, 14 Jan 2019",news,25,Rejected,Rule 2: no affirmative family-office evidence,,,,,,,,,,,,,,,,,,,,,,,,,,,,,,,,,,,,,,,,,,,,,,,,,,,,,,,"Charles Dolan Obituary (1942 - 2019) - Fort Myers, FL - The Providence Journal - Legacy | Obituary Search",https://news.google.com/rss/articles/CBMijwFBVV95cUxNYjQySDdhUV9VQ3RZbzNmZzBwU1NHMHhScVdMQmVnQjR1NW13Nmd2YnVmTFlVZ3lwZGJGT3oxbkZZZFNTWWJCTG5QczFiNzJTV3FES1RobF9iZ3FxeFNhSnNUYTltODZjdG13dVhpUUdqeDdtMjJxTnpONHRHUW5KZFRWV2JVajhHQzVVYlV1OA?oc=5,targeted news query,Low,inference,"Mon, 14 Jan 2019"
CABLEVISION SYSTEMS CORP /NY,SEC EDGAR full-text search,Unconfirmed,no affirmative family-office evidence found,,"1111 STEWART AVENUE, BETHPAGE, NY, 11714",,,,25,Rejected,Rule 2: no affirmative family-office evidence,,,,,,,,,,,,,,,,,,,SEC-registered filer; industry: Cable & Other Pay Television Services.,SEC EDGAR submissions CIK 0001053112,SEC entity record,High,fact,2016-07-06,,,,,,,,,,,,,,,,,,,,,,,,,5163806230,SEC EDGAR submissions CIK 0001053112,official SEC filing (business phone),High,fact,2016-07-06,,,,,,
"NKGen Biotech, Inc.",SEC EDGAR full-text search,Unconfirmed,no affirmative family-office evidence found,,"3001 DAIMLER ST,, SANTA ANA, CA, 92705",,"Sat, 25 Jul 2026",news,50,Rejected,Rule 2: no affirmative family-office evidence,,,,,,,,,,,,,,,,,,,"SEC-registered filer; industry: Biological Products, (No Diagnostic Substances).",SEC EDGAR submissions CIK 0001845459,SEC entity record,High,fact,2026-07-17,,,,,,,,,,,,,,,,,,,,,,,,,(949) 396-6830,SEC EDGAR submissions CIK 0001845459,official SEC filing (business phone),High,fact,2026-07-17,Price to earnings forward of NKGen Biotech Inc. – OTC:NKGN - TradingView,https://news.google.com/rss/articles/CBMingFBVV95cUxOWjVKQnlwYTlIelZrVzJyYUNhYkhsQ25xYkJMNl9VeTZ2QnpiQmtFM2dhZXpCOURvWmEtMGRIMS1wXzBJek1ZY1VpNEFybWF0NTVEdWt5TnhualBLcjBTZTRpbFdXZFM0M0xlZUFHUnZaVW95bzhwWk53RHhmWkg2amRndFR2M0Q2dlc4NXM0c285Z09ueHpDUGVJM3RlUQ?oc=5,targeted news query,Low,inference,"Sat, 25 Jul 2026"
SUPERCONDUCTOR TECHNOLOGIES INC,SEC EDGAR full-text search,Unconfirmed,no affirmative family-office evidence found,,"15511 W. STATE HWY 71, SUITE 110-105, AUSTIN, TX, 78738",,"Tue, 07 Sep 2021",news,50,Rejected,Rule 2: no affirmative family-office evidence,,,,,,,,,,,,,,,,,,,SEC-registered filer; industry: Services-Nursing & Personal Care Facilities.,SEC EDGAR submissions CIK 0000895665,SEC entity record,High,fact,2024-05-15,,,,,,,,,,,,,,,,,,,,,,,,,512-650-7775,SEC EDGAR submissions CIK 0000895665,official SEC filing (business phone),High,fact,2024-05-15,"Superconductor Technologies Inc. Finalizes Pending Merger With Allied Integral United, Inc. - Business Wire",https://news.google.com/rss/articles/CBMi4AFBVV95cUxPUm9PZlRGR0FMdk52bXdSUUZwTWJUUHJhQUNkdDl0eDN4N09ra2JUYkhBbE40czNnX3VRdC12cVQtUzNSOXBhaVlFZDNrUXIzM1Aya3dJeXJXdWd5dzNNc3hZVUQ3WEllY0NaeEJkaHg5VXUwVWRWWDNPa1FRQ1VtYXFwTTRNbXhLSVk2NjdXLXY0eldLUGJuQTRhVUUyMHRVU0tKZlhrUmVVdE4tS1dLOEhwRXlBSVdVdmF6bkR4b2FXRHZHUFgzYXQ2ejVBdmRhMkNpQm1adnlaV1MwU09EbQ?oc=5,targeted news query,Low,inference,"Tue, 07 Sep 2021"
COGNITION THERAPEUTICS INC,SEC EDGAR full-text search,Unconfirmed,no affirmative family-office evidence found,,"2500 WESTCHESTER AVE, PURCHASE, NY, 10577",,"Mon, 27 Jul 2026",news,50,Rejected,Rule 2: no affirmative family-office evidence,,,,,,,,,,,,,,,,,,,"SEC-registered filer; industry: Biological Products, (No Diagnostic Substances).",SEC EDGAR submissions CIK 0001455365,SEC entity record,High,fact,2026-06-24,,,,,,,,,,,,,,,,,,,,,,,,,412-481-2210,SEC EDGAR submissions CIK 0001455365,official SEC filing (business phone),High,fact,2026-06-24,Cognition Therapeutics Inc (CGTX) Cash Flow - TradingKey,https://news.google.com/rss/articles/CBMiZ0FVX3lxTE1DdXdiVzZfOWJJaGRvMy1ZSldSMVllTzFmX1F3VmVjb0VNU1FaUG1JZXlHUjNFUkRfMmsxZE03bmYwbnpGQVpsalNVX2wtUUxvWHlURmRodnZtZUJ1S1pIVEZyQ2I1dGs?oc=5,targeted news query,Low,inference,"Mon, 27 Jul 2026"
"Wilshire Private Markets Family Office Fund II, L.P.",SEC EDGAR full-text search,Unconfirmed,no affirmative family-office evidence found,,"C/O WILSHIRE ASSOCIATES INCORPORATED LLC, 1299 OCEAN AVENUE, SUITE 700, SANTA MONICA, CA, 90401-1085",,,,25,Rejected,Rule 2: no affirmative family-office evidence,,,,,,,,,,,,,,,,,,,,,,,,,,,,,,,,,,,,,,,,,,,,,,,,,310-451-3051,SEC EDGAR submissions CIK 0001634667,official SEC filing (business phone),High,fact,2026-02-12,,,,,,
Biopower Operations Corp,SEC EDGAR full-text search,Unconfirmed,no affirmative family-office evidence found,,"5379 LYONS RD., SUITE 301, COCONUT CREEK, FL, 33073",,"Sun, 26 Jul 2026",news,50,Rejected,Rule 2: no affirmative family-office evidence,,,,,,,,,,,,,,,,,,,SEC-registered filer; industry: Finance Services.,SEC EDGAR submissions CIK 0001510832,SEC entity record,High,fact,2025-08-15,,,,,,,,,,,,,,,,,,,,,,,,,954-509-9830,SEC EDGAR submissions CIK 0001510832,official SEC filing (business phone),High,fact,2025-08-15,BioPower Operations Corp Revenue Breakdown – OTC:BOPO - TradingView,https://news.google.com/rss/articles/CBMic0FVX3lxTE9FV3pYTHNSX1JCUHFUTGlMM0l6UmNEU042cDBnSzUtRnN2MXpYSTNlMERtNlZZb1A2VTdmYnUydWRzTXE1b2xRd0JGNHl6U3lLYVlwX0NZZE1pOUpRVmNxWTVnU3BPT1ZKZXZnQ0RRT3Bub1E?oc=5,targeted news query,Low,inference,"Sun, 26 Jul 2026"
Coffman Raymond Scott,SEC EDGAR full-text search,Unconfirmed,no affirmative family-office evidence found,,,,,,0,Rejected,Rule 2: no affirmative family-office evidence,,,,,,,,,,,,,,,,,,,,,,,,,,,,,,,,,,,,,,,,,,,,,,,,,,,,,,,,,,,,
"cbdMD, Inc.",SEC EDGAR full-text search,Unconfirmed,no affirmative family-office evidence found,,"8845 RED OAK BOULEVARD, CHARLOTTE, NC, 28217",,"Sat, 25 Jul 2026",news,50,Rejected,Rule 2: no affirmative family-office evidence,,,,,,,,,,,,,,,,,,,"SEC-registered filer; industry: Perfumes, Cosmetics & Other Toilet Preparations.",SEC EDGAR submissions CIK 0001644903,SEC entity record,High,fact,2026-05-20,,,,,,,,,,,,,,,,,,,,,,,,,704-445-3060,SEC EDGAR submissions CIK 0001644903,official SEC filing (business phone),High,fact,2026-05-20,"cbdMD, Inc. Revenue Breakdown – AMEX:YCBD - TradingView",https://news.google.com/rss/articles/CBMidEFVX3lxTE1Ic29zWndXV2pnRHZYTThiRXBESUdIbDhpZHNOOUtpMlcxcnNid2ctN0Zra3hNclNXRHRmNTVJeDFCMTlCN0NYbW9HS0xKQlBYX1hPRU5zbk83QlRHeXRHVWMxVjZYZVh2TXpubDZETExxeHla?oc=5,targeted news query,Low,inference,"Sat, 25 Jul 2026"
CPI Card Group Inc.,SEC EDGAR full-text search,Unconfirmed,no affirmative family-office evidence found,,"10368 WEST CENTENNIAL RD, LITTLETON, CO, 80127",,"Mon, 27 Jul 2026",news,50,Rejected,Rule 2: no affirmative family-office evidence,,,,,,,,,,,,,,,,,,,SEC-registered filer; industry: Commercial Printing.,SEC EDGAR submissions CIK 0001641614,SEC entity record,High,fact,2026-07-06,,,,,,,,,,,,,,,,,,,,,,,,,(303) 862-2065,SEC EDGAR submissions CIK 0001641614,official SEC filing (business phone),High,fact,2026-07-06,PMTS|CPI Card Group Inc|Price:19.520|Chg%:-0.070 - TradingKey,https://news.google.com/rss/articles/CBMiZEFVX3lxTE0wMmxjTXdmSFQ5TFB1QXBqbzdWcGdGeWZyY2N5Qi1YN1Rja0Q3cHhocmZreE10ZjE5QmVLTThuYmtHeU9PMjZPOGFPZlJCNWFRMEh6amdUYnRlZjVja29FNGo3TUY?oc=5,targeted news query,Low,inference,"Mon, 27 Jul 2026"
CI Financial Corp.,SEC EDGAR full-text search,Unconfirmed,no affirmative family-office evidence found,,"15 YORK STREET, 2ND FLOOR, TORONTO, A6, M5J 0A3",,"Fri, 24 Jul 2026",news,50,Rejected,Rule 2: no affirmative family-office evidence,,,,,,,,,,,,,,,,,,,SEC-registered filer; industry: Investment Advice.,SEC EDGAR submissions CIK 0001829948,SEC entity record,High,fact,2023-02-08,,,,,,,,,,,,,,,,,,,,,,,,,416-364-1145,SEC EDGAR submissions CIK 0001829948,official SEC filing (business phone),High,fact,2023-02-08,CI Financial makes fintech acquisition - Investment Executive,https://news.google.com/rss/articles/CBMikwFBVV95cUxNMkkwN2ZfeC03dzZjRF95WC1NZTNBV0E5QkxlS01CSDZQSTFsV3lhOVd6N1JpTFhJOWFtZGlQS3ZNV2F1djdvQXl0MnpSdnkwVnNmeWJIemcxZXV6emtKYjR5UlQwZEpydDNEMXdFbEpoRk45ZmxaMEtnUUpNMmJhSURRZTJrYzE4V2ZFQ084bTNaRVU?oc=5,targeted news query,Low,inference,"Fri, 24 Jul 2026"
"RTI Surgical Holdings, Inc.",SEC EDGAR full-text search,Unconfirmed,no affirmative family-office evidence found,,"520 LAKE COOK ROAD, SUITE 315, DEERFIELD, IL, 60015",,"Wed, 22 Jan 2020",news,50,Rejected,Rule 2: no affirmative family-office evidence,,,,,,,,,,,,,,,,,,,"SEC-registered filer; industry: Orthopedic, Prosthetic & Surgical Appliances & Supplies.",SEC EDGAR submissions CIK 0001760173,SEC entity record,High,fact,2024-02-14,,,,,,,,,,,,,,,,,,,,,,,,,3864188888,SEC EDGAR submissions CIK 0001760173,official SEC filing (business phone),High,fact,2024-02-14,EU Firm Pays $490 Million for 60% of RTI Surgical - Orthopedics This Week,https://news.google.com/rss/articles/CBMigAFBVV95cUxNN3JzcnlfOGVkc2Z2d20zdC1wM3F3YWhXak9yanF2d1djZkgwTDZDVmM4U1hpVDREbXJEOS0zUDlzaWs1S1ZuR1NiOG5RZk92OEx0YlhKcGNsbHkyS2htZWVqd2dUMEpKNzg0ZnEzZWx5b2VBd2xSVC04R2czOHFyXw?oc=5,targeted news query,Low,inference,"Wed, 22 Jan 2020"
NEOGENOMICS INC,SEC EDGAR full-text search,Unconfirmed,no affirmative family-office evidence found,,"9490 NEOGENOMICS WAY, FORT MYERS, FL, 33912",,"Fri, 24 Jul 2026",news,50,Rejected,Rule 2: no affirmative family-office evidence,,,,,,,,,,,,,,,,,,,SEC-registered filer; industry: Services-Testing Laboratories.,SEC EDGAR submissions CIK 0001077183,SEC entity record,High,fact,2026-07-22,,,,,,,,,,,,,,,,,,,,,,,,,2397680600,SEC EDGAR submissions CIK 0001077183,official SEC filing (business phone),High,fact,2026-07-22,"NeoGenomics, Inc. (NEO) stock price, news, quote and history - Yahoo Finance UK",https://news.google.com/rss/articles/CBMiUEFVX3lxTFAzUU9GeV9GMVkxOEtOZnlpdDNQNGxQM1lSNExGekFNaEZFS2xWYV8wR3pUenNKaTJNMnc0dUhZcHkxMUFDV2tELVJOSi0ySmUy?oc=5,targeted news query,Low,inference,"Fri, 24 Jul 2026"
"Synapse Ventures II, LP",SEC EDGAR full-text search,Unconfirmed,no affirmative family-office evidence found,,"C/O TURIM FAMILY OFFICE, RUA MAJOR RUBENS VAZ, 236, GAVEA, RIO DE JANEIRO, D5, 22470-070",,,,25,Rejected,Rule 2: no affirmative family-office evidence,,,,,,,,,,,,,,,,,,,,,,,,,,,,,,,,,,,,,,,,,,,,,,,,,552122598015,SEC EDGAR submissions CIK 0001807006,official SEC filing (business phone),High,fact,2021-05-13,,,,,,
Music Licensing Inc.,SEC EDGAR full-text search,Unconfirmed,no affirmative family-office evidence found,,"3811 AIRPORT PULLING ROAD NORTH, SUITE 203, NAPLES, FL, 34105",,"Mon, 11 May 2026",news,50,Rejected,Rule 2: no affirmative family-office evidence,,,,,,,,,,,,,,,,,,,SEC-registered filer; industry: Services-Amusement & Recreation Services.,SEC EDGAR submissions CIK 0001671132,SEC entity record,High,fact,2026-02-06,,,,,,,,,,,,,,,,,,,,,,,,,(833) 227-7683,SEC EDGAR submissions CIK 0001671132,official SEC filing (business phone),High,fact,2026-02-06,"Music Licensing, Inc. (SONG) / Pro Music Rights Announces Strategic Transformation: Formation of Special Purpose Vehicle to Securitize Licensee Agreements, Copyright Infringement Claims, and Litigation Portfolio - Targeting Listings on International Excha - TMX Newsfile",https://news.google.com/rss/articles/CBMilwNBVV95cUxPdG5MY2FsM3VYN2syMGljWWRNQkhQbWdlRjUzbVVFclZLQkptSTRNeHNrdURRQnluR3FFLXM1bW9zZ0p0OXV0RFkxa1JwSUN2VkpPUW9GY2RhTS0yNGNPSTVES2x3cXFlbkh6NTdySUowNkc0VVQyQTVTVlI3Ti1WNVRONm9TZ2xoMmtKTVJ4R2o5TjlkeTBEcWN5em42UG5jNkdGUS1kMzBsa0Z1RkxKS1BJSWZPUEROWV9OdWRoMlNWemdPUU1fc3RWNnZvNUpldk81YTVaRUo5WUdBal9pNkJYVGp0d3NCWmZvbUREeEFSY2g0ZnoyejRrY3RLaHRrektzcUY0Z0lMOWNXUllJQ191cWpVWUZrU3BPSEJ0Z3lyVnZ5TDlxaHo2RVRLeXJ6bHNBWkhqazhscHJXLTBCWHg2amJtaXJmQnZYVXRPSTlabGJ4VjFkU2FtOXY4YjFTRGZkSDA4V25CUHZIemxnNVBiOW9WYUh4NjNjcW1jZWdVbDg5QjFRbnVGNWt6elYzYm1VelB0OA?oc=5,targeted news query,Low,inference,"Mon, 11 May 2026"
STARZ ENTERTAINMENT CORP /CN/,SEC EDGAR full-text search,Unconfirmed,no affirmative family-office evidence found,,"1647 STEWART ST., SANTA MONICA, CA, 90404",,"Mon, 06 Jul 2026",news,50,Rejected,Rule 2: no affirmative family-office evidence,,,,,,,,,,,,,,,,,,,SEC-registered filer; industry: Services-Motion Picture & Video Tape Production.,SEC EDGAR submissions CIK 0000929351,SEC entity record,High,fact,2026-07-08,,,,,,,,,,,,,,,,,,,,,,,,,877-848-3866,SEC EDGAR submissions CIK 0000929351,official SEC filing (business phone),High,fact,2026-07-08,STARZ (STRZ) CEO Jeffrey Hirsch reports direct ownership of 136 shares - Stock Titan,https://news.google.com/rss/articles/CBMiywFBVV95cUxPcGNIcG1tRnJfcXc2WHdyUzFqLTdCNUt4QVIwdzNLLXAtWElSbkY4ZDg1NFR3VnJaR0g2c0dmUkpra244MGJPbXhWNHFYX3BBcmoyUE4zV0UyazBQS3BRWTRUYmJIM2p6VUNKYzdmc05ZZHJmX2RPTGRRdGU5bWhkWTd0UnRFU0QtanpYR3FkTGhDeTJfS1lsMVNRVldxRkQxSXBLdFJ5WFdSN3VRcWlEakMtaUlQak5BMmJES1pmcGszakRhTXJNUkhiZw?oc=5,targeted news query,Low,inference,"Mon, 06 Jul 2026"
BANK OF MONTREAL /CAN/,SEC EDGAR full-text search,Unconfirmed,no affirmative family-office evidence found,,"1 FIRST CANADIAN PLACE, TORONTO, A6, M5X 1A1",,"Tue, 14 Jul 2026",news,50,Rejected,Rule 2: no affirmative family-office evidence,$268.54B (13F portfolio value),https://www.sec.gov/Archives/edgar/data/927971/000092797126000078/primary_doc.xml,"13F tableValueTotal — US-listed equities only, not full AUM",High,fact,2026-05-13,,,,,,,,,,,,,"SEC-registered filer; industry: Commercial Banks, NEC.",SEC EDGAR submissions CIK 0000927971,SEC entity record,High,fact,2026-07-27,,,,,,,"Managing Director, Regulatory Solution Group",https://www.sec.gov/Archives/edgar/data/927971/000092797126000078/primary_doc.xml,13F signature block,High,fact,2026-05-13,,,,,,,,,,,,,000-000-0000,SEC EDGAR submissions CIK 0000927971,official SEC filing (business phone),High,fact,2026-07-27,Bank of Montreal (TSX:BMO) Stock Looks Fully Priced On Its 156% Run - Yahoo Finance,https://news.google.com/rss/articles/CBMilwFBVV95cUxOOW1lS1VNSG9mNGFjeUl5M0ZUUUtiUVpmcG1xeW1kMDlZamtPZVRMeDM3RGd5WGgxdWtIa0pRa0NOWVFkUjU0UVZyUkFqOTV5R1VvMno5SjNBS2hfLVhBNXhIMUNDbGgwcG5zNEdFMS1aalJIblJWVWxsbl9NZHQtNk1BcTR6b1RMZkNzR2ROU0xHRm9DaGhR?oc=5,targeted news query,Low,inference,"Tue, 14 Jul 2026"
"BIOXYTRAN, INC",SEC EDGAR full-text search,Unconfirmed,no affirmative family-office evidence found,,"C/O BIOXYTRAN, INC., 75 2ND AVE, SUITE 605 STE 605, NEEDHAM, MA, 02494",,"Sat, 25 Jul 2026",news,50,Rejected,Rule 2: no affirmative family-office evidence,,,,,,,,,,,,,,,,,,,SEC-registered filer; industry: Pharmaceutical Preparations.,SEC EDGAR submissions CIK 0001445815,SEC entity record,High,fact,2026-05-15,,,,,,,,,,,,,,,,,,,,,,,,,617-494-1199,SEC EDGAR submissions CIK 0001445815,official SEC filing (business phone),High,fact,2026-05-15,"Bioxytran, Inc. Revenue Breakdown – OTC:BIXT - TradingView",https://news.google.com/rss/articles/CBMic0FVX3lxTE5NV01mS2NsU1NjdXYzaFczenFYam0xc3FUMUZSb014RVpleW9YRVpfaDJ4Yy1CdVN5NW53bzF6SHJTTWZTeVlwSFktNEdMWmFQcnFGTi1fdzFqQkpMbXNKR0pYQkJWcmFLT3d0LVFaUWVVd0E?oc=5,targeted news query,Low,inference,"Sat, 25 Jul 2026"
DYADIC INTERNATIONAL INC,SEC EDGAR full-text search,Unconfirmed,no affirmative family-office evidence found,,"1044 NORTH U.S. HIGHWAY ONE, SUITE 201, JUPITER, FL, 33477",,"Fri, 24 Jul 2026",news,50,Rejected,Rule 2: no affirmative family-office evidence,,,,,,,,,,,,,,,,,,,"SEC-registered filer; industry: Biological Products, (No Diagnostic Substances).",SEC EDGAR submissions CIK 0001213809,SEC entity record,High,fact,2026-07-24,,,,,,,,,,,,,,,,,,,,,,,,,561-743-8333,SEC EDGAR submissions CIK 0001213809,official SEC filing (business phone),High,fact,2026-07-24,"Dyadic International, Inc. (Nasdaq: DYAI) keeps Nasdaq Capital Market listing - Stock Titan",https://news.google.com/rss/articles/CBMiswFBVV95cUxPMTh3bEpJZ1dNU2pLVC1TX296Z2ZaZ2ZjSjQtRUFYMHVoZ2M4dkdfS3R6bkNhZXBaODk1R0N1Qi0xNjVDdm52ZG90WEZ0a1NUOXVRampQWFZRZ3VUaDIwUXlIWkFvZUMxNXpJSXM1cUJFVE1uU2JvaXRvQXd5elZtM3RSZ3gxaTZYQVhJYVhrekxMNl9BRjREV1o0R0U5TEw2S3hhMm56clY5dDJUX0hjekxfcw?oc=5,targeted news query,Low,inference,"Fri, 24 Jul 2026"
KITT BARRY M,SEC EDGAR full-text search,Unconfirmed,no affirmative family-office evidence found,,,,,,0,Rejected,Rule 2: no affirmative family-office evidence,,,,,,,,,,,,,,,,,,,,,,,,,,,,,,,,,,,,,,,,,,,,,,,,,,,,,,,,,,,,
Fathom Holdings Inc.,SEC EDGAR full-text search,Unconfirmed,no affirmative family-office evidence found,,"2000 REGENCY PARKWAY DRIVE, SUITE 300, CARY, NC, 27518",,"Wed, 17 Jun 2026",investment,50,Rejected,Rule 2: no affirmative family-office evidence,,,,,,,,,,,,,,,,,,,SEC-registered filer; industry: Real Estate Agents & Managers (For Others).,SEC EDGAR submissions CIK 0001753162,SEC entity record,High,fact,2026-07-20,,,,,,,,,,,,,,,,,,,,,,,,,8884556040,SEC EDGAR submissions CIK 0001753162,official SEC filing (business phone),High,fact,2026-07-20,"Fathom Holdings Inc. Signs Agreement to Be Acquired by Bed Bath & Beyond, Representing a Transformational Opportunity to Expand Fathom's Market Reach and Deliver Compelling Long-Term Value for Fathom Shareholders, Agents, and Stakeholders - PR Newswire",https://news.google.com/rss/articles/CBMikgNBVV95cUxNelZFS1JPSnpyeEhsajdhcW5nREdiUXp0dFF1UUlORFp4RVEtMDFmSDlVNjFvUlhhZkk4WnlzNE11MEhoWHZBeEwyVy1HaUJhMWJqU2pVQWVKTjdHZGRZVzVJekdINEwyMjNoZDE5ZFJPd0pZRXc5c0RreEc0ZmlfajN1UjM2OEw4ckI5TTRxMldmaUVkbjlZdXZMelItaGYyYTc5SWVrSWo0ajJtdnFKYW9WNldzOHp3bkdmc3lvWGpVZWVoaXVORERjU2xSd3I5V3dxeklzS042VWhzeEtXMWRUQzQ4STRjcXVBME90bTY1SGdfaDVNMzBmWXlaRjRYNldIb1hQMHlUeDI5ci1ldzVGbjJlYnh2Y08tMlNEWXBRUXhiNVJkX1NBcXFHTVlWT2VTUXFYNmE4NkhxUnF2b2hxem4yWENoTUdrUmZrNDNfUnhNQTBuTEd6U1NSQ2sxZl9FX0tOeFJuSVpCNnlTY2ZBZFZzRGhreFZwMklZTlhaQkhuNkZ6TS1kUDJRMUVPS1E?oc=5,targeted news query,Low,inference,"Wed, 17 Jun 2026"
Pinnacle Family Office Investments L.P.,SEC EDGAR full-text search,Unconfirmed,no affirmative family-office evidence found,,"5910 NORTH CENTRAL EXPRESSWAY, SUITE 1475, DALLAS, TX, 75206",,,,25,Rejected,Rule 2: no affirmative family-office evidence,,,,,,,,,,,,,,,,,,,,,,,,,,,,,,,,,,,,,,,,,,,,,,,,,469-941-4146,SEC EDGAR submissions CIK 0001542604,official SEC filing (business phone),High,fact,2026-02-13,,,,,,
Quest Resource Holding Corp,SEC EDGAR full-text search,Unconfirmed,no affirmative family-office evidence found,,"3481 PLANO PARKWAY, THE COLONY, TX, 75056",,"Thu, 23 Jul 2026",news,50,Rejected,Rule 2: no affirmative family-office evidence,,,,,,,,,,,,,,,,,,,SEC-registered filer; industry: Refuse Systems.,SEC EDGAR submissions CIK 0001442236,SEC entity record,High,fact,2026-07-02,,,,,,,,,,,,,,,,,,,,,,,,,972-464-0004,SEC EDGAR submissions CIK 0001442236,official SEC filing (business phone),High,fact,2026-07-02,Quest to discuss waste and recycling services on Aug. 6 - Stock Titan,https://news.google.com/rss/articles/CBMiuwFBVV95cUxON0ZqOGo1UTRhTExFRmFIMVRrQjNjVXV3VlFsbFJSMHp1UG1RN2U0N0ZjcVRITUtFM0pDVV95Z0lWNV9lUnY4MVMxaGlPZmNJR0ZtRFMyaTNkVWVPSHh0d1FzZjd5QlpHUXVXdHdwYlFOZmNfVEpyUndlOTBBN0YtOUNNbXo5Yl9yajJkWVc3d1B5SGFSZ240MXMtSVVhdnhmWXdfRE9YRlcwNDcxTzVXRkJQWXpQTUpER1FZ?oc=5,targeted news query,Low,inference,"Thu, 23 Jul 2026"
CANADIAN IMPERIAL BANK OF COMMERCE /CAN/,SEC EDGAR full-text search,Unconfirmed,no affirmative family-office evidence found,,"81 BAY STREET, CIBC SQUARE, TORONTO, A6, M5J 0E7",,"Mon, 13 Jul 2026",news,50,Rejected,Rule 2: no affirmative family-office evidence,,,,,,,,,,,,,,,,,,,"SEC-registered filer; industry: Commercial Banks, NEC.",SEC EDGAR submissions CIK 0001045520,SEC entity record,High,fact,2026-07-27,,,,,,,,,,,,,,,,,,,,,,,,,4169803096,SEC EDGAR submissions CIK 0001045520,official SEC filing (business phone),High,fact,2026-07-27,Canadian Imperial Bank of Commerce (CM) files debt indenture and underwriting exhibits - Stock Titan,https://news.google.com/rss/articles/CBMiyAFBVV95cUxNRnBXaS1yOHFWWm1tZTlzXzMzWmVseU5zYmRJaGVSYlYza1RSQndkYl9RRkJBMVYtcWZja2hkdXBuVUozOTBiWFhMU2JoZzJBZGdVSWEzZUZWNldMNEFOcUlJbTJKSjJHdDk4V1JRbUJMd2h4ZVloYWFUdDl0Mi1aM2VqLUdjSlZXY0ZGbjUydWlvMDZhQ3BlMW5CaFJRUmt4ekJNTE1kaVExQWlOUnVyOUU3RWhFcGY0a2FxRnBYR0tsOHdhYVFDUQ?oc=5,targeted news query,Low,inference,"Mon, 13 Jul 2026"
"MABVAX THERAPEUTICS HOLDINGS, INC.",SEC EDGAR full-text search,Unconfirmed,no affirmative family-office evidence found,,"11535 SORRENTO VALLEY ROAD, SUITE 400, SAN DIEGO, CA, 92121",,"Thu, 21 Mar 2019",news,50,Rejected,Rule 2: no affirmative family-office evidence,,,,,,,,,,,,,,,,,,,SEC-registered filer; industry: Pharmaceutical Preparations.,SEC EDGAR submissions CIK 0001109196,SEC entity record,High,fact,2019-09-19,,,,,,,,,,,,,,,,,,,,,,,,,8582599405,SEC EDGAR submissions CIK 0001109196,official SEC filing (business phone),High,fact,2019-09-19,MabVax Therapeutics Blames Bankruptcy on Alleged Pump-and-Dump Scheme - WSJ,https://news.google.com/rss/articles/CBMirwFBVV95cUxOOUVvTEdNVVBycTYxZXNzZnJialpDZHhPamNPSmloUVBkMXJhckxzdDh1MlludURjSW5DOFdPYnBKV2tKVmFSaWNvdDY4NlloX2RkQWtibDNsQllNRHBRaE9iNFJiWHZ2WDlRTTBxVHRfWk96M0I5M2tXLVdmOVJ4LS1xd3BjbWVWQm5rZWdxeGxnNy1rNml1Mjk2Z1FSMVRydGZUejE1TzJlUzRTcXpr?oc=5,targeted news query,Low,inference,"Thu, 21 Mar 2019"
Apollo Global Management LLC,SEC EDGAR full-text search,Unconfirmed,no affirmative family-office evidence found,,"9 WEST 57TH STREET, 42ND FLOOR, new York, NY, 10019",,"Mon, 27 Jul 2026",fund,50,Rejected,Rule 2: no affirmative family-office evidence,,,,,,,,,,,,,,,,,,,SEC-registered filer; industry: Investment Advice.,SEC EDGAR submissions CIK 0001411494,SEC entity record,High,fact,2026-04-10,,,,,,,,,,,,,,,,,,,,,,,,,212-515-3200,SEC EDGAR submissions CIK 0001411494,official SEC filing (business phone),High,fact,2026-04-10,"Revolut offers Apollo, Ares funds to clients for €1 minimum - Bloomberg - Investing.com Nigeria",https://news.google.com/rss/articles/CBMiyAFBVV95cUxQcEVxUUZaLUR5MElfVTJyT3VZcFFPMmZub0R6bjZxLU9FV3l2TEJROUFGblFUQ3EwYWhPSjNSa3M4TWZCcFpJU3BuUGFsTlV2UGU3T1R3bTFYV19yQ2gzVTNmTElwTGJYTGRGMnc4d0VEb19rd2NtUFQydHlBM3dsRk1sUlhDQ01XR2ZZN0lVSDB5V2NtTUNsWUJCUUdqRXQ1S1FuODlqNl9mTWpXX19yUGtGRG15dXpmR0pteVlDX0lLeElCOTEzWQ?oc=5,targeted news query,Low,inference,"Mon, 27 Jul 2026"
MABVAX THERAPEUTICS INC,SEC EDGAR full-text search,Unconfirmed,no affirmative family-office evidence found,,"11588 SORRENTO VALLEY ROAD, SUITE 20, SAN DIEGO, CA, 92121",,,,25,Rejected,Rule 2: no affirmative family-office evidence,,,,,,,,,,,,,,,,,,,,,,,,,,,,,,,,,,,,,,,,,,,,,,,,,858-259-9405,SEC EDGAR submissions CIK 0001429968,official SEC filing (business phone),High,fact,2015-04-13,,,,,,
"CREATIVE REALITIES, INC.",SEC EDGAR full-text search,Unconfirmed,no affirmative family-office evidence found,,"13100 MAGISTERIAL DRIVE, SUITE 201, LOUISVILLE, KY",,"Sun, 26 Jul 2026",news,50,Rejected,Rule 2: no affirmative family-office evidence,,,,,,,,,,,,,,,,,,,SEC-registered filer; industry: Services-Computer Integrated Systems Design.,SEC EDGAR submissions CIK 0001356093,SEC entity record,High,fact,2026-07-02,,,,,,,,,,,,,,,,,,,,,,,,,502-791-8800,SEC EDGAR submissions CIK 0001356093,official SEC filing (business phone),High,fact,2026-07-02,"Creative Realities, Inc. Revenue Breakdown – NASDAQ:CREX - TradingView",https://news.google.com/rss/articles/CBMid0FVX3lxTE56SUVHdU9JYTNrYm5Da29NS2Y2bGlpdlBfVjJTZURFaG5WWW9TbFlGTHNwVDFpNU9yQlR6d3UwcDIzcE43OUdQMXowcTdtdFJJVVpYTEVNR0dqQ2xUdWFBRzh3MzdUclpydVRlcWMzcDVLUmhEaGNr?oc=5,targeted news query,Low,inference,"Sun, 26 Jul 2026"
"Geller Multi-Vintage I, LLC",SEC EDGAR full-text search,Unconfirmed,no affirmative family-office evidence found,,"C/O GELLER ALTERNATIVE MANAGER LLC, 909 THIRD AVENUE, NEW YORK, NY, 10022",,"Sun, 08 Jan 2023",fund,50,Rejected,Rule 2: no affirmative family-office evidence,,,,,,,,,,,,,,,,,,,,,,,,,,,,,,,,,,,,,,,,,,,,,,,,,(212) 583-6001,SEC EDGAR submissions CIK 0001592557,official SEC filing (business phone),High,fact,2015-01-14,Geller raises $65m for two PE funds - Citywire,https://news.google.com/rss/articles/CBMihgFBVV95cUxPTFVTdGpYR0w2c2hDZFQ3eDlqWGZhY3piUnBkcHB2M09SVU5sZFlHeS1SdzV4R3RUWlBVSjBMRlJrUFRfa3diTUtneDhZUncxZWpSanBLbGFyVXNHSUsxQ2F3YWphSTBrT1lvM1JSNmdqVjlzRXp0TXR3QXNXLThRV3dKU0ZaUQ?oc=5,targeted news query,Low,inference,"Sun, 08 Jan 2023"
DOLAN KATHLEEN MARGARET,SEC EDGAR full-text search,Unconfirmed,no affirmative family-office evidence found,,,,,,0,Rejected,Rule 2: no affirmative family-office evidence,,,,,,,,,,,,,,,,,,,,,,,,,,,,,,,,,,,,,,,,,,,,,,,,,,,,,,,,,,,,
AMC Networks Inc.,SEC EDGAR full-text search,Unconfirmed,no affirmative family-office evidence found,https://www.amcglobalmedia.com,"11 PENN PLAZA, NEW YORK, NY, 10001",https://www.linkedin.com/company/amc-global-media,"Thu, 23 Jul 2026",fund,60,Rejected,Rule 2: no affirmative family-office evidence,,,,,,,,,,,,,,,,,,,"AMC Global Media is the ultimate destination for premier storytelling, known for some of the most celebrated original content in television and film history.",https://www.amcglobalmedia.com,site homepage / meta description,Medium,fact,,,,,,,,,,,,,,,,,,,,,,,,,,(212) 324-8500,SEC EDGAR submissions CIK 0001514991,official SEC filing (business phone),High,fact,2026-06-22,Allspring Global Investments Holdings LLC Raises Holdings in AMC Networks Inc. $AMCX - MarketBeat,https://news.google.com/rss/articles/CBMi2wFBVV95cUxQck9oYUFDTmZPYTFhaTNJaXBlV0Z3MFVZM3hBdnZ3Ty1TZzNVdm11a3JJUmVlZDljRVJoRFN4U0RwSTZ3R3NZdGd5aDIwTVB0N2c1X1QxT1R4bFJ0by1xck56amhYZ2VsdzhVYmdKcnlhdmlQVlppbTZqVTExOFhUYmZVdURjX1RfVkxYcmtJZkV2al9aMmZFV1VIcVFwYXdpSzM5ZzB2RnA0VnBBNHV0Q2JTclAtd3pZbnVsemZPeUNiWW81WEo2czhFNnk1cTFqREs3T0JlbHNiU2c?oc=5,targeted news query,Low,inference,"Thu, 23 Jul 2026"
RYAN DOLAN 1989 TRUST,SEC EDGAR full-text search,Unconfirmed,no affirmative family-office evidence found,,"BAKER BOTTS L.L.P., 30 ROCKEFELLER PLAZA, NEW YORK, NY, 10112",,,,25,Rejected,Rule 2: no affirmative family-office evidence,,,,,,,,,,,,,,,,,,,,,,,,,,,,,,,,,,,,,,,,,,,,,,,,,512.322.2687,SEC EDGAR submissions CIK 0001505841,official SEC filing (business phone),High,fact,2023-04-21,,,,,,
TARA DOLAN 1989 TRUST,SEC EDGAR full-text search,Unconfirmed,no affirmative family-office evidence found,,"BAKER BOTTS L.L.P., 30 ROCKEFELLER PLAZA, NEW YORK, NY, 10112",,,,25,Rejected,Rule 2: no affirmative family-office evidence,,,,,,,,,,,,,,,,,,,,,,,,,,,,,,,,,,,,,,,,,,,,,,,,,512.322.2687,SEC EDGAR submissions CIK 0001505842,official SEC filing (business phone),High,fact,2023-04-21,,,,,,
CHARLES F. DOLAN CHILDREN TRUST FBO KATHLEEN M. DOLAN,SEC EDGAR full-text search,Unconfirmed,no affirmative family-office evidence found,,"BAKER BOTTS L.L.P., 30 ROCKEFELLER PLAZA, NEW YORK, NY, 10112",,,,25,Rejected,Rule 2: no affirmative family-office evidence,,,,,,,,,,,,,,,,,,,,,,,,,,,,,,,,,,,,,,,,,,,,,,,,,512.322.2687,SEC EDGAR submissions CIK 0001505843,official SEC filing (business phone),High,fact,2023-04-21,,,,,,
CHARLES F. DOLAN CHILDREN TRUST FBO DEBORAH DOLAN-SWEENEY,SEC EDGAR full-text search,Unconfirmed,no affirmative family-office evidence found,,"BAKER BOTTS L.L.P., 30 ROCKEFELLER PLAZA, NEW YORK, NY, 10112",,,,25,Rejected,Rule 2: no affirmative family-office evidence,,,,,,,,,,,,,,,,,,,,,,,,,,,,,,,,,,,,,,,,,,,,,,,,,512.322.2687,SEC EDGAR submissions CIK 0001505845,official SEC filing (business phone),High,fact,2026-02-24,,,,,,
CHARLES F. DOLAN CHILDREN TRUST FBO PATRICK F. DOLAN,SEC EDGAR full-text search,Unconfirmed,no affirmative family-office evidence found,,"DOLAN FAMILY OFFICE, 340 CROSSWAYS PARK DRIVE, WOODBURY, NY, 11797",,,,25,Rejected,Rule 2: no affirmative family-office evidence,,,,,,,,,,,,,,,,,,,,,,,,,,,,,,,,,,,,,,,,,,,,,,,,,5168039200,SEC EDGAR submissions CIK 0001505847,official SEC filing (business phone),High,fact,2016-09-13,,,,,,
CHARLES F. DOLAN CHILDREN TRUST FBO THOMAS C. DOLAN,SEC EDGAR full-text search,Unconfirmed,no affirmative family-office evidence found,,"BAKER BOTTS L.L.P., 30 ROCKEFELLER PLAZA, NEW YORK, NY, 10112",,,,25,Rejected,Rule 2: no affirmative family-office evidence,,,,,,,,,,,,,,,,,,,,,,,,,,,,,,,,,,,,,,,,,,,,,,,,,512.322.2687,SEC EDGAR submissions CIK 0001505848,official SEC filing (business phone),High,fact,2023-04-21,,,,,,
CHARLES F. DOLAN CHILDREN TRUST FBO MARIANNE DOLAN WEBER,SEC EDGAR full-text search,Unconfirmed,no affirmative family-office evidence found,,"BAKER BOTTS L.L.P., 30 ROCKEFELLER PLAZA, NEW YORK, NY, 10112",,,,25,Rejected,Rule 2: no affirmative family-office evidence,,,,,,,,,,,,,,,,,,,,,,,,,,,,,,,,,,,,,,,,,,,,,,,,,512.322.2687,SEC EDGAR submissions CIK 0001505849,official SEC filing (business phone),High,fact,2023-04-21,,,,,,
CHARLES F. DOLAN CHILDREN TRUST FBO JAMES L. DOLAN,SEC EDGAR full-text search,Unconfirmed,no affirmative family-office evidence found,,"BAKER BOTTS L.L.P., 30 ROCKEFELLER PLAZA, NEW YORK, NY, 10112",,,,25,Rejected,Rule 2: no affirmative family-office evidence,,,,,,,,,,,,,,,,,,,,,,,,,,,,,,,,,,,,,,,,,,,,,,,,,512.322.2687,SEC EDGAR submissions CIK 0001505850,official SEC filing (business phone),High,fact,2023-04-21,,,,,,
Hillman Solutions Corp.,SEC EDGAR full-text search,Unconfirmed,no affirmative family-office evidence found,,"1280 KEMPER MEADOW DR., CINCINNATI, OH, 45240",,"Thu, 23 Jul 2026",news,50,Rejected,Rule 2: no affirmative family-office evidence,,,,,,,,,,,,,,,,,,,"SEC-registered filer; industry: Cutlery, Handtools & General Hardware.",SEC EDGAR submissions CIK 0001822492,SEC entity record,High,fact,2026-07-22,,,,,,,,,,,,,,,,,,,,,,,,,513-851-4900,SEC EDGAR submissions CIK 0001822492,official SEC filing (business phone),High,fact,2026-07-22,"Hillman Solutions Corp. (HLMN) stock price, news, quote and history - Yahoo Finance UK",https://news.google.com/rss/articles/CBMiUkFVX3lxTFBCX0d2cFNiTnBCdDI5MzJIQ0Z1R1A1ZjRVaWtVS0EtYlN4Ni1oVVRTeUMzdHJoaGJkM3I5UXB6bml1bWJsNkQyeDdHN210RWtXMkE?oc=5,targeted news query,Low,inference,"Thu, 23 Jul 2026"
Fortis Inc.,SEC EDGAR full-text search,Unconfirmed,no affirmative family-office evidence found,https://www.fortisinc.com,"5 SPRINGDALE STREET, FORTIS PLACE, SUITE 1100, ST. JOHN'S, A4, A1B 3T2",,"Fri, 24 Jul 2026",news,50,Rejected,Rule 2: no affirmative family-office evidence,$77 billion,https://www.fortisinc.com,site copy near AUM/assets language (unverified),Low,inference,,,,,,,,,,,,,,Ten utility operations: One strong company,https://www.fortisinc.com,site homepage / meta description,Medium,fact,,,,,,,,,,,,,,,,,,,,,https://www.fortisinc.com,could not verify — no MX record for odata.type (undeliverable),,,2026-07-27,709 737-2800,SEC EDGAR submissions CIK 0001666175,official SEC filing (business phone),High,fact,2026-07-02,"Fortis Inc. stock rises Friday, outperforms market - MarketWatch",https://news.google.com/rss/articles/CBMirAFBVV95cUxNSDRRRk9UWDN3bldSeHNfVWhfc3dySEVBc3pMdWNYZzBDYjBXcWcxVml3VVNxcGNvN3lqckVGb01QRldEU2xvOHEwMHZHUm53MndJbmFzTTY4U0NremRDVlBGVWdRZTI5d0tCUEk2NDhHbkJmN05OX0kxbng5X2JHSWNNZzhYaEF3U1JNVnBjQmw2amVrcFlGRjB2MkdVR2U5ajhGVDB3YTI4UDlK?oc=5,targeted news query,Low,inference,"Fri, 24 Jul 2026"
BANK OF NOVA SCOTIA,SEC EDGAR full-text search,Unconfirmed,no affirmative family-office evidence found,https://www.scotiabank.com,"40 TEMPERANCE STREET, TORONTO, A6, M5H 0B4",,"Mon, 27 Jul 2026",news,50,Rejected,Rule 2: no affirmative family-office evidence,$57.22B (13F portfolio value),https://www.sec.gov/Archives/edgar/data/9631/000000963126000016/primary_doc.xml,"13F tableValueTotal — US-listed equities only, not full AUM",High,fact,2026-05-14,"We offer personal, business, and commercial banking, wealth management and private banking, corporate and investment banking, and capital markets, through our global team of approximately 90,000 Scotiabankers.",https://www.scotiabank.com,site copy (investing language),Low,inference,,,,,,,,"Scotiabank Global Site Skip to content Welcome to Scotiabank's global site We offer personal, business, and commercial banking, wealth management and private banking, corporate and investment banking, and capital markets, through our global team of approximately 90,000 Scotiabankers. Enter Scotiabank Canada Important Sites A-D Antigua & Barbuda See what Antigua & Barbuda has to offer Personal Bank",https://www.scotiabank.com,site homepage / meta description,Medium,fact,,,,,,,,"Vice President, Business Line Controller",https://www.sec.gov/Archives/edgar/data/9631/000000963126000016/primary_doc.xml,13F signature block,High,fact,2026-05-14,,,,,,,,,,,,,(416) 866-3672,SEC EDGAR submissions CIK 0000009631,official SEC filing (business phone),High,fact,2026-07-27,Chemed Corporation $CHE Shares Purchased by Bank of Nova Scotia - MarketBeat,https://news.google.com/rss/articles/CBMiwAFBVV95cUxQS0RGWm1aNFBNcEo0Q01JWFFHdXZxVU5lcFNpVE1mWjRfdkxYc1NpNFN4TnV0cjZOUFcwWjhPLVpoZ3dzaERfXzQ1aWl3LW82anZlRmRoV2tjQ2hLQlc1a3d3MmNEQ1hZVHRjTmhfamdVX05uX0R5bUF0eHcyLUNmX3ZGYTRNSW5Ebk9NVU9EZU1oc3d5UnU5RlBPTl9VQ3Y3SE04Qy1QdnhQTmlZRjRxbDJsWUFuWXM2c0JWb0xUQ3I?oc=5,targeted news query,Low,inference,"Mon, 27 Jul 2026"
TC ENERGY CORP,SEC EDGAR full-text search,Unconfirmed,no affirmative family-office evidence found,,"450 - 1ST STREET S.W., CALGARY ALBERTA, A0, T2P 5H1",,"Mon, 27 Jul 2026",news,50,Rejected,Rule 2: no affirmative family-office evidence,,,,,,,,,,,,,,,,,,,SEC-registered filer; industry: Natural Gas Transmission.,SEC EDGAR submissions CIK 0001232384,SEC entity record,High,fact,2026-07-10,,,,,,,,,,,,,,,,,,,,,,,,,4039202000,SEC EDGAR submissions CIK 0001232384,official SEC filing (business phone),High,fact,2026-07-10,TC Energy Could be Open to Return to B.C. LNG Pipeline Project as Global Gas Crunch Threatens - EnergyNow.com,https://news.google.com/rss/articles/CBMiwAFBVV95cUxNb3ZaVE5YekxXRjEyV3RCb0p5eGlzaVhSQXdFdl9NVGFTbkVvZTcybVZhbnhmWXpITHVtRjh3TE4wcXRsRXJIbUhZa2NYVFlYNERTdGpzbU9rcmlnbDd6d2gyc2lWTlpHbEoyNS1EZjFDSHVwb2NXbVB6OERUSjBZVXFxelU2U1pjZVFCdGRnWFRtcW4wWi1NZHBiTGxkQmM3aXR5aHRVWFAzVEY2Y05acVh1dmJwa1h5X3pJa1hEa0Y?oc=5,targeted news query,Low,inference,"Mon, 27 Jul 2026"
"TFO Purpose Fund, LP",SEC EDGAR full-text search,Unconfirmed,no affirmative family-office evidence found,,"C/O TURIM FAMILY OFFICE, RUA MAJOR RUBENS VAZ, 236, GAVEA, RIO DE JANEIRO, D5, 22470-070",,,,25,Rejected,Rule 2: no affirmative family-office evidence,,,,,,,,,,,,,,,,,,,,,,,,,,,,,,,,,,,,,,,,,,,,,,,,,552122598015,SEC EDGAR submissions CIK 0001807008,official SEC filing (business phone),High,fact,2021-05-13,,,,,,
"CBIZ, Inc.",SEC EDGAR full-text search,Unconfirmed,no affirmative family-office evidence found,,"5959 ROCKSIDE WOODS BLVD N., SUITE 600, INDEPENDENCE, OH, 44131",,"Fri, 24 Jul 2026",news,50,Rejected,Rule 2: no affirmative family-office evidence,,,,,,,,,,,,,,,,,,,"SEC-registered filer; industry: Services-Business Services, NEC.",SEC EDGAR submissions CIK 0000944148,SEC entity record,High,fact,2026-05-19,,,,,,,,,,,,,,,,,,,,,,,,,2164479000,SEC EDGAR submissions CIK 0000944148,official SEC filing (business phone),High,fact,2026-05-19,"CBIZ, Inc. Revenue Breakdown – NYSE:CBZ - TradingView",https://news.google.com/rss/articles/CBMic0FVX3lxTFA2bnNRT3lCTzVsR3BUX3UwZExRMy15Z1NtdnFpbkYyX1ZReTdDWWdqSjFFOUN1VVZlT3ZJaTJpR19xdGs0SnpWazkwWV8zb3ZrSFpjbmpaZklCbFd4MEhZVTJPYmhLcmhJaUVxSUo1dnQtaWs?oc=5,targeted news query,Low,inference,"Fri, 24 Jul 2026"
"Electronic Cigarettes International Group, Ltd.",SEC EDGAR full-text search,Unconfirmed,no affirmative family-office evidence found,,"14200 IRONWOOD DRIVE, GRAND RAPIDS, MI, 49534",,"Wed, 17 Aug 2016",fund,50,Rejected,Rule 2: no affirmative family-office evidence,,,,,,,,,,,,,,,,,,,SEC-registered filer; industry: Cigarettes.,SEC EDGAR submissions CIK 0001398702,SEC entity record,High,fact,2020-08-05,,,,,,,,,,,,,,,,,,,,,,,,,616-384-3272,SEC EDGAR submissions CIK 0001398702,official SEC filing (business phone),High,fact,2020-08-05,Electronic Cigarettes International Group Launches VIP Kiosk In South Africa - PR Newswire,https://news.google.com/rss/articles/CBMizAFBVV95cUxOVUdtbmZDcDBUOWVPdWhURlREdG1NU21XSXJJaVI5SFk4Z1FjNV8zbEFjS1k5V1dVNWhuQ3NsQzd1WElLZTZETERqU2JMQ1UzblhwQ0taSFI3R2tMNU1pTjdmTGcxeC1aR2dqdFVrT0k0TGlWSGRwcUpRT3ZWYmwxaFhTVkJRQ21GdGdrMWhrUS1uYjYzai05akEtTlpvZEw4WHZkMWhVb0d4RzE0V3dSXzYtQ3JhRTZDWHljQWJjX1V4QlpNb29iY0JuMDk?oc=5,targeted news query,Low,inference,"Wed, 17 Aug 2016"
"Alarm.com Holdings, Inc.",SEC EDGAR full-text search,Unconfirmed,no affirmative family-office evidence found,,"8281 GREENSBORO DRIVE, SUITE 100, TYSONS, VA, 22102",,"Thu, 23 Jul 2026",news,50,Rejected,Rule 2: no affirmative family-office evidence,,,,,,,,,,,,,,,,,,,SEC-registered filer; industry: Services-Prepackaged Software.,SEC EDGAR submissions CIK 0001459200,SEC entity record,High,fact,2026-07-02,,,,,,,,,,,,,,,,,,,,,,,,,877-389-4033,SEC EDGAR submissions CIK 0001459200,official SEC filing (business phone),High,fact,2026-07-02,"Alarm.com to Announce 2026 Second Quarter Results on August 6, 2026 - Yahoo Finance",https://news.google.com/rss/articles/CBMimwFBVV95cUxQSWVOOGF4RTlzVzlXYnd3eEM0aXJhTklPMXd0LUpmeUZTdVZialVPTVFVYl9wcDJzQnN5MVVocEo4RDNoelFNajIxcHJkaXRnVUNZM2UzdjRkb05VUTlhYjVMN00xYXc4VHkta25qQ1FxUGtmbV84c2JWclAtbkh5SVREOFU1bXg0aW9seUlJTy13TE5LWmN2dkNhcw?oc=5,targeted news query,Low,inference,"Thu, 23 Jul 2026"
"Cable One, Inc.",SEC EDGAR full-text search,Unconfirmed,no affirmative family-office evidence found,,"210 E. EARLL DRIVE, PHOENIX, AZ, 85012",,"Sat, 25 Jul 2026",news,50,Rejected,Rule 2: no affirmative family-office evidence,,,,,,,,,,,,,,,,,,,SEC-registered filer; industry: Cable & Other Pay Television Services.,SEC EDGAR submissions CIK 0001632127,SEC entity record,High,fact,2026-07-24,,,,,,,,,,,,,,,,,,,,,,,,,602-364-6000,SEC EDGAR submissions CIK 0001632127,official SEC filing (business phone),High,fact,2026-07-24,"Cable One, Inc. (CABO) stock price, news, quote and history - Yahoo Finance Singapore",https://news.google.com/rss/articles/CBMiUkFVX3lxTE9WZXFnWlRJX1NUeFJfX21CYXk3UElET0x3aXBVNndaQ2N3MjVSU2Q3dkFQRkVRbTdhX3RtbG9kZ2prVXpBUnZRZDVCTXRDS3RqZ3c?oc=5,targeted news query,Low,inference,"Sat, 25 Jul 2026"
Geller Select Alternatives LLC,SEC EDGAR full-text search,Unconfirmed,no affirmative family-office evidence found,,"101 PARK AVENUE, SUITE 3100, NEW YORK, NY, 10178",,"Sun, 08 Jan 2023",fund,50,Rejected,Rule 2: no affirmative family-office evidence,,,,,,,,,,,,,,,,,,,,,,,,,,,,,,,,,,,,,,,,,,,,,,,,,8884623033,SEC EDGAR submissions CIK 0001574527,official SEC filing (business phone),High,fact,2026-03-24,Geller raises $65m for two PE funds - Citywire,https://news.google.com/rss/articles/CBMihgFBVV95cUxPTFVTdGpYR0w2c2hDZFQ3eDlqWGZhY3piUnBkcHB2M09SVU5sZFlHeS1SdzV4R3RUWlBVSjBMRlJrUFRfa3diTUtneDhZUncxZWpSanBLbGFyVXNHSUsxQ2F3YWphSTBrT1lvM1JSNmdqVjlzRXp0TXR3QXNXLThRV3dKU0ZaUQ?oc=5,targeted news query,Low,inference,"Sun, 08 Jan 2023"
ROYAL BANK OF CANADA,SEC EDGAR full-text search,Unconfirmed,no affirmative family-office evidence found,https://rbc.com,"ROYAL BANK PLAZA, 200 BAY STREET, TORONTO, M5J 2J5",,"Mon, 27 Jul 2026",news,50,Rejected,Rule 2: no affirmative family-office evidence,$570.14B (13F portfolio value),https://www.sec.gov/Archives/edgar/data/1000275/000114036126021585/primary_doc.xml,"13F tableValueTotal — US-listed equities only, not full AUM",High,fact,2026-05-15,,,,,,,,,,,,,"SEC-registered filer; industry: Commercial Banks, NEC.",SEC EDGAR submissions CIK 0001000275,SEC entity record,High,fact,2026-07-27,,,,,,,"MD, Head of Regulatory Services",https://www.sec.gov/Archives/edgar/data/1000275/000114036126021585/primary_doc.xml,13F signature block,High,fact,2026-05-15,,,,,,,,,,,,,212-437-9267,SEC EDGAR submissions CIK 0001000275,official SEC filing (business phone),High,fact,2026-07-27,Royal Bank Of Canada Issues Positive Forecast for Digital Realty Trust (NYSE:DLR) Stock Price - MarketBeat,https://news.google.com/rss/articles/CBMi3AFBVV95cUxQZHhLYk5YdW1IaW82Y0tMdkpJdjlxdndaZHRaNGd3MERwbkJCQzZpRzdmRkRkd3dRN0xpdWJTSXdtVlNGVlpoMmt5TTdCYzA4S0l3bTVZVXZYZFEyMWtfTWRVdlpKNDhDNHNmbE5hZ0VGM1Z5U20zWVNUcHRzR0V3VW9HMlUyZDYtclFCMzJUWTV6YjNsYWtIWjFJSEc4Z3A2c3ZEVzU5T1RCZFRiV1BMTlZpVlktbU13SGo4VW55TzhzOW5YWk5DYVNPRzlsZ3J5RUZ0b2dkLWFhVGpo?oc=5,targeted news query,Low,inference,"Mon, 27 Jul 2026"
Wilshire Private Assets Master Fund,SEC EDGAR full-text search,Unconfirmed,no affirmative family-office evidence found,,"ONE FREEDOM VALLEY DRIVE, OAKS, PA, 19456",,"Wed, 14 May 2025",fund,50,Rejected,Rule 2: no affirmative family-office evidence,,,,,,,,,,,,,,,,,,,,,,,,,,,,,,,,,,,,,,,,,,,,,,,,,610-676-1000,SEC EDGAR submissions CIK 0001807333,official SEC filing (business phone),High,fact,2026-06-10,AAM Partners with Wilshire to Expand Distribution of the Wilshire Private Assets Fund - PR Newswire,https://news.google.com/rss/articles/CBMi2AFBVV95cUxOanV3bG9RcFJqdEhHTzljSndyemRMUHZ3NkRZYUdMMUdic2kxQWxnRWNoSDFoN0VCSDk4SEpSRWxyQlZIS203S3pZbkVLUFp1dTdpNXhWNXg1Nk5BVGR3bWRSRjJSa0ZJaWNtX0hqUEktckNMZEctaWxQdzN1ZW1kbGM5NlV6LVItLVN1MWxXT3l0V01BT0toUTR4Ulc2Q2IyNTh1bnYwQ1lXWVFpb1djZWo2MGk1MGMweWd3QXY5NTdBd0Z4NEZNb09tOWlhU0MtcnE3X01Ya1A?oc=5,targeted news query,Low,inference,"Wed, 14 May 2025"
Wilshire Offshore Alternative Yield Solutions Ltd.,SEC EDGAR full-text search,Unconfirmed,no affirmative family-office evidence found,,"1299 OCEAN AVENUE, SUITE 600, SANTA MONICA, CA, 90401",,,,25,Rejected,Rule 2: no affirmative family-office evidence,,,,,,,,,,,,,,,,,,,,,,,,,,,,,,,,,,,,,,,,,,,,,,,,,310-451-3051,SEC EDGAR submissions CIK 0002058496,official SEC filing (business phone),High,fact,2026-02-12,,,,,,
"Wilshire MNCPPC Employees' Retirement System Global, L.P.",SEC EDGAR full-text search,Unconfirmed,no affirmative family-office evidence found,,"1299 OCEAN AVENUE, SUITE 700, SANTA MONICA, CA, 90401-1085",,,,25,Rejected,Rule 2: no affirmative family-office evidence,,,,,,,,,,,,,,,,,,,,,,,,,,,,,,,,,,,,,,,,,,,,,,,,,(310) 451-3051,SEC EDGAR submissions CIK 0001566929,official SEC filing (business phone),High,fact,2026-02-12,,,,,,
"Wilshire Private Markets Real Estate Family Office Fund I, L.P.",SEC EDGAR full-text search,Unconfirmed,no affirmative family-office evidence found,,"1299 OCEAN AVENUE, SUITE 700, SANTA MONICA, CA, 90401-1085",,,,25,Rejected,Rule 2: no affirmative family-office evidence,,,,,,,,,,,,,,,,,,,,,,,,,,,,,,,,,,,,,,,,,,,,,,,,,(310) 451-3051,SEC EDGAR submissions CIK 0001581864,official SEC filing (business phone),High,fact,2026-02-12,,,,,,
"Wilshire Global Private Markets Fund IX, L.P.",SEC EDGAR full-text search,Unconfirmed,no affirmative family-office evidence found,,"1299 OCEAN AVENUE, SUITE 700, SANTA MONICA, CA, 90401",,,,25,Rejected,Rule 2: no affirmative family-office evidence,,,,,,,,,,,,,,,,,,,,,,,,,,,,,,,,,,,,,,,,,,,,,,,,,310-451-3051,SEC EDGAR submissions CIK 0001601652,official SEC filing (business phone),High,fact,2026-02-12,,,,,,
Wilshire Advisors LLC,SEC EDGAR full-text search,Unconfirmed,no affirmative family-office evidence found,,"1299 OCEAN AVENUE, SUITE 600, SANTA MONICA, CA, 90401",,"Mon, 16 Mar 2026",news,50,Rejected,Rule 2: no affirmative family-office evidence,$10.34B (13F portfolio value),https://www.sec.gov/Archives/edgar/data/1616628/000117266126002805/primary_doc.xml,"13F tableValueTotal — US-listed equities only, not full AUM",High,fact,2026-07-27,,,,,,,,,,,,,,,,,,,,,,,,,Chief Compliance Officer,https://www.sec.gov/Archives/edgar/data/1616628/000117266126002805/primary_doc.xml,13F signature block,High,fact,2026-07-27,,,,,,,,,,,,,310-451-3051,SEC EDGAR submissions CIK 0001616628,official SEC filing (business phone),High,fact,2026-07-27,Wilshire 5000 Index Sold After Provider Closes - planadviser,https://news.google.com/rss/articles/CBMigAFBVV95cUxPNDBjZHI5YkNDVjdib2hPZ01QTl9uc0h5LWxwTWxUdEZ4QW1zZkczRlNYRDE1dmRTRlpEOEIxNTBhSDI0c0pHVk0xMmpmWGhSa0s4bEFsRkFtZEN4Nm94cG0yUnZmekRKTWlEMHBZNzFVRzZIdGw5YUNHMXZRelR1VQ?oc=5,targeted news query,Low,inference,"Mon, 16 Mar 2026"
"BVK Europe Opportunities Fund I, L.P.",SEC EDGAR full-text search,Unconfirmed,no affirmative family-office evidence found,,"C/O WILSHIRE ASSOCIATES INCORPORATED, 1299 OCEAN AVENUE, SUITE 700, SANTA MONICA, CA, 90401-1085",,,,25,Rejected,Rule 2: no affirmative family-office evidence,,,,,,,,,,,,,,,,,,,,,,,,,,,,,,,,,,,,,,,,,,,,,,,,,310-451-3051,SEC EDGAR submissions CIK 0001631938,official SEC filing (business phone),High,fact,2026-02-12,,,,,,
"Summit Hill Real Assets Fund, L.P.",SEC EDGAR full-text search,Unconfirmed,no affirmative family-office evidence found,,"1299 OCEAN AVENUE, SUITE 700, SANTA MONICA, CA, 90401",,,,25,Rejected,Rule 2: no affirmative family-office evidence,,,,,,,,,,,,,,,,,,,,,,,,,,,,,,,,,,,,,,,,,,,,,,,,,3104513051,SEC EDGAR submissions CIK 0001772586,official SEC filing (business phone),High,fact,2026-02-12,,,,,,
"Summit Hill Credit Fund, L.P.",SEC EDGAR full-text search,Unconfirmed,no affirmative family-office evidence found,,"1299 OCEAN AVENUE, SUITE 700, SANTA MONICA, CA, 90401",,,,25,Rejected,Rule 2: no affirmative family-office evidence,,,,,,,,,,,,,,,,,,,,,,,,,,,,,,,,,,,,,,,,,,,,,,,,,3104513051,SEC EDGAR submissions CIK 0001772600,official SEC filing (business phone),High,fact,2026-02-12,,,,,,
"Wilshire Private Markets Family Office Fund IV, L.P.",SEC EDGAR full-text search,Unconfirmed,no affirmative family-office evidence found,,"1299 OCEAN AVENUE, SUITE 700, SANTA MONICA, CA, 90401",,,,25,Rejected,Rule 2: no affirmative family-office evidence,,,,,,,,,,,,,,,,,,,,,,,,,,,,,,,,,,,,,,,,,,,,,,,,,310-451-3051,SEC EDGAR submissions CIK 0001784999,official SEC filing (business phone),High,fact,2026-02-12,,,,,,
"Wilshire Private Equity Annual Fund Series, L.P.",SEC EDGAR full-text search,Unconfirmed,no affirmative family-office evidence found,,"1299 OCEAN AVE, SUITE 700, SANTA MONICA, CA, 90401-1085",,,,25,Rejected,Rule 2: no affirmative family-office evidence,,,,,,,,,,,,,,,,,,,,,,,,,,,,,,,,,,,,,,,,,,,,,,,,,3104513051,SEC EDGAR submissions CIK 0001806443,official SEC filing (business phone),High,fact,2026-02-12,,,,,,
Vincentian Family Office,ProPublica Nonprofit Explorer (Form 990),Unconfirmed,no affirmative family-office evidence found,,"Philadelphia, PA",,"Tue, 10 Jan 2017",news,25,Rejected,Rule 2: no affirmative family-office evidence,,,,,,,,,,,,,,,,,,,,,,,,,,,,,,,,,,,,,,,,,,,,,,,,,,,,,,,"In Germantown, Vincentians worldwide plan global service to the poor - CatholicPhilly",https://news.google.com/rss/articles/CBMiuwFBVV95cUxOS0N6WmM0Q1ZWQURpeFdZa25pOGV4aDh0NlRuc2NGb2x6c2NoTHdNOTRPVF91M1RsWWpkcVYzeVlrQXV6NHNJN3JJUWd3dlh4b0xrLU9wWlBnLXpkYmZCSW56RkoySjhwU3RjUDdsRW16NXdTeHdFOWhqdm1scXk3Tm00eDlKY0pKWW1tUTh4X3NrR0syRHdfQWpvVTZFSFYweXRVSEJCd2N2ai10aXZXT29PdGE3aDJOeC1j?oc=5,targeted news query,Low,inference,"Tue, 10 Jan 2017"
Family Office Principles Inc,ProPublica Nonprofit Explorer (Form 990),Unconfirmed,no affirmative family-office evidence found,,"Mamaroneck, NY",,,,0,Rejected,Rule 2: no affirmative family-office evidence,,,,,,,,,,,,,,,,,,,,,,,,,,,,,,,,,,,,,,,,,,,,,,,,,,,,,,,,,,,,
Family Office University Network,ProPublica Nonprofit Explorer (Form 990),Unconfirmed,no affirmative family-office evidence found,,"Seattle, WA",,,,0,Rejected,Rule 2: no affirmative family-office evidence,,,,,,,,,,,,,,,,,,,,,,,,,,,,,,,,,,,,,,,,,,,,,,,,,,,,,,,,,,,,
Family Office Foundation Incorporated,ProPublica Nonprofit Explorer (Form 990),Unconfirmed,no affirmative family-office evidence found,,"Newport Beach, CA",,,,0,Rejected,Rule 2: no affirmative family-office evidence,,,,,,,,,,,,,,,,,,,,,,,,,,,,,,,,,,,,,,,,,,,,,,,,,,,,,,,,,,,,
Arington Family Office Foundation,ProPublica Nonprofit Explorer (Form 990),Unconfirmed,no affirmative family-office evidence found,,"Mason, OH",,,,0,Rejected,Rule 2: no affirmative family-office evidence,,,,,,,,,,,,,,,,,,,,,,,,,,,,,,,,,,,,,,,,,,,,,,,,,,,,,,,,,,,,
Family Business Office Center,ProPublica Nonprofit Explorer (Form 990),Unconfirmed,no affirmative family-office evidence found,,"Knoxville, TN",,,,0,Rejected,Rule 2: no affirmative family-office evidence,,,,,,,,,,,,,,,,,,,,,,,,,,,,,,,,,,,,,,,,,,,,,,,,,,,,,,,,,,,,
Family Office Bioforum Inc,ProPublica Nonprofit Explorer (Form 990),Unconfirmed,no affirmative family-office evidence found,,"Boston, MA",,,,0,Rejected,Rule 2: no affirmative family-office evidence,,,,,,,,,,,,,,,,,,,,,,,,,,,,,,,,,,,,,,,,,,,,,,,,,,,,,,,,,,,,
Midwest Family Office Forum,ProPublica Nonprofit Explorer (Form 990),Unconfirmed,no affirmative family-office evidence found,,"Chicago, IL",,,,0,Rejected,Rule 2: no affirmative family-office evidence,,,,,,,,,,,,,,,,,,,,,,,,,,,,,,,,,,,,,,,,,,,,,,,,,,,,,,,,,,,,
Family Office Legacy Inc,ProPublica Nonprofit Explorer (Form 990),Unconfirmed,no affirmative family-office evidence found,,"Chandler, AZ",,,,0,Rejected,Rule 2: no affirmative family-office evidence,,,,,,,,,,,,,,,,,,,,,,,,,,,,,,,,,,,,,,,,,,,,,,,,,,,,,,,,,,,,
Prestige Family Office University,ProPublica Nonprofit Explorer (Form 990),Unconfirmed,no affirmative family-office evidence found,,"Chalfont, PA",,,,0,Rejected,Rule 2: no affirmative family-office evidence,,,,,,,,,,,,,,,,,,,,,,,,,,,,,,,,,,,,,,,,,,,,,,,,,,,,,,,,,,,,
Carolinas Family Office Forum Inc,ProPublica Nonprofit Explorer (Form 990),Unconfirmed,no affirmative family-office evidence found,,"Chapel Hill, NC",,,,0,Rejected,Rule 2: no affirmative family-office evidence,,,,,,,,,,,,,,,,,,,,,,,,,,,,,,,,,,,,,,,,,,,,,,,,,,,,,,,,,,,,
Florida Family Office Forum Inc,ProPublica Nonprofit Explorer (Form 990),Unconfirmed,no affirmative family-office evidence found,,"Palm Beach, FL",,,,0,Rejected,Rule 2: no affirmative family-office evidence,,,,,,,,,,,,,,,,,,,,,,,,,,,,,,,,,,,,,,,,,,,,,,,,,,,,,,,,,,,,
Family Office Round Table - Denver,ProPublica Nonprofit Explorer (Form 990),Unconfirmed,no affirmative family-office evidence found,,"Denver, CO",,,,0,Rejected,Rule 2: no affirmative family-office evidence,,,,,,,,,,,,,,,,,,,,,,,,,,,,,,,,,,,,,,,,,,,,,,,,,,,,,,,,,,,,
Family Office Principals Group 2 Inc,ProPublica Nonprofit Explorer (Form 990),Unconfirmed,no affirmative family-office evidence found,,"Fort Worth, TX",,,,0,Rejected,Rule 2: no affirmative family-office evidence,,,,,,,,,,,,,,,,,,,,,,,,,,,,,,,,,,,,,,,,,,,,,,,,,,,,,,,,,,,,
Family Offices Consortia Fund Inc,ProPublica Nonprofit Explorer (Form 990),Unconfirmed,no affirmative family-office evidence found,,"Cartersville, GA",,,,0,Rejected,Rule 2: no affirmative family-office evidence,,,,,,,,,,,,,,,,,,,,,,,,,,,,,,,,,,,,,,,,,,,,,,,,,,,,,,,,,,,,
Summ Foundation C/o Pkfod Family Office,ProPublica Nonprofit Explorer (Form 990),Unconfirmed,no affirmative family-office evidence found,,"Harrison, NY",,,,0,Rejected,Rule 2: no affirmative family-office evidence,,,,,,,,,,,,,,,,,,,,,,,,,,,,,,,,,,,,,,,,,,,,,,,,,,,,,,,,,,,,
The David D'addario Family Foundation Inc C/o D'addario Family Office Llc,ProPublica Nonprofit Explorer (Form 990),Unconfirmed,no affirmative family-office evidence found,,"Fort Lauderdale, FL",,,,0,Rejected,Rule 2: no affirmative family-office evidence,,,,,,,,,,,,,,,,,,,,,,,,,,,,,,,,,,,,,,,,,,,,,,,,,,,,,,,,,,,,
Al-anon Family Groups Office Of Southern California Inc,ProPublica Nonprofit Explorer (Form 990),Unconfirmed,no affirmative family-office evidence found,,"Glendale, CA",,,,0,Rejected,Rule 2: no affirmative family-office evidence,,,,,,,,,,,,,,,,,,,,,,,,,,,,,,,,,,,,,,,,,,,,,,,,,,,,,,,,,,,,
Uniformed Fire Officers Family Protection Plan,ProPublica Nonprofit Explorer (Form 990),Unconfirmed,no affirmative family-office evidence found,,"New York, NY",,,,0,Rejected,Rule 2: no affirmative family-office evidence,,,,,,,,,,,,,,,,,,,,,,,,,,,,,,,,,,,,,,,,,,,,,,,,,,,,,,,,,,,,
Al-anon Family Groups Office Of San Diego County Inc,ProPublica Nonprofit Explorer (Form 990),Unconfirmed,no affirmative family-office evidence found,,"San Diego, CA",,,,0,Rejected,Rule 2: no affirmative family-office evidence,,,,,,,,,,,,,,,,,,,,,,,,,,,,,,,,,,,,,,,,,,,,,,,,,,,,,,,,,,,,
Mill Town Community Trust Inc C/o Pathstone Family Office,ProPublica Nonprofit Explorer (Form 990),Unconfirmed,no affirmative family-office evidence found,,"Providence, RI",,,,0,Rejected,Rule 2: no affirmative family-office evidence,,,,,,,,,,,,,,,,,,,,,,,,,,,,,,,,,,,,,,,,,,,,,,,,,,,,,,,,,,,,
Uniformed Fire Officers Assoc Family Protection Plan,ProPublica Nonprofit Explorer (Form 990),Unconfirmed,no affirmative family-office evidence found,,"Yonkers, NY",,,,0,Rejected,Rule 2: no affirmative family-office evidence,,,,,,,,,,,,,,,,,,,,,,,,,,,,,,,,,,,,,,,,,,,,,,,,,,,,,,,,,,,,
Bridge & Tunnel Officers Benevolent Assoc Family Protection Plan,ProPublica Nonprofit Explorer (Form 990),Unconfirmed,no affirmative family-office evidence found,,"Massapequa, NY",,,,0,Rejected,Rule 2: no affirmative family-office evidence,,,,,,,,,,,,,,,,,,,,,,,,,,,,,,,,,,,,,,,,,,,,,,,,,,,,,,,,,,,,
Uniformed Fire Officers Association Family Protection Plan Local 854 I,ProPublica Nonprofit Explorer (Form 990),Unconfirmed,no affirmative family-office evidence found,,"New York, NY",,,,0,Rejected,Rule 2: no affirmative family-office evidence,,,,,,,,,,,,,,,,,,,,,,,,,,,,,,,,,,,,,,,,,,,,,,,,,,,,,,,,,,,,
Wolstencroft Family Foundation,ProPublica Nonprofit Explorer (Form 990),Unconfirmed,no affirmative family-office evidence found,,"Edison, NJ",,,,0,Rejected,Rule 2: no affirmative family-office evidence,,,,,,,,,,,,,,,,,,,,,,,,,,,,,,,,,,,,,,,,,,,,,,,,,,,,,,,,,,,,
Schlessman Foundation Inc,ProPublica Nonprofit Explorer (Form 990),Unconfirmed,no affirmative family-office evidence found,,"Denver, CO",,,,0,Rejected,Rule 2: no affirmative family-office evidence,,,,,,,,,,,,,,,,,,,,,,,,,,,,,,,,,,,,,,,,,,,,,,,,,,,,,,,,,,,,
Child & Family Services Of Michigan,ProPublica Nonprofit Explorer (Form 990),Unconfirmed,no affirmative family-office evidence found,,"Lansing, MI",,,,0,Rejected,Rule 2: no affirmative family-office evidence,,,,,,,,,,,,,,,,,,,,,,,,,,,,,,,,,,,,,,,,,,,,,,,,,,,,,,,,,,,,
One Place Family Justice Center,ProPublica Nonprofit Explorer (Form 990),Unconfirmed,no affirmative family-office evidence found,,"Montgomery, AL",,"Thu, 23 Jul 2026",news,25,Rejected,Rule 2: no affirmative family-office evidence,,,,,,,,,,,,,,,,,,,,,,,,,,,,,,,,,,,,,,,,,,,,,,,,,,,,,,,One Place Family Justice expands services awareness - Luverne Journal,https://news.google.com/rss/articles/CBMiqgFBVV95cUxOTHlyVGtpaHJScmxNREVVLThFVGRGRU1FQzNYenVpSC0zYmE1a19oRDJnNXI1bGxEVVVlaGFlMmktLW45U3d4RE5ucElGSFNVcmc4U29YQjNWUldtX1J1c0IzQklOYVV6WV94T2NvTV9Xa2xvSnktSzJ3TmU3N3dIVjQtMTlyT3Bwd2JLa05zYW9wamZLQllBNTRiejczLXRrS2I1SC10YVVlUQ?oc=5,targeted news query,Low,inference,"Thu, 23 Jul 2026"
Milwaukee Archdiocesan Office For World Mission,ProPublica Nonprofit Explorer (Form 990),Unconfirmed,no affirmative family-office evidence found,,"Elm Grove, WI",,,,0,Rejected,Rule 2: no affirmative family-office evidence,,,,,,,,,,,,,,,,,,,,,,,,,,,,,,,,,,,,,,,,,,,,,,,,,,,,,,,,,,,,
Family Motor Coach Association,ProPublica Nonprofit Explorer (Form 990),Unconfirmed,no affirmative family-office evidence found,,"Longwood, FL",,"Wed, 29 Oct 2025",news,25,Rejected,Rule 2: no affirmative family-office evidence,,,,,,,,,,,,,,,,,,,,,,,,,,,,,,,,,,,,,,,,,,,,,,,,,,,,,,,Family RV Association Announces New Executive Director - RVBusiness,https://news.google.com/rss/articles/CBMihAFBVV95cUxPSlpSZElSdW9JSlphT0JFaTJjenlXMzA5Sk1oMmJJWlFjX2pCRFhrQl9rWjFGZXNzSUNnSXpEZXhEUjdRUThuWG5fVkdkTG1tV2phSDR5QUxXZnNzNEt0UExmdWpibGItd2VWN3RYTlFrZXNFQlhUMV9pVEhnYUFzY2FydGI?oc=5,targeted news query,Low,inference,"Wed, 29 Oct 2025"
Al Anon Family Groups Of Detroit Area,ProPublica Nonprofit Explorer (Form 990),Unconfirmed,no affirmative family-office evidence found,,"Farmingtn Hls, MI",,,,0,Rejected,Rule 2: no affirmative family-office evidence,,,,,,,,,,,,,,,,,,,,,,,,,,,,,,,,,,,,,,,,,,,,,,,,,,,,,,,,,,,,
Civil Service Employees Association,ProPublica Nonprofit Explorer (Form 990),Unconfirmed,no affirmative family-office evidence found,,"Albany, NY",,"Mon, 06 Jul 2026",news,25,Rejected,Rule 2: no affirmative family-office evidence,,,,,,,,,,,,,,,,,,,,,,,,,,,,,,,,,,,,,,,,,,,,,,,,,,,,,,,“This Agreement Delivers Meaningful Wage Increases And Helps Address Affordability Challenges Working People Are Facing” - The Civil Service Employees Association & New York State Reach A Five-Year Tentative Contract Agreement - WNY Labor Today,https://news.google.com/rss/articles/CBMiowNBVV95cUxPbWhOUmhiTXlzOV9CeEJXVkJsQ2ZHckE2QUFlOWNmeVlZbVRMVFlkMGUtaE1RcTBDeWZzN3NEVWdCMjIyUHR2X1NjSUpyZnB5RW9URG5xdkxMbERHOXpTLTJjdjB6emlLWmltaFYzaW4yak84VXJuQnFzMWszTGwzSWtyamFVUkRSai1EQVpqSHdKeUVfcVBVZk11SkNwOUJFcTZmekc1MTZBeUZseWNFVk1uMUR5ekM0T0hqZlJBc1d1NDFqRFc5Qkh4T2VCS3FoRXRQQ2U0VGJpUmJTUnVCbFNoWl9TTkNfNGVJNEpzdUQ2bmYxdUFVQ1N4QUszR1FiNk8zSTdaeWV5a3RTdE5XTW16YVpqSXF6WlFPZS1xbjFWWF9OekpaOEo1aVdBeHdRNnBOajJ1QXptWFY0SDJLbE9xSzhGZUo4eHhVVzl6Qm5hdkRRSXFfSW4tNHI4Y1lsbWpJUWNNZ2YxSXY5Y3lJU1F4UHNmdXZZdUF5UDhJWFJvZk5uRFJWZ2tEaE1ma3FpaFFKMUlmMXNWU3dGZ0lFVm5KSQ?oc=5,targeted news query,Low,inference,"Mon, 06 Jul 2026"
Family Foundation,ProPublica Nonprofit Explorer (Form 990),Unconfirmed,no affirmative family-office evidence found,,"Richmond, VA",,"Mon, 27 Jul 2026",news,25,Rejected,Rule 2: no affirmative family-office evidence,,,,,,,,,,,,,,,,,,,,,,,,,,,,,,,,,,,,,,,,,,,,,,,,,,,,,,,"The Monday Interview: Tony Ford on K3, the Ford Family Foundation and why he loves social enterprise - TheBusinessDesk.com",https://news.google.com/rss/articles/CBMi6AFBVV95cUxOUkhyVExVX1Q5T2I4N01GRVNJX3N6MTBiM1pTVW1SYmFnSmk3TGZRd2Itc3lGWndYMjNPcXZDUkVUdnUwWFVlREF3Z0tUOHN4ZWFWRWxLb3lXVEMwdkFFUkVPYzZ0bDd2RnltdVVhTXBXQ18wM1d5dmh3cjdydzlhcE9Nc0tDajdpUzV0cDdKbHpmcFY5LVZ2LTJzN05kRnFXWWU0RUEycXFRNTFvVVlLdjU4Qkg5LXkzSHphTXM1WVhPWElxTThMdi1lN0x4SUJ3dXJpRWMtRHFfZ2tGZlFKczBvNjBkblVu?oc=5,targeted news query,Low,inference,"Mon, 27 Jul 2026"
Family To Family Foundation,ProPublica Nonprofit Explorer (Form 990),Unconfirmed,no affirmative family-office evidence found,,"Phoenix, AZ",,,,0,Rejected,Rule 2: no affirmative family-office evidence,,,,,,,,,,,,,,,,,,,,,,,,,,,,,,,,,,,,,,,,,,,,,,,,,,,,,,,,,,,,
Family Foundations Cooperative,ProPublica Nonprofit Explorer (Form 990),Unconfirmed,no affirmative family-office evidence found,,"Las Vegas, NV",,,,0,Rejected,Rule 2: no affirmative family-office evidence,,,,,,,,,,,,,,,,,,,,,,,,,,,,,,,,,,,,,,,,,,,,,,,,,,,,,,,,,,,,
The Mcguire Family Family Foundation,ProPublica Nonprofit Explorer (Form 990),Unconfirmed,no affirmative family-office evidence found,,"Weston, MA",,,,0,Rejected,Rule 2: no affirmative family-office evidence,,,,,,,,,,,,,,,,,,,,,,,,,,,,,,,,,,,,,,,,,,,,,,,,,,,,,,,,,,,,
My Family The Family Foundation,ProPublica Nonprofit Explorer (Form 990),Unconfirmed,no affirmative family-office evidence found,,"Orange, TX",,,,0,Rejected,Rule 2: no affirmative family-office evidence,,,,,,,,,,,,,,,,,,,,,,,,,,,,,,,,,,,,,,,,,,,,,,,,,,,,,,,,,,,,
Rjs Family Foundation,ProPublica Nonprofit Explorer (Form 990),Unconfirmed,no affirmative family-office evidence found,,"Prairie Vlg, KS",,,,0,Rejected,Rule 2: no affirmative family-office evidence,,,,,,,,,,,,,,,,,,,,,,,,,,,,,,,,,,,,,,,,,,,,,,,,,,,,,,,,,,,,
Havner Family Foundation,ProPublica Nonprofit Explorer (Form 990),Unconfirmed,no affirmative family-office evidence found,,"Park City, UT",,,,0,Rejected,Rule 2: no affirmative family-office evidence,,,,,,,,,,,,,,,,,,,,,,,,,,,,,,,,,,,,,,,,,,,,,,,,,,,,,,,,,,,,
Family Gifting Foundation,ProPublica Nonprofit Explorer (Form 990),Unconfirmed,no affirmative family-office evidence found,,"Grapevine, TX",,,,0,Rejected,Rule 2: no affirmative family-office evidence,,,,,,,,,,,,,,,,,,,,,,,,,,,,,,,,,,,,,,,,,,,,,,,,,,,,,,,,,,,,
Footprints Family Foundation,ProPublica Nonprofit Explorer (Form 990),Unconfirmed,no affirmative family-office evidence found,,"Windsor, MA",,,,0,Rejected,Rule 2: no affirmative family-office evidence,,,,,,,,,,,,,,,,,,,,,,,,,,,,,,,,,,,,,,,,,,,,,,,,,,,,,,,,,,,,
Mock Family Foundation,ProPublica Nonprofit Explorer (Form 990),Unconfirmed,no affirmative family-office evidence found,,"Collegeville, PA",,,,0,Rejected,Rule 2: no affirmative family-office evidence,,,,,,,,,,,,,,,,,,,,,,,,,,,,,,,,,,,,,,,,,,,,,,,,,,,,,,,,,,,,
Wright Family Foundation,ProPublica Nonprofit Explorer (Form 990),Unconfirmed,no affirmative family-office evidence found,,"Washington, DC",,"Wed, 15 Oct 2025",news,25,Rejected,Rule 2: no affirmative family-office evidence,,,,,,,,,,,,,,,,,,,,,,,,,,,,,,,,,,,,,,,,,,,,,,,,,,,,,,,Wright Family Foundation renews partnership with WCF - Warriors,https://news.google.com/rss/articles/CBMilAFBVV95cUxPaG5UTkkzS3JFNVFpRDJva0lhcUNfYnhrT196TDBmTllVRmpOOXN5U0tpSFk0amFlUk1KVmVNR0ZtTXM1cklaZWhQcXVTU0JMTmlGeXg0T1c5ZDRBbjZPbmxzZjBzR2hTZ2twQXhXMFJQU09RYnlieWJmbUd6YkdrMERoZnFibU1iX0tJbHFueVhsWWh3?oc=5,targeted news query,Low,inference,"Wed, 15 Oct 2025"
Family Foundations Services,ProPublica Nonprofit Explorer (Form 990),Unconfirmed,no affirmative family-office evidence found,,"Payette, ID",,,,0,Rejected,Rule 2: no affirmative family-office evidence,,,,,,,,,,,,,,,,,,,,,,,,,,,,,,,,,,,,,,,,,,,,,,,,,,,,,,,,,,,,
Ted Family Foundation,ProPublica Nonprofit Explorer (Form 990),Unconfirmed,no affirmative family-office evidence found,,"Chicago, IL",,,,0,Rejected,Rule 2: no affirmative family-office evidence,,,,,,,,,,,,,,,,,,,,,,,,,,,,,,,,,,,,,,,,,,,,,,,,,,,,,,,,,,,,
Buuck Family Foundation,ProPublica Nonprofit Explorer (Form 990),Unconfirmed,no affirmative family-office evidence found,,"Scottsdale, AZ",,"Sun, 12 Jan 2025",news,25,Rejected,Rule 2: no affirmative family-office evidence,,,,,,,,,,,,,,,,,,,,,,,,,,,,,,,,,,,,,,,,,,,,,,,,,,,,,,,Robert Enno Buuck - Star Tribune,https://news.google.com/rss/articles/CBMidkFVX3lxTE44RWhZRGtKXzY3cHBCaDBReHpaU1dnY3Z4aDFpYUJLVlRoNFpVZ0EzeFRrQjktR19lT2tNeUltUTV2bWdOelE3cF9Qa3Q4NFRSSVZOdFRLcHNmWHU5RGJuYzNBNkZUM0dfb19obFFiWktlTmNJbEE?oc=5,targeted news query,Low,inference,"Sun, 12 Jan 2025"
Patterson Family Foundation,ProPublica Nonprofit Explorer (Form 990),Unconfirmed,no affirmative family-office evidence found,,"Kansas City, MO",,"Tue, 21 Jul 2026",news,25,Rejected,Rule 2: no affirmative family-office evidence,,,,,,,,,,,,,,,,,,,,,,,,,,,,,,,,,,,,,,,,,,,,,,,,,,,,,,,Adult Education receives Patterson Family Foundation Grant - The Sabetha Herald,https://news.google.com/rss/articles/CBMiogFBVV95cUxNRlpTTk5CMkhhbFBfZE9ZMTZXRnhUcDBBUUJSLXBiWlhwb1Nyc0ZEYmEyeTVsWFpFZGlYZ2JacUxBREhRN1Z3WkdZQ08zUUUxa2l2TlVWbVp4QlVXMTkzN1JfeDFxYkJhemZYaHFWQ3NzV2ZlMU9jbnBSbWpDTUpBOGpDVlZwUmEzRDJhVUZpcU9EVTRhNzlxU1RSM3dXNXVOVkE?oc=5,targeted news query,Low,inference,"Tue, 21 Jul 2026"
Bezos Family Foundation,ProPublica Nonprofit Explorer (Form 990),Unconfirmed,no affirmative family-office evidence found,,"Seattle, WA",,"Mon, 13 Jul 2026",news,25,Rejected,Rule 2: no affirmative family-office evidence,,,,,,,,,,,,,,,,,,,,,,,,,,,,,,,,,,,,,,,,,,,,,,,,,,,,,,,Learning Accelerates When Students Join the Feedback Loop - Bezos Family Foundation,https://news.google.com/rss/articles/CBMipAFBVV95cUxObFMwYWRhWEFYam9QaENsamJDQkNtSmtXRHVlMk1ZQXNlb1dqYlFTeDNua2RnQ3Rod0JvU0t0UEJDQUdDM2laWV9FZmN3SEltRmswQWpjUW5UQUxROVpPSlkxaS1XTFEzdnQxUUZJdTYyNEtVa3ZZUS1oWjFNV1ozSkRFLTB6QXdaTEV5bnZkd2V6ZlBEY0lzeHZIT2xfSG5vOHVNQQ?oc=5,targeted news query,Low,inference,"Mon, 13 Jul 2026"
Argyros Family Foundation,ProPublica Nonprofit Explorer (Form 990),Unconfirmed,no affirmative family-office evidence found,,"Costa Mesa, CA",,"Mon, 27 Jul 2026",news,25,Rejected,Rule 2: no affirmative family-office evidence,,,,,,,,,,,,,,,,,,,,,,,,,,,,,,,,,,,,,,,,,,,,,,,,,,,,,,,"George Argyros, Julianne Argyros, Stephanie Argyros & Lisa Argyros - Orange County Business Journal",https://news.google.com/rss/articles/CBMiuwFBVV95cUxPOXdmU041U2NFenBoZjNmQmp3b1Z1MVJsMWpqNE9lMFZHYlpYajZXbjNRTzJqZ19RNVVaM1lNUzVVQVlfU0hJMkhBZDJ2Q0hFN0dYNnhvRnZZdkdNVTdfak5Udi1DZ042d01uVDFyODFYR0tDYmRlVFZrTFZ2OV94OHpQQVZZNHBVQnFkQ21sRXBHY3phSDRIMl9NSmdXbEIwbVdvbmFkczNoU0NjS2x3VU9XWDZ5OHpBdWt3?oc=5,targeted news query,Low,inference,"Mon, 27 Jul 2026"
Cinelli Family Foundation,ProPublica Nonprofit Explorer (Form 990),Unconfirmed,no affirmative family-office evidence found,,"Lawrence, KS",,"Sun, 05 Nov 2023",news,25,Rejected,Rule 2: no affirmative family-office evidence,,,,,,,,,,,,,,,,,,,,,,,,,,,,,,,,,,,,,,,,,,,,,,,,,,,,,,,"Albert Cinelli Obituary - Kansas City, MO - Dignity Memorial",https://news.google.com/rss/articles/CBMiiAFBVV95cUxPS1NPWnNrUmtfbE1xVlZLM0llZ0pNMC1WYWUtNzlLSnUtQjFaS1ZvUGpiQngtN2FlRklIV2llT2F1UlFoTmI5cXpzQ3lIbWZkVUtoc3RQU1lFRndzUjdCbEs1aldKeFZ0ajNRRFZ4ZHJkYXhMRmFKYXNtQUVWVlNaVTBpMFhiQWth?oc=5,targeted news query,Low,inference,"Sun, 05 Nov 2023"
Hunter Family Foundation,ProPublica Nonprofit Explorer (Form 990),Unconfirmed,no affirmative family-office evidence found,,"Chicago, IL",,"Thu, 09 Jul 2026",news,25,Rejected,Rule 2: no affirmative family-office evidence,,,,,,,,,,,,,,,,,,,,,,,,,,,,,,,,,,,,,,,,,,,,,,,,,,,,,,,Ravinia Opens Transformed Hunter Pavilion As Campaign Reaches $75M - Patch,https://news.google.com/rss/articles/CBMipAFBVV95cUxOVDRMNC1QX1lMYjVzY0hWd0pqd0w5cGxna1haYk90dG5LU1RNTE9hUkJSQThTdHNnQzBOWG05a3d0c19WNExQVU53STdueHlJc3VGZl9ZVFRGOWxKemhzekxkRFJzbjB5MDY2NkdlMGNXSlZXemU2cldaeFJnMmRpZWFqOWtkM2tpU0pRR2JCNExZWmZvemZLVnJvM2xXcUp2N0ZCWA?oc=5,targeted news query,Low,inference,"Thu, 09 Jul 2026"
Farmer Family Foundation,ProPublica Nonprofit Explorer (Form 990),Unconfirmed,no affirmative family-office evidence found,,"Cincinnati, OH",,"Mon, 04 Aug 2025",news,25,Rejected,Rule 2: no affirmative family-office evidence,,,,,,,,,,,,,,,,,,,,,,,,,,,,,,,,,,,,,,,,,,,,,,,,,,,,,,,Farmer Family Foundation addresses nursing shortage with $2.35 million gift - University of Cincinnati,https://news.google.com/rss/articles/CBMiygFBVV95cUxPQVJBLWpxNk9JSjEzSk9ZNnlFdmItdkE2S1hkblhjX1pyd19iVFRnMERaX1dHR0szSkRPZ0c3SVdDR3A0NzJqVUpVRExEVlAtNVZGbzdnbUx4enVPRlhkSVJZYzc0UWZGcEJHbkdRVDJHSHU2ZWhWb1VfTnZuZGZ1UmN3RzlmbTR1Nm5xSGxERkVITUlvaTFXRnRfVHFnR2t5ZVFoaWJ2OTBKbTlqdloxVGZQQXdXeWZCaHA1SDlUdXYxa0MtRWFVUjl3?oc=5,targeted news query,Low,inference,"Mon, 04 Aug 2025"
Baustert Family Foundation,ProPublica Nonprofit Explorer (Form 990),Unconfirmed,no affirmative family-office evidence found,,"St Paul, MN",,"Tue, 15 Oct 2024",news,25,Rejected,Rule 2: no affirmative family-office evidence,,,,,,,,,,,,,,,,,,,,,,,,,,,,,,,,,,,,,,,,,,,,,,,,,,,,,,,Northern Illinois University Lands $40 Million From Bausterts - Chronicle of Philanthropy,https://news.google.com/rss/articles/CBMimwFBVV95cUxNV3YxRWRwUUR0WmZwNGlEOF84VndxYkNuQ1kyck1qVnZYNjNxWW44YjNvTDk2Ung3Tm0tRlZmNGU3clhid0xKc1pWeEhUUkwyMUdiOVl1MWRCZEhfM2twbE04T3k4VDFRTlZHdU9LR2hucHRpVzhOcmprQ2l1YnFPdldrVmRyZVhERm8wSGg5aWttY2ZfZjlyOVZmOA?oc=5,targeted news query,Low,inference,"Tue, 15 Oct 2024"
Davis Family Foundation,ProPublica Nonprofit Explorer (Form 990),Unconfirmed,no affirmative family-office evidence found,,"Hanover, MD",,"Sun, 26 Apr 2026",news,25,Rejected,Rule 2: no affirmative family-office evidence,,,,,,,,,,,,,,,,,,,,,,,,,,,,,,,,,,,,,,,,,,,,,,,,,,,,,,,Erroll B. Davis Jr. - Legacy | Obituary Search,https://news.google.com/rss/articles/CBMiWEFVX3lxTFBFLWRqT19zX216NU9JS2tJeGI2YjRuYlVCeVY5eWVodllvQkRYZ3B1UnJrUzVLM05pODlucXIycFBuSml6QTkwMzB1SlMtckpVSlI4MFQtQ1U?oc=5,targeted news query,Low,inference,"Sun, 26 Apr 2026"
Timashev Family Foundation,ProPublica Nonprofit Explorer (Form 990),Unconfirmed,no affirmative family-office evidence found,,"New York, NY",,"Thu, 16 Feb 2023",news,25,Rejected,Rule 2: no affirmative family-office evidence,,,,,,,,,,,,,,,,,,,,,,,,,,,,,,,,,,,,,,,,,,,,,,,,,,,,,,,"Timashev Family Foundation donates $110 million for software innovation center, marking largest university donation ever - The Lantern",https://news.google.com/rss/articles/CBMi6gFBVV95cUxOMVVvRGRDbm5yRjJvN0toOFd2OEtxbDUyWi12ZU1wcS1FelBsbXV2VW9VYXNTZGplRmIzdWpJU3k5aEdpeTQ3UG5xaWdhNk5fMkcySTFtcTFELWdlTHpfTVlKb29TbldzQ2N5TmdWam9jLU1VbWtycnViQ1FCZkJoSDFIczdXMGNEM0x1OFdGcGx0REhWb2ZRUnN4OUJuZ1FjOFFQMzZ3enNxU2xCVHYtQUNGQV81eXNXb0RlMDBZbmlsRHRPbl9NT0Z0RE5jWkpWY2hGcTcwYUZtVl9Vc1A0Qm5pWmdQLUxvMUE?oc=5,targeted news query,Low,inference,"Thu, 16 Feb 2023"
Overdeck Family Foundation,ProPublica Nonprofit Explorer (Form 990),Unconfirmed,no affirmative family-office evidence found,,"New York, NY",,"Tue, 02 Jun 2026",news,25,Rejected,Rule 2: no affirmative family-office evidence,,,,,,,,,,,,,,,,,,,,,,,,,,,,,,,,,,,,,,,,,,,,,,,,,,,,,,,The Overdeck Family Foundation: Still Full Steam Ahead on Education - Inside Philanthropy,https://news.google.com/rss/articles/CBMiqgFBVV95cUxPVWV2MVNkb1NvTTNEcU4teTFObEVSa2R6ZnhCd19ZTzhkZEE0ekVTSUQ4LW95UTE1THc4bF90S0ozdmVHY1NWU1hXcDAzN3Y0SlhKRjV3WTBJVzlYQjYzcHBjZjRLUzg1WlNza0FNZVkyMVNaVGdUR2ZzbmpRa21pcFRpTnlqTXIxTlFOUks1cnIxSHo0UlJFdHJLMTE1RmtqWkhJUlNUWllQdw?oc=5,targeted news query,Low,inference,"Tue, 02 Jun 2026"
Silver Family Foundation,ProPublica Nonprofit Explorer (Form 990),Unconfirmed,no affirmative family-office evidence found,,"Portland, OR",,"Sun, 02 Nov 2025",news,25,Rejected,Rule 2: no affirmative family-office evidence,,,,,,,,,,,,,,,,,,,,,,,,,,,,,,,,,,,,,,,,,,,,,,,,,,,,,,,The Bravitas Group & The Silver Family Foundation Launch Match to Support Toni’s Kitchen Amid SNAP Freeze - Montclair Local News,https://news.google.com/rss/articles/CBMi1gFBVV95cUxQNjZ2Mk11UVI1ZGgtYy1KTmhFd1cwcmRqbERFaWZUaDJ4SHloRm04djRpMm1NTHFUTUc2Y3NHNFhnVTJUNVJlUzdyNXVveW5kdENBOTRBTFdEeVI4NkhRTW5BQ1l0VzBqYkViTEtaV1Awc0c4OWhFdURGZ3VRXzlLLWdiaFhlbk1WbTNQRTctMUM5NnotdkplcDZRUXB2djJqa0dBRHctY01aazU1bkhEa0M4RXVwdDBTZkJLelJpdkZSUGVRVXJybmR2aDQ0cGhNeC03Y3VB?oc=5,targeted news query,Low,inference,"Sun, 02 Nov 2025"
Hall Family Foundation,ProPublica Nonprofit Explorer (Form 990),Unconfirmed,no affirmative family-office evidence found,,"Kansas City, MO",,"Tue, 24 Feb 2026",news,25,Rejected,Rule 2: no affirmative family-office evidence,,,,,,,,,,,,,,,,,,,,,,,,,,,,,,,,,,,,,,,,,,,,,,,,,,,,,,,Hall Family Foundation donates $10 million to Okanagan College - Vernon Matters,https://news.google.com/rss/articles/CBMinwFBVV95cUxOTVFEekdsZUVPWjB2d1ZaUjBqRVhUMEdNQXVZSW5fbzhHeHJMV1ZkaTQzcnBVV3FZOTk3M2p6a0R0Q0pfeTk3Ymo5SUJTcEJUUWhwYmJsQlluWm1mMlM1MTRHcVZCVnNaVTdkaWsxZ3h0T08tUURJTEUwOHRpc0d3YXo2d3NET2g0dVZYZzZHR1J2ZVVPT3hJaEExaE83SlE?oc=5,targeted news query,Low,inference,"Tue, 24 Feb 2026"
Hao Family Foundation,ProPublica Nonprofit Explorer (Form 990),Unconfirmed,no affirmative family-office evidence found,,"Saratoga Spgs, NY",,,,0,Rejected,Rule 2: no affirmative family-office evidence,,,,,,,,,,,,,,,,,,,,,,,,,,,,,,,,,,,,,,,,,,,,,,,,,,,,,,,,,,,,
Names Family Foundation,ProPublica Nonprofit Explorer (Form 990),Unconfirmed,no affirmative family-office evidence found,,"Fircrest, WA",,"Tue, 17 Mar 2026",hire,25,Rejected,Rule 2: no affirmative family-office evidence,,,,,,,,,,,,,,,,,,,,,,,,,,,,,,,,,,,,,,,,,,,,,,,,,,,,,,,"Empowering Coaches: PLU kinesiology receives $900,000 grant from Names Family Foundation - Pacific Lutheran University",https://news.google.com/rss/articles/CBMihAFBVV95cUxNckhWSFgzLVFYa2d0SjhPMHFTeUxWQmhZX29Va1JqdUlzbHJuOEZzZW0tQVVWSlJ3a3JwX1puNUVhODVpQ0RHbGxKaDZlM2pidzU0MFhYTWdMTGpBT1ZGbGx5RlctSzhsWFI2MWJRbUFyUGFTMVZFRFlnczhnaFZFbE5PbU0?oc=5,targeted news query,Low,inference,"Tue, 17 Mar 2026"
Ford Family Foundation,ProPublica Nonprofit Explorer (Form 990),Unconfirmed,no affirmative family-office evidence found,,"Roseburg, OR",,"Mon, 27 Jul 2026",news,25,Rejected,Rule 2: no affirmative family-office evidence,,,,,,,,,,,,,,,,,,,,,,,,,,,,,,,,,,,,,,,,,,,,,,,,,,,,,,,"The Monday Interview: Tony Ford on K3, the Ford Family Foundation and why he loves social enterprise - TheBusinessDesk.com",https://news.google.com/rss/articles/CBMi6AFBVV95cUxOUkhyVExVX1Q5T2I4N01GRVNJX3N6MTBiM1pTVW1SYmFnSmk3TGZRd2Itc3lGWndYMjNPcXZDUkVUdnUwWFVlREF3Z0tUOHN4ZWFWRWxLb3lXVEMwdkFFUkVPYzZ0bDd2RnltdVVhTXBXQ18wM1d5dmh3cjdydzlhcE9Nc0tDajdpUzV0cDdKbHpmcFY5LVZ2LTJzN05kRnFXWWU0RUEycXFRNTFvVVlLdjU4Qkg5LXkzSHphTXM1WVhPWElxTThMdi1lN0x4SUJ3dXJpRWMtRHFfZ2tGZlFKczBvNjBkblVu?oc=5,targeted news query,Low,inference,"Mon, 27 Jul 2026"
Crown Family Foundation,ProPublica Nonprofit Explorer (Form 990),Unconfirmed,no affirmative family-office evidence found,,"Chicago, IL",,"Thu, 19 Mar 2026",news,25,Rejected,Rule 2: no affirmative family-office evidence,,,,,,,,,,,,,,,,,,,,,,,,,,,,,,,,,,,,,,,,,,,,,,,,,,,,,,,Crown Family - Israel & Jewish News - JNS.org,https://news.google.com/rss/articles/CBMiUkFVX3lxTFBWREtaUEtRVHVoMDVuekIyeHhCcGJYX2YwRjVRSzhIcmk5ZVNZemEwdnVITWpQT3VRRkNVMHlrTG5XLU1MdUZMZ3RSTTlmYmZ1dmc?oc=5,targeted news query,Low,inference,"Thu, 19 Mar 2026"
Jamison Family Foundation,ProPublica Nonprofit Explorer (Form 990),Unconfirmed,no affirmative family-office evidence found,,"New York, NY",,,,0,Rejected,Rule 2: no affirmative family-office evidence,,,,,,,,,,,,,,,,,,,,,,,,,,,,,,,,,,,,,,,,,,,,,,,,,,,,,,,,,,,,
Crabill Family Foundation,ProPublica Nonprofit Explorer (Form 990),Unconfirmed,no affirmative family-office evidence found,,"San Francisco, CA",,"Wed, 08 Apr 2026",news,25,Rejected,Rule 2: no affirmative family-office evidence,,,,,,,,,,,,,,,,,,,,,,,,,,,,,,,,,,,,,,,,,,,,,,,,,,,,,,,Charlie Crabill honored with 2026 Kuss award - Springfield News-Sun,https://news.google.com/rss/articles/CBMizwFBVV95cUxNTUN4QnF5amYwZTZEbXJwelZVMDNMV1BqcVljRXJRemt5OERHUlZRdjZpSUt0ZUJWS3ladzJfUUJhNG9IU0hvQnlqSmw5SUJaRjVETmZxVHF1MEFMUzBJQkxXWF9jaE1ZTG0yNnFZV0Y2TGNzQWduNEFFelpaWW5Mc3c2WmpiZk53am5aYVhwQ2xPUGZTRmp2OFNMWXdjeWR4N18wa1FxU0VfLXBSQWVPVG5temNZMXNoRjctSmdOOFlQRV9fRXR0Q3lTTGF1N0E?oc=5,targeted news query,Low,inference,"Wed, 08 Apr 2026"
Goldring Family Foundation,ProPublica Nonprofit Explorer (Form 990),Unconfirmed,no affirmative family-office evidence found,,"Metairie, LA",,"Tue, 01 May 2012",news,25,Rejected,Rule 2: no affirmative family-office evidence,,,,,,,,,,,,,,,,,,,,,,,,,,,,,,,,,,,,,,,,,,,,,,,,,,,,,,,LIFTING A GLASS Bill Goldring - New Orleans Magazine,https://news.google.com/rss/articles/CBMia0FVX3lxTE9nMk91alNYa1FpbkFmbDlCYklKSXVid2ZmWVAzVUFDb1VmQTZMek9uZHM2ZWlnQkJkUEJxcFU2TTVISE5FU2phTWFERTkwTFVLX191MUlEcnd4YWZsT0pWOUZ6R1pQb2pBbDlz?oc=5,targeted news query,Low,inference,"Tue, 01 May 2012"
Sobrato Family Foundation,ProPublica Nonprofit Explorer (Form 990),Unconfirmed,no affirmative family-office evidence found,,"Mountain View, CA",,"Thu, 17 Mar 2022",news,25,Rejected,Rule 2: no affirmative family-office evidence,,,,,,,,,,,,,,,,,,,,,,,,,,,,,,,,,,,,,,,,,,,,,,,,,,,,,,,The Personal and the Collective: How Three Generations of the Billionaire Sobrato Family Give - Inside Philanthropy,https://news.google.com/rss/articles/CBMi2gFBVV95cUxQUVJ3UE5vWGhFd3FFR3NiWjhZOTBjeXFPeUtiQUxIXy0tbE5Kcnh4WXd3NEVtX192OUdZT1NLaU5zRkw1UzRoWlhwSThyRzNDTnAxX0RsVTIwTk82X19sS2tEMHpselJ1RWI0dGl6eGthVFBSTnZCdTdTblRSN3Fnd0s3YVJVWmxQYWF1M0ZvaU9qVEQwaVMyWFIxWGpFQ2JtVUdfb1JyQVlyRmhVVFo0c19tWmt5MzJPMUk0S24wMzhlQVBTN1B3bXJ1N1lqTFNib05aYVIxUVlnUQ?oc=5,targeted news query,Low,inference,"Thu, 17 Mar 2022"
Spaht Family Foundation,ProPublica Nonprofit Explorer (Form 990),Unconfirmed,no affirmative family-office evidence found,,"San Francisco, CA",,"Wed, 18 Feb 2026",news,25,Rejected,Rule 2: no affirmative family-office evidence,,,,,,,,,,,,,,,,,,,,,,,,,,,,,,,,,,,,,,,,,,,,,,,,,,,,,,,Spaht Family Foundation Endows Dartmouth Peak Performance (DP2) Leadership Role to Advance Student-Athlete Well-Being - Dartmouth College Athletics,https://news.google.com/rss/articles/CBMi_AFBVV95cUxQVmxSVm5wR0xDb3RObVpuMHQ2OEFaeDhTLUwxYWpsLVctRDF0RV8yekl4X2dxT2ZQYVFDajNXTmtBWnpoWUFJY2xnRVVnRnJfc1c5NS1aMERJT1hYMW5LNUVLV0dzS3hKUjF5bG0xeGUzUmxzRUVtbk1aa3FZZFNKNHJYN05kZklDbXNiczJCdzBPYlZKV2RJdXlKRXExY1hpOTQ0bG9WVFMyaFR6bDNYTVlfVXdpMHRFd2xtTEprc3U2VUpJU2RSZVdvazM4NlJURV9BNEx4cjZRbHZ6bHNQLWpNdkJYUGNKcHE4UnpaUUR3QXFPcGJNTTUzM3Y?oc=5,targeted news query,Low,inference,"Wed, 18 Feb 2026"
Wyatt Family Foundation,ProPublica Nonprofit Explorer (Form 990),Unconfirmed,no affirmative family-office evidence found,,"Santa Barbara, CA",,,,0,Rejected,Rule 2: no affirmative family-office evidence,,,,,,,,,,,,,,,,,,,,,,,,,,,,,,,,,,,,,,,,,,,,,,,,,,,,,,,,,,,,
Dunlap Family Foundation,ProPublica Nonprofit Explorer (Form 990),Unconfirmed,no affirmative family-office evidence found,,"Canonsburg, PA",,"Mon, 29 Jul 2024",news,25,Rejected,Rule 2: no affirmative family-office evidence,,,,,,,,,,,,,,,,,,,,,,,,,,,,,,,,,,,,,,,,,,,,,,,,,,,,,,,Tim Dunlap is leading a major company with a small family business feel (Personalities of Pittsburgh) - The Business Journals,https://news.google.com/rss/articles/CBMirAFBVV95cUxOWlJDaXFycGxVTkpuWUhrdlBnbVVSTG0zdzdJcWxUdlNQZE95LS1qeUs3dWZDQVJaNDBfNEdETUZleDRFYVBZNHpBSDQxMmxWTUpoMlBESFNRX2xjSVBoOWxhYWxlU0E1NHZMeGxrQ3A1RUlmWHdTeFdoRV94bzVvamdWRUZ4bkJhaWdrOU5kMzFTV2tVUDJHUzFhYUZHeFl4U0lMbXRubGsyWXFw?oc=5,targeted news query,Low,inference,"Mon, 29 Jul 2024"
Koum Family Foundation,ProPublica Nonprofit Explorer (Form 990),Unconfirmed,no affirmative family-office evidence found,,"Palo Alto, CA",,"Fri, 19 Jun 2026",news,25,Rejected,Rule 2: no affirmative family-office evidence,,,,,,,,,,,,,,,,,,,,,,,,,,,,,,,,,,,,,,,,,,,,,,,,,,,,,,,Koum Family Foundation gifts $36 million to L.A.'s Milken Community School for campus expansion - eJewishPhilanthropy,https://news.google.com/rss/articles/CBMixAFBVV95cUxOb3lXUmxSTHFKSy1hNXdudzE1SXpycFJnZ1JNcHZwNzljaV9Tbl9XVHlPNkR4ZVQ2VUQ2QUhSN2x2S0MtQllSNHFVN0dLenRjOEUydkNEU0x1bDNoX3B3Y3kzNnJhdWxZcEFtU0VTS2ZZZGt5a0RSLWU2TEp0aG9ZOFlkRnl1ZW9sYXVXd3lNUVgwajlTS3ZwaUJSeWk0V2xfNFJNSWlUb081M293QUlWdU1SYnQtbVMyLXZTUVBhRlliV1FN?oc=5,targeted news query,Low,inference,"Fri, 19 Jun 2026"
Steans Family Foundation,ProPublica Nonprofit Explorer (Form 990),Unconfirmed,no affirmative family-office evidence found,,"Chicago, IL",,"Thu, 07 May 2026",news,25,Rejected,Rule 2: no affirmative family-office evidence,,,,,,,,,,,,,,,,,,,,,,,,,,,,,,,,,,,,,,,,,,,,,,,,,,,,,,,Carol Lavin Bernick & Heather Steans - Crain's Chicago Business,https://news.google.com/rss/articles/CBMilAFBVV95cUxQMndPM1FHT2VWbWJsS0hmYmFuRTBnYUhDV0NUOHdiOV9IeVVjclFid3Z6bkVVNHRENG9xb3B3d2NEWkRxSXB4ekxrbFo1X2Y3QmZiRjVtcmxjNDhZcU5HbGs3amhQOEVtNXNPUGhfSnZzTzhXN284T3c0Y2kwQXpZX1NpTjdZT2lCYUNhNURUY0c3Mkc1?oc=5,targeted news query,Low,inference,"Thu, 07 May 2026"
Mulva Family Foundation,ProPublica Nonprofit Explorer (Form 990),Unconfirmed,no affirmative family-office evidence found,,"Austin, TX",,"Wed, 14 Dec 2016",news,25,Rejected,Rule 2: no affirmative family-office evidence,,,,,,,,,,,,,,,,,,,,,,,,,,,,,,,,,,,,,,,,,,,,,,,,,,,,,,,"Mulva Family Foundation Gives $75 Million for Patient Care, Research - Dell Medical School",https://news.google.com/rss/articles/CBMinwFBVV95cUxNVmZ0WTlhQzFKOWVVVWJTeWlOUWpQRUVHNm1weUZfemRNdVFUTUliVXRVSVJRT3VOWWxVWTBPbXRkakg4UkcwWktycC1rZXRIRUY4OXE5RGdKVnNsNDNWT1BTYkNVVEVpSWt0czBUM0J6dHpjZ0NhZHRybElaUV95LWNoc1VNTnVGbjhtOEM4ZzZScU0wR0lJcGZILTR6Z0k?oc=5,targeted news query,Low,inference,"Wed, 14 Dec 2016"
Kallir Family Foundation,ProPublica Nonprofit Explorer (Form 990),Unconfirmed,no affirmative family-office evidence found,,"New York, NY",,,,0,Rejected,Rule 2: no affirmative family-office evidence,,,,,,,,,,,,,,,,,,,,,,,,,,,,,,,,,,,,,,,,,,,,,,,,,,,,,,,,,,,,
Siemer Family Foundation,ProPublica Nonprofit Explorer (Form 990),Unconfirmed,no affirmative family-office evidence found,,"Columbus, OH",,,,0,Rejected,Rule 2: no affirmative family-office evidence,,,,,,,,,,,,,,,,,,,,,,,,,,,,,,,,,,,,,,,,,,,,,,,,,,,,,,,,,,,,
Zorich Family Foundation,ProPublica Nonprofit Explorer (Form 990),Unconfirmed,no affirmative family-office evidence found,,"Houston, TX",,,,0,Rejected,Rule 2: no affirmative family-office evidence,,,,,,,,,,,,,,,,,,,,,,,,,,,,,,,,,,,,,,,,,,,,,,,,,,,,,,,,,,,,
Edgerley Family Foundation,ProPublica Nonprofit Explorer (Form 990),Unconfirmed,no affirmative family-office evidence found,,"Overland Park, KS",,,,0,Rejected,Rule 2: no affirmative family-office evidence,,,,,,,,,,,,,,,,,,,,,,,,,,,,,,,,,,,,,,,,,,,,,,,,,,,,,,,,,,,,
Stanley Family Foundation,ProPublica Nonprofit Explorer (Form 990),Unconfirmed,no affirmative family-office evidence found,,"Briarcliff, NY",,"Fri, 08 Jan 2016",news,25,Rejected,Rule 2: no affirmative family-office evidence,,,,,,,,,,,,,,,,,,,,,,,,,,,,,,,,,,,,,,,,,,,,,,,,,,,,,,,"Ted Stanley, Whose Son’s Illness Inspired Philanthropy, Dies at 84 (Published 2016) - The New York Times",https://news.google.com/rss/articles/CBMikgFBVV95cUxNaWN0ZjFtSkdxR002ZkVhLWdOTFhiX3Y2ajRqc0Jrc251VXowRU11cmUwY3FkdmpvNUgwQ0c1TDk1UGlDaGxyN3ktY0JqQ1FKeFZfZVZiVEdOLUpXbTZJVFJRajNNa1NCSnRpSGwzWGxBdTRKU2ltaGg1aksteXpoaG9jZ2tRZW05Qjd5eG5EbHdSQQ?oc=5,targeted news query,Low,inference,"Fri, 08 Jan 2016"
Pathy Family Foundation,ProPublica Nonprofit Explorer (Form 990),Unconfirmed,no affirmative family-office evidence found,,Canada,,"Fri, 01 Nov 2024",news,25,Rejected,Rule 2: no affirmative family-office evidence,,,,,,,,,,,,,,,,,,,,,,,,,,,,,,,,,,,,,,,,,,,,,,,,,,,,,,,Mark Pathy - Axiom Space,https://news.google.com/rss/articles/CBMiW0FVX3lxTE1FdVBhbWtQbXJnQVFwUU5wRjMyOHdCOUYwVGNsSTlsMGh1NVJqZkFZVWF2bU5sZGJzbzNiSGZMbVAtQzlWdmZsRkZoZlk0MjkwZUgtTWQ0emNJWXc?oc=5,targeted news query,Low,inference,"Fri, 01 Nov 2024"
Chestnut Family Foundation,ProPublica Nonprofit Explorer (Form 990),Unconfirmed,no affirmative family-office evidence found,,"Atlanta, GA",,"Sun, 31 Oct 2021",news,25,Rejected,Rule 2: no affirmative family-office evidence,,,,,,,,,,,,,,,,,,,,,,,,,,,,,,,,,,,,,,,,,,,,,,,,,,,,,,,Buckhead’s Ben Chestnut makes Mailchimp an icon of Atlanta’s startup scene - buckhead.com,https://news.google.com/rss/articles/CBMinwFBVV95cUxNQ0t4Ynk1SVhaRkJjNTdPb3U3TmxlclNTdWJRNUxKYzQxckpIMEJHcFYwdmVvQWVfZGExWGUxTHNlTTNaUUp5MmhGQXdrd0Jld2Njb0VXaE5ZTDdpNjFMVnBiTi1YTGZCZlVyb0JtSnNXbkk3dWJHM1VLRmU0eHVUMXdONm1PWlhRWXdrMTg1bFIydzVqNG53VmFtWGh3R0E?oc=5,targeted news query,Low,inference,"Sun, 31 Oct 2021"
Mega-IPOs Impact Family Office,Google News RSS,Unconfirmed,described as family office in gathered text; SFO/MFO split unproven,,,,,,25,Rejected,"existence unproven: no SEC entity, website, registry location, or named principal",,,,,,,,,,,,,,,,,,,,,,,,,,,,,,,,,,,,,,,,,,,,,,,,,,,,,,,How Will Upcoming Mega-IPOs Impact Family Office Formation and Growth? - ai-cio.com,https://news.google.com/rss/articles/CBMinwFBVV95cUxPY0NQbG5MYk5WU1NsZThOZkpDbHZGLTh2UlNqd29lZF90blNDb1Q4RjZpTElucjFvUEZvVFNmN1d0SktRcVdQSFhSc0Q2WlJuakdQRTl6ZmsxSVcyeWxkaXdFaWVqYWxQejB1UVVGYUZGQzVKc09CU182U0JuTDcybzFJdWcyamZyR2tpS1pMaWpJV3Y0R3dmM2JRTGFEYzQ?oc=5,news headline,Low,inference,"Fri, 12 Jun 2026"
Dakota Global Family Office,Google News RSS,Unconfirmed,described as family office in gathered text; SFO/MFO split unproven,,,,,,25,Rejected,"existence unproven: no SEC entity, website, registry location, or named principal",,,,,,,,,,,,,,,,,,,,,,,,,,,,,,,,,,,,,,,,,,,,,,,,,,,,,,,Dakota Global Family Office 2025 Report - dakota.com,https://news.google.com/rss/articles/CBMihgFBVV95cUxOSUJhVjRpZ1VVQkl0dXdSWTh1UmhUellRMTdFSUtNYUpyYmhNTlA5N2tBVS1tTVhBRlFaMV92RTdTakFQSW9QQTN3OU45MVZkaWtwNXowMTI4MDUySnNKelhtTFNoblVlVjA1NlZQRUtIdmFQX1ctTGNyOFRaelNJU3hiLVVqUdIBlgFBVV95cUxPWHVBeTdSVzBPQ2lQbU5UTlhoVTJfOHFxNFVlUzZIS3VGV0xFWlZ6em5QMjZLNUlMaWs1dkRaVTRfZHBHampkLVBZYTBOd1h4U2VIRFh2VllSVDJXTFFrdWlXOEhvaTdEdXNEUzFtd2Zid2FRTzhGcjk3ckxHVUxyc0ZnR0VaTG1udXQ0ZW51N1g2NkRoOHc?oc=5,news headline,Low,inference,"Wed, 11 Feb 2026"
INVL Family Office,Google News RSS,Unconfirmed,described as family office in gathered text; SFO/MFO split unproven,,,,,,25,Rejected,"existence unproven: no SEC entity, website, registry location, or named principal",,,,,,,,,,,,,,,,,,,,,,,,,,,,,,,,,,,,,,,,,,,,,,,,,,,,,,,INVL Family Office Introduces a Fund Investing in the Rapidly Growing Private Equity Secondary Market - GlobeNewswire,https://news.google.com/rss/articles/CBMigwJBVV95cUxPNmJsTFdZWlNzUzlYdU1YaXpsRF8xeTJQRGg3bjE2ZzFhQVEyazhBQ2ZMVTFwNUc2MUhyZi1NeXZjZlZIN2hnc0ZPRWNkTGV5dXJCYTZyNHQ3ZDlabWgzaTU1SmJoMHFiQUEtWXc4NlJFTlM4bjBCWmxobmZPemk1eVpXY2dEVlkxdllvbTVOdnZPZGFvN2RVMWQtbG5uUU1lUU9QUTZtdGlSZERxM3lSZTZFUHlmcHpJN2Y2TnFuVEVtejRQWEI3RlV4VzFHMWZacUVkWmJ6UG5GVjJYLXBZa1UwZDl5TnFJeW91bV80d3FMSHhMRUU2ZEl1TXE5UHlkLTkw?oc=5,news headline,Low,inference,"Mon, 22 Jun 2026"
Modern Family Office,Google News RSS,Unconfirmed,described as family office in gathered text; SFO/MFO split unproven,,,,,,25,Rejected,"existence unproven: no SEC entity, website, registry location, or named principal",,,,,,,,,,,,,,,,,,,,,,,,,,,,,,,,,,,,,,,,,,,,,,,,,,,,,,,How AI is Reshaping the Modern Family Office - PwC,https://news.google.com/rss/articles/CBMipgFBVV95cUxNZHlzUm1jcFVNdlRQWGRDMk9tbERCQVZIaVRxVkFDSjIwWlNhSXBxeW1fLXZmRmZodXg4S3paSEpyOGJRQnUxeUgzSmNCRnh4cE5YU3ZZMno5WFlRSlBhUm9FYWVWLU9ZdmlGZ2oyOU9JMWF3d2Q5YmY0Q3czejc0Qi1vam5ydVVyV2pZekFRSF92QzVFLVFBbDY4ejVzOWlWWmg4VVlB?oc=5,news headline,Low,inference,"Mon, 08 Jun 2026"
Alpha Capital Family Office,Google News RSS,Unconfirmed,described as family office in gathered text; SFO/MFO split unproven,,,,,,25,Rejected,"existence unproven: no SEC entity, website, registry location, or named principal",,,,,,,,,,,,,,,,,,,,,,,,,,,,,,,,,,,,,,,,,,,,,,,,,,,,,,,From Wall Street to The Woodlands: Henry Pizzutello joins Alpha Capital Family Office - Community Impact,https://news.google.com/rss/articles/CBMiwwFBVV95cUxPMkVSRldHWjZ1Z2JzOUQ3aDBzeTBOaU1uU05WYjlOLUFXS3AzcGRYV1lrcnpyTkxVQ0p1cDF0cE13dTdJSENJUEd4aWx2SGctUmdEdlN5WXVyQkF2Z1MzTVcyclVQRlVGMktMbHVlQTFncEJtSlVyNEVkMjhmSW5mOVJOb09qRi05YVVmUDVOMk1CdnBTcjhnNWkxNVdvanpfZG9DRmtLSUZxMjNxaW9sNWJIRlhmQ3NSWGVoTU9ndGtBT2M?oc=5,news headline,Low,inference,"Tue, 07 Jul 2026"
Gacs Family Office,Google News RSS,Unconfirmed,described as family office in gathered text; SFO/MFO split unproven,,,,,,25,Rejected,"existence unproven: no SEC entity, website, registry location, or named principal",,,,,,,,,,,,,,,,,,,,,,,,,,,,,,,,,,,,,,,,,,,,,,,,,,,,,,,Gacs Family Office Mark Their 17th Venture Studio Investment Taking Their AUM Above $1.2B - Yahoo Finance UK,https://news.google.com/rss/articles/CBMigwFBVV95cUxQalJGTEY2dFdLM2JPS21jT1NxMnE3bzNKRldvNDQ4TmNRT0ZSMFUtSVU3QjkxbFkzd2h6UlNpakVYdkJldklXTHV0SXNoY3VtS2x0NTVqd1Yybk5DQmpPajFsazg4S0E5U2ppZnRUX0F6ZlhEbDBCal82NHR6SGUyU0RQMA?oc=5,news headline,Low,inference,"Thu, 16 Jul 2026"
Neil Nisker Family Office,Google News RSS,Unconfirmed,described as family office in gathered text; SFO/MFO split unproven,,,,,,25,Rejected,"existence unproven: no SEC entity, website, registry location, or named principal",,,,,,,,,,,,,,,,,,,,,,,,,,,,,,,,,,,,,,,,,,,,,,,,,,,,,,,Rethinking Risk Return: Key Takeaways From Neil Nisker Family Office Investment Summit - Family Wealth Report,https://news.google.com/rss/articles/CBMi0AFBVV95cUxPejRsMURWNm9XcG9vUUhHUjJfSWROaDFfa3pkTUhfeU5MQzhqcEg2bGxvLVR2bUs0Y2JyODk3aVBRcFVVa2RZczE3bnk2c2dJR19Bd2NXcXRQWlNHY0tVWFhQZWUtYnI0cGtuUm9XTWtMVkhBeGNxeEs5ekJHNDdxblZEaDZuVEU2R0hkYUtjaHNHQmRfYVZzWDVPWDRreTJJR0tJc3dla1FjZ21PaTdYbVUyN2RyYXM1N3J0VlNiZlBxV2pndFYwV2NpWXo1NTda?oc=5,news headline,Low,inference,"Mon, 01 Dec 2025"
Athlon Family Office,Google News RSS,Unconfirmed,described as family office in gathered text; SFO/MFO split unproven,,,,,,25,Rejected,"existence unproven: no SEC entity, website, registry location, or named principal",,,,,,,,,,,,,,,,,,,,,,,,,,,,,,,,,,,,,,,,,,,,,,,,,,,,,,,"Athlon Family Office Proudly Hosts the 2nd Annual Elite Family Office Sports Summit in Boca Raton, Florida - Yahoo Finance",https://news.google.com/rss/articles/CBMioAFBVV95cUxPV2F6dmhLbi0tTS1MZ3BWV0dvX3FMbGpma25wd3F1aV9OcHpxQUFnVS1oRkxMbDdvXzgybWJZWkdiTHgyY0ZWUkhUYXVHcV9JXzFLSFoyU3BqdTdWMDM3elpGZ0NDUGdpMDBwTFRMbFNUMTZzWnljSGo3eklucEhxZERCdnNyTUJpZVlQbnc2R2xLUTlqbk52MVZaWkl5Vm9f?oc=5,news headline,Low,inference,"Tue, 19 May 2026"
Patel Family Office,Google News RSS,Unconfirmed,described as family office in gathered text; SFO/MFO split unproven,,,,,,25,Rejected,"existence unproven: no SEC entity, website, registry location, or named principal",,,,,,,,,,,,,,,,,,,,,,,,,,,,,,,,,,,,,,,,,,,,,,,,,,,,,,,"Patel Family Office, Saudi conglomerate AHQ launch $1B hotel platform - Crain Currency",https://news.google.com/rss/articles/CBMiqwFBVV95cUxPYWM1ZEx0MjdERnp2RkFULVRiQm5reGJIaWlIbW5hRnYxZGlJbU9wZDV3NTBLMVJWYnNoTGpHbFAyc083ZUl1OXJOR3NpNFFueGk3WEw2WDJzYmFwSzNES25RM1hqTlIySUlIM3RmYjZ2Vk4wNXB2X21MT1lnRkE4V1JSUUFxWG5ad1hSNEdYQ0RHUTVEMXA1eUQzZm13cmlUTHpTUWZUdFEwbW8?oc=5,news headline,Low,inference,"Fri, 03 Apr 2026"
MI Acquires Family Office,Google News RSS,Unconfirmed,described as family office in gathered text; SFO/MFO split unproven,,,,,,25,Rejected,"existence unproven: no SEC entity, website, registry location, or named principal",,,,,,,,,,,,,,,,,,,,,,,,,,,,,,,,,,,,,,,,,,,,,,,,,,,,,,,ISS MI Acquires Family Office Data Platform - ai-cio.com,https://news.google.com/rss/articles/CBMifEFVX3lxTE5uNzVmQjdqYi1aS2Z5azVCZFdCOHFPT3RqRzVPUHVKZHpMUzc4NGhzaF91MGhBbWkzZG4tZHR6RjhTMmNEMlVtVVp0OWhNLWJ4QUE0VllYZXB3aFFTcXJSbldFZU5GTVFwLXIzeTN0M1FFT2xBQk1Mcklib1Y?oc=5,news headline,Low,inference,"Tue, 03 Feb 2026"
Tsao Family Office,Google News RSS,Unconfirmed,described as family office in gathered text; SFO/MFO split unproven,,,,,,25,Rejected,"existence unproven: no SEC entity, website, registry location, or named principal",,,,,,,,,,,,,,,,,,,,,,,,,,,,,,,,,,,,,,,,,,,,,,,,,,,,,,,Tsao Family Office builds a theory to go with its practice of impact investing (podcast) - ImpactAlpha,https://news.google.com/rss/articles/CBMisAFBVV95cUxPZU5ZaUxWQWRKbWdQTm1kVnloRVotbDJmbjJ5XzAtQm83cEczY1NxTDRabXprblc0cmd6bk5faVBWdEZqLVdjM3lISWFZbklPc0Zka05jZ1FqRG1WVV9Gek1qTFlSZk9jaVRHMHhsZ1U0Z2g2TG9aejNRTFl1bXRxR2tkQjE1T2k4b1lQcm5BemRGUlBYVFNnZVg0d2I2QnRkMExacVdWZVcyWGROeC0yNA?oc=5,news headline,Low,inference,"Wed, 11 Mar 2026"
Raffles Family Office,Google News RSS,Unconfirmed,described as family office in gathered text; SFO/MFO split unproven,,,,,,25,Rejected,"existence unproven: no SEC entity, website, registry location, or named principal",,,,,,,,,,,,,,,,,,,,,,,,,,,,,,,,,,,,,,,,,,,,,,,,,,,,,,,"Asia's Raffles Family Office Hires Senior Figues In Hong Kong, Singapore - WealthBriefingAsia",https://news.google.com/rss/articles/CBMiwgFBVV95cUxQT0JwS1JTd1g3NWNBSTVMLU9aZmhWbHlMMldERk9ZTlQzSHI2Qll4a3RsaTAxUklpV3RZeWJEQkV1TEFFd3lGenhwalhMRXpXaXlQdkdtSlRWMzRuV0kwc2QxMDROcW01QWFTZl9zV0xsb0t5dUFVenE4MHRjSl85YmxsWkQyMlNROEJ2b1FMdFZYX1h1Zi13ekRpYjM1R0FmeUJFT2o5aS1TRGxiektBNzFHVm9VQnhfMUphRlhJUGpGQQ?oc=5,news headline,Low,inference,"Fri, 19 Jun 2026"
Callan Family Office,Google News RSS,Unconfirmed,described as family office in gathered text; SFO/MFO split unproven,,,,,,25,Rejected,"existence unproven: no SEC entity, website, registry location, or named principal",,,,,,,,,,,,,,,,,,,,,,,,,,,,,,,,,,,,,,,,,,,,,,,,,,,,,,,"Cresset, Callan Family Office tap veteran leaders for director roles - InvestmentNews",https://news.google.com/rss/articles/CBMitAFBVV95cUxOTjdhbG1DSk1rN1pJUFB4RkxOUGtsdUNiNkdJTHpwOWhKaU1yZVd0QnFJdnhiMklMUkVwNmthYXZjWWFFa0RxaldNOVBzODB1MFYwem5TTXJ4cFREZm1jTjViMnQtNGJ6Qkl3UkxmTmhxUmJfNlNVejRlQmxablBKd2s4X2wwREIxVjhQS3pmTm05N3NwYlNuZVotcEE0M1Z6b0xGYXBhbGxQT1ZDbFRwRXl4MjM?oc=5,news headline,Low,inference,"Wed, 03 Jun 2026"
Singapore Family Office,Google News RSS,Unconfirmed,described as family office in gathered text; SFO/MFO split unproven,,,,,,25,Rejected,"existence unproven: no SEC entity, website, registry location, or named principal",,,,,,,,,,,,,,,,,,,,,,,,,,,,,,,,,,,,,,,,,,,,,,,,,,,,,,,Bank of Singapore Family Office Adds Senior Hires for Wealth Push - Fintech Singapore,https://news.google.com/rss/articles/CBMimgFBVV95cUxPeTM0anFrd1pkZDh3ZTNFVlMzbWZVWFpJUm5WMnhpRDdhQzlIM0lXdWt0MXFoYlM0bDBOUm1VU2NudWNvVVFsUVhza2JBa2Myb3l4LWhXa2JKWDJ2XzBGakR4aUN3cUxNbjlycXNjYW5tYktvQi1UMGtUelBtbjNSS0tNbURwMVhzYWRHUHI5VzVqNDdwclRMbHJ3?oc=5,news headline,Low,inference,"Tue, 28 Apr 2026"
Perot Family Office,Google News RSS,Unconfirmed,described as family office in gathered text; SFO/MFO split unproven,,,,,,25,Rejected,"existence unproven: no SEC entity, website, registry location, or named principal",,,,,,,,,,,,,,,,,,,,,,,,,,,,,,,,,,,,,,,,,,,,,,,,,,,,,,,Perot Family Office Hires CIO - Institutional Investor,https://news.google.com/rss/articles/CBMisAFBVV95cUxOYmFMZ0Ntd3NGWTRPWDZCQ1JkN1R5ZUNabjVsMjVhcFZoMU9SaF9BS1o4RG02aWs3Y3Z6RE9FYmNlZVJuTUtRdFBIZzhMOEhkVnB2cVF0aDBZQVFiWm9yLUFaSFYtUTZGZDJUX3ZrRkJtWWpCVDlYVEZnYm4yR3FBbGRTN0VTRFI3dF84NmhtbGRmRTZRaFNEUGkxTFlYb2VKWi1VZFVfaXhNMm9IT2lGUg?oc=5,news headline,Low,inference,"Mon, 25 Mar 2019"
CIO From Family Office,Google News RSS,Unconfirmed,described as family office in gathered text; SFO/MFO split unproven,,,,,,25,Rejected,"existence unproven: no SEC entity, website, registry location, or named principal",,,,,,,,,,,,,,,,,,,,,,,,,,,,,,,,,,,,,,,,,,,,,,,,,,,,,,,University of Cambridge Hires New CIO From Family Office - Institutional Investor,https://news.google.com/rss/articles/CBMi1AFBVV95cUxPRjBrNDlrYV9HRkhjWHV1S01XWUo4Y0RiNmRpM0NEM0xabkZnQlA5dmNVSnd0aWFsLWZidFNFWlN6TmplRFVqS1ZCN0Z2ZlF0c3IyU3R2bTRyZkZQVGxUVGlaWHZhR2k3R2h4MUpObWZOZHNFdWJWZ3ZoNU5mZ1NMOUQ2OGlZTnBDemZUUnVHLUJrbVR4TFpReUpfTHhCSHoxMXBaVFVlVjdSaV9CLUlma2h0Y1pTeGZIRENZVEQ5U3R3Mkt1VU1iX282Wm9KNFB3eDlrLQ?oc=5,news headline,Low,inference,"Fri, 09 Aug 2019"
Pritzker Family Office,Google News RSS,Unconfirmed,described as family office in gathered text; SFO/MFO split unproven,,,,,,25,Rejected,"existence unproven: no SEC entity, website, registry location, or named principal",,,,,,,,,,,,,,,,,,,,,,,,,,,,,,,,,,,,,,,,,,,,,,,,,,,,,,,The Pritzker Family Office’s Real Estate Arm Has Hired a New CIO - Institutional Investor,https://news.google.com/rss/articles/CBMi3gFBVV95cUxNbEk2R2tlMDcxYUJCQnliWW9WSTVXQ2NqSURLUk9tc25TMl9xYjVwakRYOVNuSnlMQWFoUFktRXBiRDlnelI5SnZnYTF5bWNSamFLeFJjZHRiX3EyWEhFZ2JNREFZbjB5UUozeGFWemNORmhidklkQm9LUzNLLTFibnl1VmdPWDBGamNtOFJjOWtSYXJPVFVlTy14UnJCMTZZbE96NENEOWtDUUFWNDBrRlFEU3NNV0FVVktjb3N1YkdmWEsyMVhYSUI5VUhxV0h0S2xBS2FnbGxQakR2WXc?oc=5,news headline,Low,inference,"Wed, 19 May 2021"
Google Billionaire Family Office,Google News RSS,Unconfirmed,described as family office in gathered text; SFO/MFO split unproven,,,,,,25,Rejected,"existence unproven: no SEC entity, website, registry location, or named principal",,,,,,,,,,,,,,,,,,,,,,,,,,,,,,,,,,,,,,,,,,,,,,,,,,,,,,,Google Billionaire Family Office Hires GIC Alum for Green Deals - Bloomberg.com,https://news.google.com/rss/articles/CBMitAFBVV95cUxNOVJYS2hzOENUOVRRY01hWDI1UWlMR3FwcGk5UTYxRktrenlqMTBKSk9QSjlXOGxqU2RXSk5Od0wySW1lNTM0M29lVDh5RkxaMUJNaUpNNklnS085NjR5alFtWlRLcE9GZnlWRm5qTEdRQ1gwME1lbUlvZjNWalRMTzlUSjhxOUtIWFZRZUJYRTMxYlBoUi11SHQ2eDY3NFFXLUlxNzZNQ3NtQzIzeU9CMnVmNWM?oc=5,news headline,Low,inference,"Mon, 11 Mar 2024"
Goldman Family Office,Google News RSS,Unconfirmed,described as family office in gathered text; SFO/MFO split unproven,,,,,,25,Rejected,"existence unproven: no SEC entity, website, registry location, or named principal",,,,,,,,,,,,,,,,,,,,,,,,,,,,,,,,,,,,,,,,,,,,,,,,,,,,,,,Rockefeller Hires Former Goldman Family Office Head Tim O’Hara - AdvisorHub,https://news.google.com/rss/articles/CBMikwFBVV95cUxOLXdLdG92cWUtQm9QU202R3puRy1BYXNmaDNhSXF1OUlaSFRNQ1E0NF9GOW93dGxLS2NnOGotaVJ6TXI4emdEUGE0TU9tNklGRFh6cFNCdFlQS0UtbGpZdHY5dDVtYnZINzdaTUdVdmNEV3pWTjhoVVZqNEJmV1VJSFR2UHJPbE1ybzltd19KWF9ldlk?oc=5,news headline,Low,inference,"Tue, 05 Feb 2019"
Boosts Global Family Office,Google News RSS,Unconfirmed,described as family office in gathered text; SFO/MFO split unproven,,,,,,25,Rejected,"existence unproven: no SEC entity, website, registry location, or named principal",,,,,,,,,,,,,,,,,,,,,,,,,,,,,,,,,,,,,,,,,,,,,,,,,,,,,,,Citi Private Bank Boosts Global Family Office - WealthBriefingAsia,https://news.google.com/rss/articles/CBMikAFBVV95cUxPelF2SWtKd0E3elBoVUhnbG05VFVXS0lPY0diQlBSdVlXWEdLYkkxV3U3Ylg4Q19iR243SFllT1ZMWXV0MWIxOC11ZXJ2ZE9hVkMzVlpnbUVhX1Fmb1paN1p6ZDd5WldSUFdiT2g5UGg3enBzc3BfU3BEREx2MDh0cVNPbHV3RUloeW9ZTGZuWks?oc=5,news headline,Low,inference,"Fri, 22 Mar 2024"
Ayco Family Office,Google News RSS,Unconfirmed,described as family office in gathered text; SFO/MFO split unproven,,,,,,25,Rejected,"existence unproven: no SEC entity, website, registry location, or named principal",,,,,,,,,,,,,,,,,,,,,,,,,,,,,,,,,,,,,,,,,,,,,,,,,,,,,,,Rockefeller Capital Hires Brian Cuneo From Ayco Family Office - Institutional Investor,https://news.google.com/rss/articles/CBMi2wFBVV95cUxNSTlaU3k0UFN1TTZ0aVF4dENBa01LbHZFWWJqc1hfa1ZuLVJORUhqOUV5SElXRFQwaVd1RjNTUFAwWXlCb2ZGSEZWRnhLZlpKOWJpQkZVZkNfZk02X0FEOU1QeWhGOVVHQVRQeXNJcEpZNmFIWEl4U1VDeExGa2tldDJXQkRuWFF3Z3lWNjZPbUh5eFFpNjZnak9rWmN6SkF6NmYtcmFvSU1KSzVZcUlEQ2g4RmFoRWx2MXROYnpNNVFieW1WaUJQaUFjWFEzWjVKa3hveDBoa3ZoZGs?oc=5,news headline,Low,inference,"Mon, 22 Oct 2018"
Hong Kong Family Office,Google News RSS,Unconfirmed,described as family office in gathered text; SFO/MFO split unproven,,,,,,25,Rejected,"existence unproven: no SEC entity, website, registry location, or named principal",,,,,,,,,,,,,,,,,,,,,,,,,,,,,,,,,,,,,,,,,,,,,,,,,,,,,,,Hong Kong Family Office Hires Former BNP Fund Manager - finews.asia,https://news.google.com/rss/articles/CBMilwFBVV95cUxQSGlMQVBCTHhSV3ZIbUVfV0VWOGtQa0h2TnNidTRVNDYxalBLaWNiaDBRMWtwTDNtRlViclJ6OVdNTmZ4cE1UTG5pQ1paY3hMbk9YSlJWWDdZeFJoMkFsZnYyWmZTZGRoMk1fQ1RnYVdnTWFRel95eTBSNHM2T18tNUN2Um9XUlZWR2FoLWFUdTVpWlNDbzRR?oc=5,news headline,Low,inference,"Fri, 01 Nov 2024"
Bernstein Family Office,Google News RSS,Unconfirmed,described as family office in gathered text; SFO/MFO split unproven,,,,,,25,Rejected,"existence unproven: no SEC entity, website, registry location, or named principal",,,,,,,,,,,,,,,,,,,,,,,,,,,,,,,,,,,,,,,,,,,,,,,,,,,,,,,"Western Flow: RBC Hires Bernstein Family Office Maven, Stifel Gets $340-Mln Wells Team - AdvisorHub",https://news.google.com/rss/articles/CBMisAFBVV95cUxPQ1BESFQ5V0I4RU1OeWZoLVdmTWI2YlI2bWxXb3diQk5xUEREaDFXbnV1cDliVi1xV2YwNDFkdXM0R1I2dHFhV2Vzb1JXekVBNmJia011REJIaW42YThnQ1pOekF4ZXo2cHMxMVJrTlU4YnBkV3ExRG4tQnFWYjV1Y0xJbnBxOXJORkc2UEs4S2VOSklQU201RzQ5aFJLazBIUl8yR01fMXZwWF91LXpmdw?oc=5,news headline,Low,inference,"Tue, 21 Jul 2020"
City Single Family Office,Google News RSS,SFO,SFO evidence in gathered text: ['single family office'],,,,,,25,Rejected,"existence unproven: no SEC entity, website, registry location, or named principal",,,,,,,,,,,,,,,,,,,,,,,,,,,,,,,,,,,,,,,,,,,,,,,,,,,,,,,Malaysia’s Forest City Single Family Office Incentive Scheme - Alvarez & Marsal,https://news.google.com/rss/articles/CBMisgFBVV95cUxQWTctTnN1TGVxUzZMMV9XclFybTQxZlFfVmJ2VHd0UUVnNFNpN0gyLVpsLUlIYUNsVU5WVlpYclpEZjhaWFNsTzFoalhpYkFGZWRLT2E1VXdFRUFWQ3FEalYza1YzdVpvS09NcEZVTDU5TVRaMUlORUpBbklGeUhVVGJoVUFIYjNEckZYNDZSeEkxLXdLNkRsTkRwRGx5dFpSeWMtZTdUR29lSjJ4cVhRUmlB?oc=5,news headline,Low,inference,"Mon, 10 Nov 2025"
Reveals About Family Office,Google News RSS,Unconfirmed,described as family office in gathered text; SFO/MFO split unproven,,,,,,25,Rejected,"existence unproven: no SEC entity, website, registry location, or named principal",,,,,,,,,,,,,,,,,,,,,,,,,,,,,,,,,,,,,,,,,,,,,,,,,,,,,,,Fiduciary Duty Under Scrutiny: What Expert Witness Testimony Reveals About Family Office Risk - Family Wealth Report,https://news.google.com/rss/articles/CBMi3AFBVV95cUxOa1JWaENvc0paelRxY2lRb2ctR1pWcmVFWV9EaEdQYkVOUUNtcFB6emxybUJZUkNDQmdYMDV4bWV1QXRvS0I0bnlMY2pkcGdWR21GR3psY1JtU2doQzhldi14VkVuTVJHTHBoVjk2U0RVOHJvaE43NUdPUmF5bXg1dVVEcDRPRGxOcVdhcGpEdW53cDRuZGx3d3E1M1lIcjk1dDk1LTltY29yekRyUUdTUGFsTVZKZ00tWk5yc0FFbVh3TVBsTVVoRklGMFkwTFBMWk1OS2kwbFhmYUFK?oc=5,news headline,Low,inference,"Wed, 08 Jul 2026"
Joins Callan Family Office,Google News RSS,Unconfirmed,described as family office in gathered text; SFO/MFO split unproven,,,,,,25,Rejected,"existence unproven: no SEC entity, website, registry location, or named principal",,,,,,,,,,,,,,,,,,,,,,,,,,,,,,,,,,,,,,,,,,,,,,,,,,,,,,,Clarity Family Offices Joins Callan Family Office - Yahoo Finance,https://news.google.com/rss/articles/CBMiogFBVV95cUxOamx6NjFveUUzNjRxNm1yOVNvbXpJcFBQcDgwbUVaY1dDaW5BaThMQTFQNV9jYkJNYXd4WklIQ0lTdVBjMm1kNnRPX2dPeGl3VXJLbHNBSmJMbUNHS1M2eURFbDJTYnJ5N2FaVmY4VGx1eEllSDNiemljQUh4MTJsT3d2aUdJTzc3RWo4dm1uTmhIS3FKVGFncm9tZ2hTWV9hN2c?oc=5,news headline,Low,inference,"Thu, 19 Mar 2026"
London Family Office,Google News RSS,SFO,SFO evidence in gathered text: ['single-family office'],,,,,,25,Rejected,"existence unproven: no SEC entity, website, registry location, or named principal",,,,,,,,,,,,,,,,,,,,,,,,,,,,,,,,,,,,,,,,,,,,,,,,,,,,,,,London Family Office Hub: Why Single-Family Offices Are Staying - With Intelligence,https://news.google.com/rss/articles/CBMijAFBVV95cUxQZ0dyaXRGRko5RmFYR1BJUmExRTYyOGlrOXh3bUFfODNEYVZfanBJcGhWV1BmcEpXcXZiVG9vcG9pXzhCa3NjeFZzZ3ViT3RLdER2am53RWU0Y01QbjNtWW5aMkw0d21JUGdjdl9Cek9OQnZkczZUODROVnJYZGlJVEVDSjFiS2w3RHdzTA?oc=5,news headline,Low,inference,"Thu, 28 Aug 2025"
Angeles Family Office,Google News RSS,Unconfirmed,described as family office in gathered text; SFO/MFO split unproven,,,,,,25,Rejected,"existence unproven: no SEC entity, website, registry location, or named principal",,,,,,,,,,,,,,,,,,,,,,,,,,,,,,,,,,,,,,,,,,,,,,,,,,,,,,,"Angeles Family Office Appoints Kate Flume as Senior Managing Director, Expands Dallas Presence - Business Wire",https://news.google.com/rss/articles/CBMi5AFBVV95cUxOUU44R3lHcjR6ZGE3NjFkZzlSRWFoTXFjcjBITjRqTm9KTWxVLTdvQnVFOVlGbUJEOXVMd2VjanZxb2ZiblBkaUEyS0NEaVpmMFZMelVRTE95TzFaNmNrOWYyZkxxSUh5Ynd1NVFHSXZUOElqYjhoc0VNeUthRkJ2RW1PLUhsaFFTbGwzc1B5Mm9DWEJocEtVM3FhM2J6MzVxdWN1TDh6cDJmaFBVdXJ4dVFzOVJaRVF2TGtjb2U3MzhXdXM1eWY1Z2lMLUNnOWxPa0tqOG1rQy1IX0NQMy1ETF9OdWE?oc=5,news headline,Low,inference,"Tue, 03 Mar 2026"
Enhanced Family Office,Google News RSS,Unconfirmed,described as family office in gathered text; SFO/MFO split unproven,,,,,,25,Rejected,"existence unproven: no SEC entity, website, registry location, or named principal",,,,,,,,,,,,,,,,,,,,,,,,,,,,,,,,,,,,,,,,,,,,,,,,,,,,,,,"Wealthspire Launches an Enhanced Family Office for Complex, Multi-Generational Families - Business Wire",https://news.google.com/rss/articles/CBMi2wFBVV95cUxOTVlnZkM5d21HRGVLYXRCcmkxNTdZS2dRa0RGeU41aHk1enN6NWhuaUItMzBDUmxSbjY0LXBqWnJaOHZVWEszcEtNV3hMa1JhWkozRHJ2Wmc4NFdZVmpCYm9aRUpJZlUxT3RLQW1QMnVXVG1vcm1kSUpJWVkzY0JjaUFlVTZfZGRRN2NZTFBWQnI3NkdaaXowRkxHOURoTjdJMWlLckM5a0U2WDVrMi1JM201NkdVanlaaG9Yd0ZfNDFOUncxZU1pcXQ4VjFXYVZBdU5Nd1BIMzB6Wk0?oc=5,news headline,Low,inference,"Mon, 02 Mar 2026"
Launches Enhanced Family Office,Google News RSS,Unconfirmed,described as family office in gathered text; SFO/MFO split unproven,,,,,,25,Rejected,"existence unproven: no SEC entity, website, registry location, or named principal",,,,,,,,,,,,,,,,,,,,,,,,,,,,,,,,,,,,,,,,,,,,,,,,,,,,,,,Wealthspire Launches Enhanced Family Office Platform - Pulse 2.0,https://news.google.com/rss/articles/CBMifEFVX3lxTE1nU1RWOG1XMmt1ampmZzdsRjM2WnVQRGk1SW5vT1NJSWZEMVFvM0NRelZna2twbU5ONmNHYkZLOW41eFE2V1B5dTZuVlQzbmkxSHVNV2UxSHY4M2gzY1dfdlVCdm1GMUxQUXhTRGRSNy1XbmlaTHM5cXdsZVXSAYIBQVVfeXFMUDA0elhKdERHRlRuMVcxVmw4V0I5b1VTYnJISzgxak9qcVZvZVBqckZmUnVRbHZ6VmEzd05jcjNNRm9ZTUZWdW9wRjhZZEtLbzJTdC1fajFoN2p6dHV2X3BkMzJ2bl9YQmdnR0VBeXVVbm9OWHhiWUhHZ2FZdTNFSnNEZw?oc=5,news headline,Low,inference,"Mon, 02 Mar 2026"
Simplify Single Family Office,Google News RSS,SFO,SFO evidence in gathered text: ['single family office'],,,,,,25,Rejected,"existence unproven: no SEC entity, website, registry location, or named principal",,,,,,,,,,,,,,,,,,,,,,,,,,,,,,,,,,,,,,,,,,,,,,,,,,,,,,,MAS to Simplify Single Family Office Tax Scheme Amid Growing Competition - Hubbis,https://news.google.com/rss/articles/CBMinAFBVV95cUxNajlad09ibGpCVjJtMHMwUnN5UmNiTUJvMzF5Z1M5VnpJNTdMZEE4QWxRbk9lSkppbmhoekxKR0k1SnhPclR0ZnhYQ3FVLTJXSl9uM0V0T3FLcUVsclRUNllBbl85blgtdTY3TVd2R0xDODVoWW9ZbnlQS2tpa3pkNkpUUXVfa3JBVm5XZ3dndW9OMzIxdUNlaWdlQzY?oc=5,news headline,Low,inference,"Mon, 06 Oct 2025"
Revised Single Family Office,Google News RSS,SFO,SFO evidence in gathered text: ['single family office'],,,,,,25,Rejected,"existence unproven: no SEC entity, website, registry location, or named principal",,,,,,,,,,,,,,,,,,,,,,,,,,,,,,,,,,,,,,,,,,,,,,,,,,,,,,,Singapore’s Revised Single Family Office Framework To Take Effect June 15 - Crowdfund Insider,https://news.google.com/rss/articles/CBMiigFBVV95cUxOa19hZ2x5RGdXRldsYUFrZ29DQjh0cDZFY0UtcDh4WF9VR0paR05wLUZLajl6bmtYTXRuV1NON0hPWnU0WTlxV2xIbXBKN3p0UDc4VlZnSzZzVGlndEkxSGpkTXVUOWRmd3F5eGJlMUkxWE90S0hkaS12ZEQyMHlFcV80RnVlYm45Nmc?oc=5,news headline,Low,inference,"Sun, 14 Jun 2026"
Lean Single Family Office,Google News RSS,SFO,SFO evidence in gathered text: ['single family office'],,,,,,25,Rejected,"existence unproven: no SEC entity, website, registry location, or named principal",,,,,,,,,,,,,,,,,,,,,,,,,,,,,,,,,,,,,,,,,,,,,,,,,,,,,,,Wood Next’s Julie Lawson on Building a Lean Single Family Office - Institutional Investor,https://news.google.com/rss/articles/CBMipwFBVV95cUxNUWRIOGQ0cHRyS2xrZ19TbFlKUVBrc3JRMkRCandmMUhQYU9UM0wzR04ySmR4ODZXUy1wam9reUp3bkVWTmt5STlOWlc4UUMxQnNFWXVLSkZiNzVWRWc4akhGX1pxUFp5X2lIT0lfTXVxU19JNjN5RGVFRUM0MHlZeUw3NVgyZVRqcFpxNnduRXlEM0tlYm53cGFrSW9VempmdlRmaUU3TQ?oc=5,news headline,Low,inference,"Thu, 31 Jul 2025"
Matter Family Office,Google News RSS,Unconfirmed,described as family office in gathered text; SFO/MFO split unproven,,,,,,25,Rejected,"existence unproven: no SEC entity, website, registry location, or named principal",,,,,,,,,,,,,,,,,,,,,,,,,,,,,,,,,,,,,,,,,,,,,,,,,,,,,,,BW Forsyth Invests in $3.4B Matter Family Office to Fuel Growth - dakota.com,https://news.google.com/rss/articles/CBMipAFBVV95cUxQbW9PRHFhNHlfUlRYVWprUFEzQ180dkcxQ2tPT0JoSmV6VmZqMURzQWVnN0RjSnFsd1RPMzBpa0IxMmxSUWtEbC1nX2dURHJLV2x5QlpaNjZ5TThGNk1lVzFFMUNKM1dHeXU4U2txX1hlQTBKbmdCVTJFODVfLW9hNzd6XzdVQVNITDJZbEtBaDV3Yk9xaFdTRjFuckw5OUN0dGR6UQ?oc=5,news headline,Low,inference,"Fri, 04 Oct 2024"
Raintree Family Office,Google News RSS,Unconfirmed,described as family office in gathered text; SFO/MFO split unproven,,,,,,25,Rejected,"existence unproven: no SEC entity, website, registry location, or named principal",,,,,,,,,,,,,,,,,,,,,,,,,,,,,,,,,,,,,,,,,,,,,,,,,,,,,,,"[Funding alert] Raintree Family Office, ADB arm, others invest $4.9M in Smart Joules - YourStory.com",https://news.google.com/rss/articles/CBMihwFBVV95cUxNd1d1VkpqX3RScmlmZ1QxbWg0MUxGcElWenJpdlVBSmlMUG8tRThsenpyOFg4a1dMMnF6MjdxZEZHOWt6OHhyYnFVbl9SM1NSMUlXU1BrUEszekJxWlU5bzB3VTlJNXU2ZE5oa0J6cTExQTZYZ0lLckIzbjE3N21GcDI1VE11RWM?oc=5,news headline,Low,inference,"Thu, 22 Apr 2021"
Hilton Family Office,Google News RSS,Unconfirmed,described as family office in gathered text; SFO/MFO split unproven,,,,,,25,Rejected,"existence unproven: no SEC entity, website, registry location, or named principal",,,,,,,,,,,,,,,,,,,,,,,,,,,,,,,,,,,,,,,,,,,,,,,,,,,,,,,Hilton Family Office Acquires Controlling Interest in Technology Labs to Advance AI-Powered Investment Intelligence - EIN Presswire,https://news.google.com/rss/articles/CBMi9AFBVV95cUxQbTFkQk9PVWFQXzNUeElnaWdUN2dtakZoc0R0eDhSeEhGRG80ZTZXdllSOUoyN1NOak5zZ2VyR09tSEJ5QnJ6LUhmYkFRTHN4Zldrc1BRaS05TERfbE0wcVp5VmR3NVJiTkd3bEswaTEyaXNGVXVPQXpvOVdlMFRlbUgtWTRtWEFlTFdCZ2RjRXNsZy1sSm1oald0R0hrUUlZZXFoRDB3RGx3VVBIOVg0NGtIX19peTVTa2ZneE5XYXlsSG1HZGw0cUZfbGk0RUtya0lPdEc3Zy1qcDg1SU04ak0zTnlnOHFvTXVnMURDamp4VWlf?oc=5,news headline,Low,inference,"Wed, 22 Jul 2026"
RIA Callan Family Office,Google News RSS,Unconfirmed,described as family office in gathered text; SFO/MFO split unproven,,,,,,25,Rejected,"existence unproven: no SEC entity, website, registry location, or named principal",,,,,,,,,,,,,,,,,,,,,,,,,,,,,,,,,,,,,,,,,,,,,,,,,,,,,,,RIA Callan Family Office Acquires Clarity Family Offices - connectmoney.com,https://news.google.com/rss/articles/CBMimgFBVV95cUxOaE43ajNGaDVMT1RvTmloV2w5S3I5d2Zlb01RVENFbEZmYl9YcDNxN3RibkVhRXJUcE9ldDhCaVA3VFNpM1FCNUFxSF9EaDBxdXNIN1psemppVWhiR0ZOckZXRktxQ3NfR3hEUGZSTldYa0tKOWl4dkNCZlN1aTVMZk1UbGRFSXM4VGxENEdRa3VmdkRUa1U4TzB3?oc=5,news headline,Low,inference,"Mon, 30 Mar 2026"
Launches Emigrant Family Office,Google News RSS,Unconfirmed,described as family office in gathered text; SFO/MFO split unproven,,,,,,25,Rejected,"existence unproven: no SEC entity, website, registry location, or named principal",,,,,,,,,,,,,,,,,,,,,,,,,,,,,,,,,,,,,,,,,,,,,,,,,,,,,,,Emigrant Bancorp Acquires Fortis Management Group and Launches Emigrant Family Office - PR Newswire,https://news.google.com/rss/articles/CBMi2AFBVV95cUxNMFhRM0wzSk5YelRpX1ZPT01hNjdzZjdxQ1JicXB0UWxybEtkb21zNmFzYlItZ1ozSFNjaXRBbXlVT0htODBtRjA3Vk1aaXFVdlhMSzI0TFFwYWRQbVpobW83Z2JoN3JvTDdLTU85dEREeEpxb29GejgtYllSeUt2bDV1eTIyZ29MREVCcF9DVWF3S2RrUzFxLVBoTUxuUVZaS095bEVqZ0pEaUV6WG1LdWtiZldYRTFOOC1KVThBTHRzYTN0WUFoZDZIZHc1dGlNTldMbGdkMVo?oc=5,news headline,Low,inference,"Wed, 04 Mar 2026"
Expand Ultra-High-Net-Worth Family Office,Google News RSS,Unconfirmed,described as family office in gathered text; SFO/MFO split unproven,,,,,,25,Rejected,"existence unproven: no SEC entity, website, registry location, or named principal",,,,,,,,,,,,,,,,,,,,,,,,,,,,,,,,,,,,,,,,,,,,,,,,,,,,,,,Caprock Acquires $4 Billion Firm Venturi Private Wealth To Expand Ultra-High-Net-Worth Family Office Platform In Texas And Oklahoma - Pulse 2.0,https://news.google.com/rss/articles/CBMi5AFBVV95cUxPczZic1U2M3RxNlB2UUc1TWxWZlpxZDBYa05YS3BxaTNRT2xHODhMbEoxTjF4OWtDTWdVRjlwLTA0elRvc29YX2tiT0ZVQ2d4RldEVHBqcmV2SXlfdkhzbFhWa1BhY3FuZ3BTWjN5VXAwVm5abFVFVnktUU5GbmRNaWZoQzdqbjVYOVVXVUdxaTg5ZkxCT09TZnM3TUYxSDBxY29pWlZkdHZzYVJtbW03RjU0dncyVDdrdmIxcmt0X093VVI4SUIzcWE0LTdkRjFLTjFsUlFubDBKOTlkV0ZtRDZUbjDSAeoBQVVfeXFMUFFPSzZORzJta3dWTTdiQXlTS29NMXJINFdFRU1YWU40WndOQVpQSE1tekxucVdqZk1lSUFyNW9SS2lySXZFY3hLZjZqSDYtVFdOVVhRUDhadjdzOVRrcXNaQU5Qdkhfem5ZTTZZYUhRQTE2aV81VDY2R2dSdVlzVndNbG9HZkFrV25mMjdfdG8tUktPbHpxUmw4OGRiTTNCUjZOQkdod1NOWHpucVlzWnJUSGY4UEFvZWdPeEN1aXpzU0ZUX3g3M01tYXlLNUlLSF83bmVDUGk3S1REQ3h5LW95UmlYWGZoV1l3?oc=5,news headline,Low,inference,"Tue, 14 Jul 2026"
Seed Family Office,Google News RSS,Unconfirmed,described as family office in gathered text; SFO/MFO split unproven,,,,,,25,Rejected,"existence unproven: no SEC entity, website, registry location, or named principal",,,,,,,,,,,,,,,,,,,,,,,,,,,,,,,,,,,,,,,,,,,,,,,,,,,,,,,$2.7B Angeles Wealth Makes First Acquisition to Seed Family Office - Wealth Management,https://news.google.com/rss/articles/CBMiuAFBVV95cUxPSzQzaXQxcWVwTWs4TFpuMlgyRnJFa2RuZG5FQXR4QXJHN1JFbXc5YXNjS19Fd1FXRlZFYXl2OTMtcGdzZDVISG5lVG1tMVRWNkxMYTRCc2NYeVNlX1ZDempEbzBVMFQzZi0xbmJmMkRXei1kUXVQQXZKajd3RXlhejVRLWRVdzB1eWphOVdjY2J5OWJxVlV1LXpQbndMNUlDX1lMV0JyQk1jb3gzbTZpR2ZVdU5yNmhW?oc=5,news headline,Low,inference,"Tue, 13 Jan 2026"
Launches Angeles Family Office,Google News RSS,Unconfirmed,described as family office in gathered text; SFO/MFO split unproven,,,,,,25,Rejected,"existence unproven: no SEC entity, website, registry location, or named principal",,,,,,,,,,,,,,,,,,,,,,,,,,,,,,,,,,,,,,,,,,,,,,,,,,,,,,,"Angeles Wealth Management Acquires XO Capital, Launches Angeles Family Office - Business Wire",https://news.google.com/rss/articles/CBMizgFBVV95cUxNME1IWUhIcHFWRjNEQmVma05pQ1FZOTZ3bzYtclg2Ym1KWmhfdHpqWnU3bUF3b0xUeDN5cU9wa19wVVZmRG1acWlYTTBnaUdLYkJVcGwwMDlqQmFjck5IWXdOR1JZTE1RQWNTYi12eFlucUd4MTU3bU5SWEh6NlhLSFZ3QWN5UGxQeGNkbEs5VWtzLUM3YTRTRDU3VjNYeWE3NkFHcU5JODB6bThFaUhfc2piX0VzQzZfazUxVjBlYWt3ZVBBa2xRS1Y0S25idw?oc=5,news headline,Low,inference,"Tue, 13 Jan 2026"
To Build Family Office,Google News RSS,Unconfirmed,described as family office in gathered text; SFO/MFO split unproven,,,,,,25,Rejected,"existence unproven: no SEC entity, website, registry location, or named principal",,,,,,,,,,,,,,,,,,,,,,,,,,,,,,,,,,,,,,,,,,,,,,,,,,,,,,,"New Zealand Mining Tycoon To Build Family Office, Sells Shares – Reports - Wealth Briefing",https://news.google.com/rss/articles/CBMivgFBVV95cUxOcGZxQV9vcUZLalFfdXd1ZDNDd0U2ZWtiaVlXZWo2NUtqWlZCTlhxTnhpbmtLYkNyUXpaZTd0ZVNsb0JmTkpRWjVMSkgwUjgxWjNaUVJCVWxRNEJvdGdZbVlpcTdMV3JYWlFtNVdpMXh2bGxUTTVjSnBVdVRjdWs1ZXhhcUhacWQ4QUZuRFhjZk9hc0V4emN6bjVxRmxORU1mSTR1MTlZY2FyVGl6NmJFZEdIWjJJblR5dDUwb1pn?oc=5,news headline,Low,inference,"Tue, 19 May 2026"
Builds Out Family Office,Google News RSS,Unconfirmed,described as family office in gathered text; SFO/MFO split unproven,,,,,,25,Rejected,"existence unproven: no SEC entity, website, registry location, or named principal",,,,,,,,,,,,,,,,,,,,,,,,,,,,,,,,,,,,,,,,,,,,,,,,,,,,,,,Emigrant Builds Out Family Office Capabilities With Acquisition - Family Wealth Report,https://news.google.com/rss/articles/CBMirwFBVV95cUxOd0txbmdGMzlKWFFTUG9HajkwMTdvX3NTQUN2NUFKdV8xVVRUV3hCaVk0X215M2Y3Tkh4dE13aFBvMWpFTF91T1dMXzNuNzVFdko5aGVudWljRUgzcE9SbGpPVUR6RElOcGN5bnRpWjlYSzFyVVhDdXBRYXBjVUdLSWpLbGhpcVFtUy0tckppVTZxTVJSQmtRT3YxajdfVHRuOWROSWtuVnItS2VKTmpz?oc=5,news headline,Low,inference,"Thu, 05 Mar 2026"
Launch Family Office,Google News RSS,Unconfirmed,described as family office in gathered text; SFO/MFO split unproven,,,,,,25,Rejected,"existence unproven: no SEC entity, website, registry location, or named principal",,,,,,,,,,,,,,,,,,,,,,,,,,,,,,,,,,,,,,,,,,,,,,,,,,,,,,,Emigrant Bank Acquires Stake in Fortis to Launch Family Office Platform - connectmoney.com,https://news.google.com/rss/articles/CBMirgFBVV95cUxQVldLWG5sRWdCUF82aTlfOUFrNnliQkFTRElfejN0QW5mcjRpVzdjNFFvYkZSTE01NGh3R2lzblBudnhyUlN5RnNtQms4cmhNbkRNa3BqUV9uM01yQTM3aEtCcl9scnB3RlhvOW15OWxxNGl1NkFFYTJQUGRwalUxMERXYmc3N3l2MEFNT3BLVUNaSnR4Z0JMNEVqMWptVkl0SDkyd1ZjRzZ2b0VvVnc?oc=5,news headline,Low,inference,"Mon, 09 Mar 2026"
Fiduciary Family Office,Google News RSS,Unconfirmed,described as family office in gathered text; SFO/MFO split unproven,,,,,,25,Rejected,"existence unproven: no SEC entity, website, registry location, or named principal",,,,,,,,,,,,,,,,,,,,,,,,,,,,,,,,,,,,,,,,,,,,,,,,,,,,,,,Fiduciary Family Office Eyes Acquiring Other Female-Led Firms - Family Wealth Report,https://news.google.com/rss/articles/CBMitgFBVV95cUxQNXp2NXIxdnhiaG9MeGdDblJ0WVQyd2NrZzg3eVY2M2Mxa2hPMkh5blRhZldwS2FENTBldy1BenFnZlJrcGc3UXV3RnE1SU9UUmVXdGFLeVd1ZEJSVnU0aDFjbFlZWGlpcGN6RGRDa0hmNUV6a1hGZmhXRTVLRFNZamcwMkpRX1pqLTBEMnRhcnhhS3FSOWpzdHBNOFZPVHA5STBnMzNaUk0tSWJVNlN6RVplZmplZw?oc=5,news headline,Low,inference,"Wed, 03 Dec 2025"
Wealthspire Opens Family Office,Google News RSS,Unconfirmed,described as family office in gathered text; SFO/MFO split unproven,,,,,,25,Rejected,"existence unproven: no SEC entity, website, registry location, or named principal",,,,,,,,,,,,,,,,,,,,,,,,,,,,,,,,,,,,,,,,,,,,,,,,,,,,,,,Deals & Moves: RFG Adds $200M RIA; Wealthspire Opens Family Office - Wealth Management,https://news.google.com/rss/articles/CBMirwFBVV95cUxPREVXTkE5RDZiLWlqVVIwMy1wemg2MWItcmVKc1FYQUVUS0FfNzlxdlpubDZtWFdFSUR4VFBNRFVJYi0zY3hLMS0tWHp1a3N3Ry1NcXppNWMyWjU1b0hYanJOQUgyWGh3c2Jzc0trcG92WDFXenhMYTJwVHpmMEo0d2kyTUwzbEpiRUNRTHlsc0NGc0ZtSTRzekNMWEwzNkk5RzVhZnBEOHhOYmpmLXFv?oc=5,news headline,Low,inference,"Tue, 03 Mar 2026"
Presence And Family Office,Google News RSS,Unconfirmed,described as family office in gathered text; SFO/MFO split unproven,,,,,,25,Rejected,"existence unproven: no SEC entity, website, registry location, or named principal",,,,,,,,,,,,,,,,,,,,,,,,,,,,,,,,,,,,,,,,,,,,,,,,,,,,,,,"Wealthspire To Acquire Fi3 Advisors, Deepening Indianapolis Presence And Family Office Capabilities - Pulse 2.0",https://news.google.com/rss/articles/CBMiugFBVV95cUxQUnRYMlVYV3hGZHNfQWlod2xfbkhEaGs2bVFJc1BRb1VJQmgzVmhRT00zeXJYTFJBTlhaeElwQkJISUVlVEVvSlBQQmRtU2ZUUWFuTzBLWmMwSmhUR1dnYjM3NEVtTUVqWmZ3ajlVdzhFLWIzY2tWT2JGSGo0QkdrMkxKakdTY09aN1ZyNGVwcW14VEg4ZE5VZm9rQ05vbm9mUWM3RWo1MXFiVEM2bExHd1dUMWN2WFRrVmfSAb8BQVVfeXFMTnVpSWY5dWR5b0tucjRULXZ4R2pqdFVyVWctdGR0NzNtNHlqTEd0LUpSeDROc2w4alBQZk53OTVKWFNrek5WWl9yRC1EdnpsNlk0dzNoSmNnTkVCUGxMWlhlbGdpX0d0REFVNFREVWl1MWhPWWVEZEFGWmlqdmlDaDBTTkl5N2hIa0QyUHg2YkxlMUZYZjNfRUtJek5qaWNFT0stQ3NYVXh6MjV0ZWdxR0FVRGs5aEJnNkxaMzJzVEk?oc=5,news headline,Low,inference,"Wed, 06 May 2026"
Mitchell Family Office,Google News RSS,Unconfirmed,described as family office in gathered text; SFO/MFO split unproven,,,,,,25,Rejected,"existence unproven: no SEC entity, website, registry location, or named principal",,,,,,,,,,,,,,,,,,,,,,,,,,,,,,,,,,,,,,,,,,,,,,,,,,,,,,,Mitchell Family Office Announces Acquisition of Luxury Beauty Retailer Cos Bar - PR Newswire,https://news.google.com/rss/articles/CBMizwFBVV95cUxNMFRhUE9tQ2poR19TVTBMZy1fYVhTaVlkRXdpdzRldElkbUtBUWlmd29sM0R1cGdVUzNUd2lpRVh4cGFyODZ2SGhLcTl4b1VHc1JvZ1l5Q21rNnhBbHduS0dmYnk0U01INDRXSnF0OEJlN2VhVG82bm9oM05NX1RISjFMVmVBd0plTEw3YktIMTFMX240WlByclc2ZEpKRFRnTTItXzY1ZWQwMWlwLVpLZ1NlU0pEQ1g1WTMxb091WndwUzZfaUo4b0hOUHhtZHc?oc=5,news headline,Low,inference,"Tue, 16 Sep 2025"
To Mitchell Family Office,Google News RSS,Unconfirmed,described as family office in gathered text; SFO/MFO split unproven,,,,,,25,Rejected,"existence unproven: no SEC entity, website, registry location, or named principal",,,,,,,,,,,,,,,,,,,,,,,,,,,,,,,,,,,,,,,,,,,,,,,,,,,,,,,Cos Bar Sells To Mitchell Family Office After Violet Grey Doesn't Move Forward With Acquisition - Beauty Independent,https://news.google.com/rss/articles/CBMingFBVV95cUxNN0EwTGNLb0llblc5RkNvMENBNUxpVjg5bmZDRlVVNXVfTE1KMWIydHFUZkhCUzBYZnVaUEtfSG81NHAxajNBaGxad0NQbnVBUDBiNUh2T0txSVpvaXg3SWxud3lWVmhRUTZHR3BHU095N2ZlcFpnQzhZQTBsdEpBM3Z2U1NxNUZDWkIyS203eHhxWnRvcnlpMEZldTI1Zw?oc=5,news headline,Low,inference,"Tue, 16 Sep 2025"
Firm And Family Office,Google News RSS,Unconfirmed,described as family office in gathered text; SFO/MFO split unproven,,,,,,25,Rejected,"existence unproven: no SEC entity, website, registry location, or named principal",,,,,,,,,,,,,,,,,,,,,,,,,,,,,,,,,,,,,,,,,,,,,,,,,,,,,,,"Allen Family Capital, The Investment Firm And Family Office Of Byron Allen, Has Acquired A $25M Stake In Starz - AfroTech",https://news.google.com/rss/articles/CBMixwFBVV95cUxOdWx2U3BteVB6WjF0Qko5ZmxsMjlCZEJaSjJlZ1VWbFA5aEQzWkM4aEdZdHZhd0I2WnBMSFpaVWdXN19oN1ZZQV9RcnU2dlFWTFpTVUQtWGF6SEtmRGMwdFlzRWI5TnJtR0xRN2lPeXVHWUNPbFRjb1U0TXFWZXhqX0lXbk1HVUpMS2pIeUZNbHlBcEZOdVdBTy1lN2lWQVgxT2lGTm4wNHFvOHphR0lSM0YwNktMSzFfbERVemZsNnczNVhhbmVZ?oc=5,news headline,Low,inference,"Mon, 09 Mar 2026"
Swiss Family Office,Google News RSS,Unconfirmed,described as family office in gathered text; SFO/MFO split unproven,,,,,,25,Rejected,"existence unproven: no SEC entity, website, registry location, or named principal",,,,,,,,,,,,,,,,,,,,,,,,,,,,,,,,,,,,,,,,,,,,,,,,,,,,,,,Swiss Family Office buys Lixa D - EurobuildCEE,https://news.google.com/rss/articles/CBMiekFVX3lxTE01ZHpSbE9tbFNoT1hJOHhnOGZMUDRSanlRUV9JcG5CZnpsaWhvN2dmeXMzMUZVNDZBaHhlRWF0cWtQcHZqaWRTb28tbWF5RWwtWFFveC1YU1U0dlZzdVlObmRkdUluRFR1VzRxVll4Z21Xc3pzNFBWSzB3?oc=5,news headline,Low,inference,"Mon, 23 Mar 2026"
Arthur Hayes-Backed Family Office,Google News RSS,Unconfirmed,described as family office in gathered text; SFO/MFO split unproven,,,,,,25,Rejected,"existence unproven: no SEC entity, website, registry location, or named principal",,,,,,,,,,,,,,,,,,,,,,,,,,,,,,,,,,,,,,,,,,,,,,,,,,,,,,,Arthur Hayes-Backed Family Office Seeks $250M to Buy Crypto Service Firms: Bloomberg - CoinDesk,https://news.google.com/rss/articles/CBMi2wFBVV95cUxPTVJLSENBVzFVcnFBM0ZuTlBjb0ZjbDQzU2ZpUDlIUzdWSWZvdkZkc2JDZlJvZHg2bjh3a3FnRENtNnQ0eDA0Ukt4RnoyRmd2M2pxQUhwRXpwUUY4SGg1MHFIQndmUm81UU1TQjRZaUczZ2hBcTFaV3QtVkNIZEM3cVd5eW84VUJobm9WbzRUQXFsMlZZc2Fhb2hfUndUSzR2ZlplTWo1TXJRYklVR0Nkb1d0S1U5RTZPaWktbDdjcGc4cGVYbVVRb3pUejVwcUxUNlhLQ3RHN1FWSXM?oc=5,news headline,Low,inference,"Fri, 17 Oct 2025"
Billionaire Family Office,Google News RSS,Unconfirmed,described as family office in gathered text; SFO/MFO split unproven,,,,,,25,Rejected,"existence unproven: no SEC entity, website, registry location, or named principal",,,,,,,,,,,,,,,,,,,,,,,,,,,,,,,,,,,,,,,,,,,,,,,,,,,,,,,Billionaire Family Office Acquires $65 Million of HeartFlow as Stock Jumps 70% From IPO - The Motley Fool,https://news.google.com/rss/articles/CBMi1AFBVV95cUxPdlRld2ljbWhtYUd4VElCZDJuOGlvaHg5ZEVPVks3djdJTGVtN2xMUF82eUpReEdsZmdfWHZPREM1bzN3NVlfU2Vad1Y4a2JfaGc0bWNyaWtZanpsbklwdFNOa0s2SGQ1YlpLNTNMVnRVZk1heWNqY3Z6Z3FDTFZPRmdoM0JDY3VkOFFsUFBTTk1qV0hyWGFRWENpSmhfUmExQlF3RVlLQnZ4ZHZhNjY3WUxZS2RIM0l4ZE9DVWp6SkwxdFMxU1ptVGpUMXZTRWZWdFVwMw?oc=5,news headline,Low,inference,"Sun, 30 Nov 2025"
Dallas Family Office,Google News RSS,Unconfirmed,described as family office in gathered text; SFO/MFO split unproven,,,,,,25,Rejected,"existence unproven: no SEC entity, website, registry location, or named principal",,,,,,,,,,,,,,,,,,,,,,,,,,,,,,,,,,,,,,,,,,,,,,,,,,,,,,,Mr Gatti’s Pizza Sells Majority Stake to Dallas Family Office - QSR Magazine,https://news.google.com/rss/articles/CBMimwFBVV95cUxObXFXZDRMVy1OeVpWXzJVa0VQSUlteG1UeFdFTUhYOFNGZlRHdVcwMzAtQ2FBQ3kxY0xTUXJ3QWhLSFZEamZEaFFlWFhfREtuSUpUVjYyQWN1ak51bUw5Y3R3TUJmdVhTNExlTUJ5ZWZSVVJWNHkzbTBhY3h2cDhSN3R3U1BPS2JrQTRCVkhBMUdCOUlOdW5icWxMSQ?oc=5,news headline,Low,inference,"Wed, 21 Jan 2026"
Capital Starts Family Office,Google News RSS,Unconfirmed,described as family office in gathered text; SFO/MFO split unproven,,,,,,25,Rejected,"existence unproven: no SEC entity, website, registry location, or named principal",,,,,,,,,,,,,,,,,,,,,,,,,,,,,,,,,,,,,,,,,,,,,,,,,,,,,,,Prime Capital Starts Family Office Via Acquisition - Wealth Management,https://news.google.com/rss/articles/CBMiqAFBVV95cUxNbTFlTXRkQmZhcDVkSTBSaWJjU2xrN1RWSUx0cTdLQkVvYXp4enQ3R0VuZWgxNkR4Yl9TQWxRN0Q2dGQ2YTRhbmJ4emhFZ0xWQUNQdFNhckNmYWduLU9LbldmaDIxYnduZUNLbTdwaFU3Q3EtRzBfZ2VaZF9FdDJSNE0tN2MtVjQ2UTc4UkdUU3M2M2hudEZ1bENkWHFkTHc1Ny1wS3hKOGQ?oc=5,news headline,Low,inference,"Mon, 03 Mar 2025"
SEI Family Office,Google News RSS,Unconfirmed,described as family office in gathered text; SFO/MFO split unproven,,,,,,25,Rejected,"existence unproven: no SEC entity, website, registry location, or named principal",,,,,,,,,,,,,,,,,,,,,,,,,,,,,,,,,,,,,,,,,,,,,,,,,,,,,,,Aquiline Closes Acquisition of SEI Family Office Services Unit - ai-cio.com,https://news.google.com/rss/articles/CBMilgFBVV95cUxOMzN1ZHU4S3pFQW9KejJqSWFtOV9tdFlsQk1VQlNqVHFVZHJtZlhPS29LVWNDbXVoaW1fT0RRaVQxZHRiZ0hscmJsUzh4dXl5RGZtdWtxN3NkYVB2Nmg4T0U1VGo1TXl2cXIzSVIxQUZCb3hXdUp0eHZXaDZnZlRBbGZrOW4xYWRVRkJ4OUdneGMxS0l2VFE?oc=5,news headline,Low,inference,"Mon, 07 Jul 2025"
SKH Family Office,Google News RSS,Unconfirmed,described as family office in gathered text; SFO/MFO split unproven,,,,,,25,Rejected,"existence unproven: no SEC entity, website, registry location, or named principal",,,,,,,,,,,,,,,,,,,,,,,,,,,,,,,,,,,,,,,,,,,,,,,,,,,,,,,SKH Family Office acquires Rotana resort in Ras Al Khaimah - News - connectingtravel.com,https://news.google.com/rss/articles/CBMilwFBVV95cUxQZkNHZ0g5WVNnU0dEWG9wQmJFVUhXSDZ1alkzMzM3eHdaaThrMjNYUzI5RTRBUFBDRTRORlRzSEtRWWkyZTdFTlBaNm9mM29QZ3kzSVBxLWxWN1ZzYldHMk5XZ3RRMDlSTEY0Tk5faUhzN2E1TDU5Qmx1Ujg2SktuaV9zckNORmVjZnl0ZFE2MWpCVkRMcTJn?oc=5,news headline,Low,inference,"Thu, 15 Jan 2026"
Boston Multi Family Office,Google News RSS,MFO,MFO evidence in gathered text: ['multi family office'],,,,,,25,Rejected,"existence unproven: no SEC entity, website, registry location, or named principal",,,,,,,,,,,,,,,,,,,,,,,,,,,,,,,,,,,,,,,,,,,,,,,,,,,,,,,Boston Multi Family Office acquires Aqua Group - channeleye.media,https://news.google.com/rss/articles/CBMifEFVX3lxTE1ZUFBiZ2V6b0VuRmZIcWJRX1gwdFU4NDhUbnRSRGs3TGFfY0hjUmFfM0pNX25DT29BSHNKZjNwMW9MTmN1U2UzejMxUDczYmhldlVJay0yS211Q2xnNWR2a1ZrUlRCdWE5d0NLWVpHNGtLbENrWXNEWW55MkQ?oc=5,news headline,Low,inference,"Tue, 04 Mar 2025"
Kong Billionaire Family Office,Google News RSS,Unconfirmed,described as family office in gathered text; SFO/MFO split unproven,,,,,,25,Rejected,"existence unproven: no SEC entity, website, registry location, or named principal",,,,,,,,,,,,,,,,,,,,,,,,,,,,,,,,,,,,,,,,,,,,,,,,,,,,,,,Hong Kong Billionaire Family Office Backs $100 Million AI Fund - Bloomberg.com,https://news.google.com/rss/articles/CBMisgFBVV95cUxOVDR4SzFERUNnN2wzMHVxTmpRZV9UUXE0cnZ6TXA2VUVjTThMaHlzenNTek83bUk0aVdNYUtpVm9SdnpUaDcydDU3bTNrNGhXUTJseW5jU0R1c0NBZ2o2b3BId0lzZGRSMjFqNnZkdm4teTV4Q3ZCMjhpOC02Z3RwbHY0c2tNZXNWR2dyVlFEemdrbk1IOGRBOU1wR1JjTW1CV0lLc2U5UnpkZ2Iwd0FSM09n?oc=5,news headline,Low,inference,"Tue, 03 Feb 2026"
Duquesne Family Office,Google News RSS,Unconfirmed,described as family office in gathered text; SFO/MFO split unproven,,,,,,25,Rejected,"existence unproven: no SEC entity, website, registry location, or named principal",,,,,,,,,,,,,,,,,,,,,,,,,,,,,,,,,,,,,,,,,,,,,,,,,,,,,,,Duquesne Family Office Cuts Back — Then Loads Up on New Bets - Institutional Investor,https://news.google.com/rss/articles/CBMinwFBVV95cUxPMGFkN0U2VDlvdXg2X1ExNTlUdENoMGV5RV81N3doQmRCZExfaWlNdWNhNV92T0NMT0EtY1RPNkx6bTdwWnl0WC0wXzFaM1RtTUFQZHpaVzhIUFFSODJyNHp6VWJ5dVh5NmR0amlyY0dIYUpOUXZIQWlzcXhnV1FUUjJ3SFFnVHFLUWFDWGpfVmpXWU1Bd2xPLWtDSmlzN0k?oc=5,news headline,Low,inference,"Tue, 19 May 2026"
Bass Family Office,Google News RSS,Unconfirmed,described as family office in gathered text; SFO/MFO split unproven,,,,,,25,Rejected,"existence unproven: no SEC entity, website, registry location, or named principal",,,,,,,,,,,,,,,,,,,,,,,,,,,,,,,,,,,,,,,,,,,,,,,,,,,,,,,"Follow the Money: Bass Family Office Backs FoodMaven's $15.3M Series B for DFW Expansion, Theatro Nets $20M in Series C Funds - Dallas Innovates",https://news.google.com/rss/articles/CBMizgFBVV95cUxQTW9OTTBsT2x5QXcxSDRWYUY4R24xS19CVWMxZXJqd2xleXFmZmh6VnJua05oWjhkVVpMdFRqTk5mTkFrYzNDSzRjVjd3OGVCS2o1SUlIQzBlekU1UjdXT1I0VFl0d1hUdFFCNTlwcENqWlN1TlVCNGRRT2ZQZ2JvVUV5UTE2OXU0WG4yNWVLN0QyZkN4dlFzcGVkTkw3bjc3R3ZFVWFEczZyWFU2RHBhdFczRHJxODh6RTkyVlFjVzNlRnhYRUNYR21BYTlOUQ?oc=5,news headline,Low,inference,"Thu, 12 Dec 2019"
Ved Family Office,Google News RSS,Unconfirmed,described as family office in gathered text; SFO/MFO split unproven,,,,,,25,Rejected,"existence unproven: no SEC entity, website, registry location, or named principal",,,,,,,,,,,,,,,,,,,,,,,,,,,,,,,,,,,,,,,,,,,,,,,,,,,,,,,"Ved Family Office, Ananta back $250M IGF fund for Indian brands going global - YourStory.com",https://news.google.com/rss/articles/CBMipwFBVV95cUxPTDB3Unl4QnBmaDA0WEVBd2x3VlhRdXlGVmx6bE0zV2RxaXQ4QXdnUTVOdGgzR19vUUZNYm00QV9YWTBMcjYxS2ZqRklLek9IanUzOXBmdEpwR0JhdllkeEFQOVEtd3EzMG9Ub3Vha013VzhVb3huWURFRzhGdGpWWmdGOEVidFpaYUtOelhHT3ZOaU92b1QxR2dqOUIzcGVKdVlybjNrUQ?oc=5,news headline,Low,inference,"Thu, 27 Nov 2025"
Focuses On Family Office,Google News RSS,Unconfirmed,described as family office in gathered text; SFO/MFO split unproven,,,,,,25,Rejected,"existence unproven: no SEC entity, website, registry location, or named principal",,,,,,,,,,,,,,,,,,,,,,,,,,,,,,,,,,,,,,,,,,,,,,,,,,,,,,,"Hedge Fund Tycoon Steps Back From Firm, Focuses On Family Office - Report - Family Wealth Report",https://news.google.com/rss/articles/CBMiwwFBVV95cUxORnNIU3RfYUdxc2p6RUNHSFp6LXlZaVEwOTVQMTE2bkd2cEd6SkFiWkdBSzdxVWNjWXliWGhpNmMzT21ua1lhVjRVNERwWkxaN2gzUlJSS2t3ZHlOWHVwM3FzR0w0VDN1TWtXQmdfcFExSXlwRjNTM2FKXy1OWFlHdUdlUDBjTzd1VEZyNm9wUGhtSEFxVTVBRy1OTjZJVF85TWhVM2dEY2RLQU5ENFRXREVrVEk5VU95RVBlWlI2MzZqajQ?oc=5,news headline,Low,inference,"Mon, 27 Jan 2020"
Back Geneva Family Office,Google News RSS,Unconfirmed,described as family office in gathered text; SFO/MFO split unproven,,,,,,25,Rejected,"existence unproven: no SEC entity, website, registry location, or named principal",,,,,,,,,,,,,,,,,,,,,,,,,,,,,,,,,,,,,,,,,,,,,,,,,,,,,,,JPMorgan Scales Back Geneva Family Office Ambitions - finews.com,https://news.google.com/rss/articles/CBMinwFBVV95cUxPSWc3UVlHYUszaU1zRFhHOGJtc0pqdzJETko2eXJqMmxCbTBqV3AxUnNNVm5yc0pGVnhKejdzZXUtQS1KZWE5N2NqcnMyeDZFSHlkZ1NnZDZLVFVNa3diS00wd3hSai1rSUwxNjJzWjQtd2wzQmxHOWU0NW5xREJqdXNOd2lsOUdjZ25PYmRrNTNqMjMtOHdRbFBGaGgyRDg?oc=5,news headline,Low,inference,"Wed, 09 Aug 2023"
UK-Based Family Office,Google News RSS,Unconfirmed,described as family office in gathered text; SFO/MFO split unproven,,,,,,25,Rejected,"existence unproven: no SEC entity, website, registry location, or named principal",,,,,,,,,,,,,,,,,,,,,,,,,,,,,,,,,,,,,,,,,,,,,,,,,,,,,,,UK-Based Family Office Buys Back High-End Flexible Offices Business - Report - Wealth Briefing,https://news.google.com/rss/articles/CBMi1wFBVV95cUxNZ2xIMVNwb2tnUWItUzY3c2s0SEZXX0N4dFpYWHJ5TUZQNjh2UDk3Vy1OY0pqUzljOE43c1BOU0FzdVlTRXh2Wm4wcER5VXFRemxJakFITUJUN1pXZHRPTWlidHB5YjNyazZwUGZCV0pXa0lvbDFPRG13V3YxZW54YTAtZk1jNE9ZR21sdGs2R3FNMzB4M0FBUDg0RmdOVGNSakNxUFNJZnpnaWhYRjBpMTkyazNZMV9WblN2U2VPZUZLR3VLOWJFejZLS0RBNGo3bFFOQnRHNA?oc=5,news headline,Low,inference,"Tue, 23 Feb 2021"
Narotam Sekhsaria Family Office,Google News RSS,Unconfirmed,described as family office in gathered text; SFO/MFO split unproven,,,,,,25,Rejected,"existence unproven: no SEC entity, website, registry location, or named principal",,,,,,,,,,,,,,,,,,,,,,,,,,,,,,,,,,,,,,,,,,,,,,,,,,,,,,,Narotam Sekhsaria Family Office Backs IPO-bound Drone Maker Garuda Aerospace - BW Disrupt,https://news.google.com/rss/articles/CBMiuAFBVV95cUxNN01vZUtGeXd3RkgwWkc4R01mWFE5RUZQS2NjVjJUY3FuVXdPbUpXam0yRjNnVTZwbjBuQzdIT2dXTzM1UXVGak9oS210bGJMdUxHckNRVXNqRjRZc0NsWXhTMDJjZXNDTkJtOGdkelF4eHp3cmdhM0pQdUhGT2JIU1huM1NadW9YNnlIWUNXUUJVTFZoMjVnX2szLV91WWxqVGltZGpjMkpwMnlsQTBiQ0FLTDctbXZP?oc=5,news headline,Low,inference,"Wed, 11 Jun 2025"
